window_diameter_mm,height_tolerance_um,flattening_minimum,outer_mean_absolute_relative_error,outer_rms_relative_error,outer_max_relative_error,outer_mean_contact_iou,outer_mean_contact_precision,outer_mean_contact_recall,outer_curvature_mean_relative_error,outer_binary_mean_relative_error,outer_mean_contact_overlap,outer_plane_floor_median_um,outer_plane_floor_p95_um,outer_plane_floor_mad_um,outer_plane_floor_face_count,above_numerical_floor
0.6,5.0,0.1,0.0896588333826566,0.09628120699622113,0.126242551249111,0.9099099493914272,0.9997153936917511,0.9101626892922867,0.21051774885691213,0.16580531503582982,0.9812244611442192,0.14725590666808913,1.3685239289661588,0.15187015785896502,2669,1
0.6,5.0,0.15000000000000002,0.1008446343065266,0.10643559585505785,0.13333865757075855,0.8992445226318536,1.0,0.8992445226318536,0.21051774885691213,0.16580531503582982,0.9812244611442192,0.14725590666808913,1.3685239289661588,0.15187015785896502,2669,1
0.6,5.0,0.20000000000000004,0.11442905964996605,0.1190823089853766,0.1523249506873109,0.8856587496893326,1.0,0.8856587496893326,0.21051774885691213,0.16580531503582982,0.9812244611442192,0.14725590666808913,1.3685239289661588,0.15187015785896502,2669,1
0.6,5.0,0.25000000000000006,0.13005011320994925,0.1340208064959528,0.16173383663475632,0.8700361579089894,1.0,0.8700361579089894,0.21051774885691213,0.16580531503582982,0.9812244611442192,0.14725590666808913,1.3685239289661588,0.15187015785896502,2669,1
0.6,5.0,0.30000000000000004,0.14218059733764016,0.1459760603237294,0.17465825259012627,0.8579044748786021,1.0,0.8579044748786021,0.21051774885691213,0.16580531503582982,0.9812244611442192,0.14725590666808913,1.3685239289661588,0.15187015785896502,2669,1
0.6,5.0,0.3500000000000001,0.156612621225453,0.16018890360336577,0.18482145504744488,0.8434710179946744,1.0,0.8434710179946744,0.21051774885691213,0.16580531503582982,0.9812244611442192,0.14725590666808913,1.3685239289661588,0.15187015785896502,2669,1
0.6,5.0,0.40000000000000013,0.1691365984328386,0.17198225844450968,0.2002117157420396,0.8309458470549504,1.0,0.8309458470549504,0.21051774885691213,0.16580531503582982,0.9812244611442192,0.14725590666808913,1.3685239289661588,0.15187015785896502,2669,1
0.6,5.0,0.45000000000000007,0.18770827411257238,0.18962089790253636,0.21931242896776396,0.8123724412533259,1.0,0.8123724412533259,0.21051774885691213,0.16580531503582982,0.9812244611442192,0.14725590666808913,1.3685239289661588,0.15187015785896502,2669,1
0.6,5.0,0.5000000000000001,0.20661985957568713,0.2077631843203209,0.22882907172314892,0.793458987183585,1.0,0.793458987183585,0.21051774885691213,0.16580531503582982,0.9812244611442192,0.14725590666808913,1.3685239289661588,0.15187015785896502,2669,1
0.6,5.0,0.5500000000000002,0.2143248280172611,0.21491562109497186,0.23472096636008652,0.785753395140107,1.0,0.785753395140107,0.21051774885691213,0.16580531503582982,0.9812244611442192,0.14725590666808913,1.3685239289661588,0.15187015785896502,2669,1
0.6,5.0,0.6000000000000002,0.22576246656697746,0.22652963213792343,0.24688630910907594,0.7743145362542926,1.0,0.7743145362542926,0.21051774885691213,0.16580531503582982,0.9812244611442192,0.14725590666808913,1.3685239289661588,0.15187015785896502,2669,1
0.6,5.0,0.6500000000000001,0.24165118897145413,0.2423836865105676,0.26227008310007777,0.7584241829086783,1.0,0.7584241829086783,0.21051774885691213,0.16580531503582982,0.9812244611442192,0.14725590666808913,1.3685239289661588,0.15187015785896502,2669,1
0.6,5.0,0.7000000000000002,0.26139408143266657,0.26163836213909586,0.27472433370457056,0.7386794620256961,1.0,0.7386794620256961,0.21051774885691213,0.16580531503582982,0.9812244611442192,0.14725590666808913,1.3685239289661588,0.15187015785896502,2669,1
0.6,5.0,0.7500000000000002,0.28261651582950825,0.28285449052460515,0.29529393989777364,0.7174548743421115,1.0,0.7174548743421115,0.21051774885691213,0.16580531503582982,0.9812244611442192,0.14725590666808913,1.3685239289661588,0.15187015785896502,2669,1
0.6,5.0,0.8000000000000002,0.31580049815306677,0.3160982822924311,0.33843124995665635,0.6842675310018619,1.0,0.6842675310018616,0.21051774885691213,0.16580531503582982,0.9812244611442192,0.14725590666808913,1.3685239289661588,0.15187015785896502,2669,1
0.6,5.0,0.8500000000000002,0.3587917301751551,0.35921273367082135,0.38380087485426223,0.6412718985972603,1.0,0.6412718985972603,0.21051774885691213,0.16580531503582982,0.9812244611442192,0.14725590666808913,1.3685239289661588,0.15187015785896502,2669,1
0.6,5.0,0.9000000000000002,0.4010948863080417,0.40215009714841177,0.4394744974288128,0.5989644890006964,1.0,0.5989644890006964,0.21051774885691213,0.16580531503582982,0.9812244611442192,0.14725590666808913,1.3685239289661588,0.15187015785896502,2669,1
0.6,5.0,0.9500000000000003,0.5030933350327709,0.5075436698041154,0.5744448600065688,0.4969549341620713,1.0,0.4969549341620713,0.21051774885691213,0.16580531503582982,0.9812244611442192,0.14725590666808913,1.3685239289661588,0.15187015785896502,2669,1
0.6,5.5,0.1,0.0896588333826566,0.09628120699622113,0.126242551249111,0.9099099493914272,0.9997153936917511,0.9101626892922867,0.21051774885691213,0.14977485860810633,0.9812244611442192,0.14725590666808913,1.3685239289661588,0.15187015785896502,2669,1
0.6,5.5,0.15000000000000002,0.1008446343065266,0.10643559585505785,0.13333865757075855,0.8992445226318536,1.0,0.8992445226318536,0.21051774885691213,0.14977485860810633,0.9812244611442192,0.14725590666808913,1.3685239289661588,0.15187015785896502,2669,1
0.6,5.5,0.20000000000000004,0.11442905964996605,0.1190823089853766,0.1523249506873109,0.8856587496893326,1.0,0.8856587496893326,0.21051774885691213,0.14977485860810633,0.9812244611442192,0.14725590666808913,1.3685239289661588,0.15187015785896502,2669,1
0.6,5.5,0.25000000000000006,0.13005011320994925,0.1340208064959528,0.16173383663475632,0.8700361579089894,1.0,0.8700361579089894,0.21051774885691213,0.14977485860810633,0.9812244611442192,0.14725590666808913,1.3685239289661588,0.15187015785896502,2669,1
0.6,5.5,0.30000000000000004,0.14218059733764016,0.1459760603237294,0.17465825259012627,0.8579044748786021,1.0,0.8579044748786021,0.21051774885691213,0.14977485860810633,0.9812244611442192,0.14725590666808913,1.3685239289661588,0.15187015785896502,2669,1
0.6,5.5,0.3500000000000001,0.156612621225453,0.16018890360336577,0.18482145504744488,0.8434710179946744,1.0,0.8434710179946744,0.21051774885691213,0.14977485860810633,0.9812244611442192,0.14725590666808913,1.3685239289661588,0.15187015785896502,2669,1
0.6,5.5,0.40000000000000013,0.1691365984328386,0.17198225844450968,0.2002117157420396,0.8309458470549504,1.0,0.8309458470549504,0.21051774885691213,0.14977485860810633,0.9812244611442192,0.14725590666808913,1.3685239289661588,0.15187015785896502,2669,1
0.6,5.5,0.45000000000000007,0.18770827411257238,0.18962089790253636,0.21931242896776396,0.8123724412533259,1.0,0.8123724412533259,0.21051774885691213,0.14977485860810633,0.9812244611442192,0.14725590666808913,1.3685239289661588,0.15187015785896502,2669,1
0.6,5.5,0.5000000000000001,0.20661985957568713,0.2077631843203209,0.22882907172314892,0.793458987183585,1.0,0.793458987183585,0.21051774885691213,0.14977485860810633,0.9812244611442192,0.14725590666808913,1.3685239289661588,0.15187015785896502,2669,1
0.6,5.5,0.5500000000000002,0.2143248280172611,0.21491562109497186,0.23472096636008652,0.785753395140107,1.0,0.785753395140107,0.21051774885691213,0.14977485860810633,0.9812244611442192,0.14725590666808913,1.3685239289661588,0.15187015785896502,2669,1
0.6,5.5,0.6000000000000002,0.22576246656697746,0.22652963213792343,0.24688630910907594,0.7743145362542926,1.0,0.7743145362542926,0.21051774885691213,0.14977485860810633,0.9812244611442192,0.14725590666808913,1.3685239289661588,0.15187015785896502,2669,1
0.6,5.5,0.6500000000000001,0.24165118897145413,0.2423836865105676,0.26227008310007777,0.7584241829086783,1.0,0.7584241829086783,0.21051774885691213,0.14977485860810633,0.9812244611442192,0.14725590666808913,1.3685239289661588,0.15187015785896502,2669,1
0.6,5.5,0.7000000000000002,0.26139408143266657,0.26163836213909586,0.27472433370457056,0.7386794620256961,1.0,0.7386794620256961,0.21051774885691213,0.14977485860810633,0.9812244611442192,0.14725590666808913,1.3685239289661588,0.15187015785896502,2669,1
0.6,5.5,0.7500000000000002,0.28261651582950825,0.28285449052460515,0.29529393989777364,0.7174548743421115,1.0,0.7174548743421115,0.21051774885691213,0.14977485860810633,0.9812244611442192,0.14725590666808913,1.3685239289661588,0.15187015785896502,2669,1
0.6,5.5,0.8000000000000002,0.31580049815306677,0.3160982822924311,0.33843124995665635,0.6842675310018619,1.0,0.6842675310018616,0.21051774885691213,0.14977485860810633,0.9812244611442192,0.14725590666808913,1.3685239289661588,0.15187015785896502,2669,1
0.6,5.5,0.8500000000000002,0.3587917301751551,0.35921273367082135,0.38380087485426223,0.6412718985972603,1.0,0.6412718985972603,0.21051774885691213,0.14977485860810633,0.9812244611442192,0.14725590666808913,1.3685239289661588,0.15187015785896502,2669,1
0.6,5.5,0.9000000000000002,0.4010948863080417,0.40215009714841177,0.4394744974288128,0.5989644890006964,1.0,0.5989644890006964,0.21051774885691213,0.14977485860810633,0.9812244611442192,0.14725590666808913,1.3685239289661588,0.15187015785896502,2669,1
0.6,5.5,0.9500000000000003,0.5030933350327709,0.5075436698041154,0.5744448600065688,0.4969549341620713,1.0,0.4969549341620713,0.21051774885691213,0.14977485860810633,0.9812244611442192,0.14725590666808913,1.3685239289661588,0.15187015785896502,2669,1
0.6,6.0,0.1,0.0896588333826566,0.09628120699622113,0.126242551249111,0.9099099493914272,0.9997153936917511,0.9101626892922867,0.21051774885691213,0.1255558929053561,0.9812244611442192,0.14725590666808913,1.3685239289661588,0.15187015785896502,2669,1
0.6,6.0,0.15000000000000002,0.1008446343065266,0.10643559585505785,0.13333865757075855,0.8992445226318536,1.0,0.8992445226318536,0.21051774885691213,0.1255558929053561,0.9812244611442192,0.14725590666808913,1.3685239289661588,0.15187015785896502,2669,1
0.6,6.0,0.20000000000000004,0.11442905964996605,0.1190823089853766,0.1523249506873109,0.8856587496893326,1.0,0.8856587496893326,0.21051774885691213,0.1255558929053561,0.9812244611442192,0.14725590666808913,1.3685239289661588,0.15187015785896502,2669,1
0.6,6.0,0.25000000000000006,0.13005011320994925,0.1340208064959528,0.16173383663475632,0.8700361579089894,1.0,0.8700361579089894,0.21051774885691213,0.1255558929053561,0.9812244611442192,0.14725590666808913,1.3685239289661588,0.15187015785896502,2669,1
0.6,6.0,0.30000000000000004,0.14218059733764016,0.1459760603237294,0.17465825259012627,0.8579044748786021,1.0,0.8579044748786021,0.21051774885691213,0.1255558929053561,0.9812244611442192,0.14725590666808913,1.3685239289661588,0.15187015785896502,2669,1
0.6,6.0,0.3500000000000001,0.156612621225453,0.16018890360336577,0.18482145504744488,0.8434710179946744,1.0,0.8434710179946744,0.21051774885691213,0.1255558929053561,0.9812244611442192,0.14725590666808913,1.3685239289661588,0.15187015785896502,2669,1
0.6,6.0,0.40000000000000013,0.1691365984328386,0.17198225844450968,0.2002117157420396,0.8309458470549504,1.0,0.8309458470549504,0.21051774885691213,0.1255558929053561,0.9812244611442192,0.14725590666808913,1.3685239289661588,0.15187015785896502,2669,1
0.6,6.0,0.45000000000000007,0.18770827411257238,0.18962089790253636,0.21931242896776396,0.8123724412533259,1.0,0.8123724412533259,0.21051774885691213,0.1255558929053561,0.9812244611442192,0.14725590666808913,1.3685239289661588,0.15187015785896502,2669,1
0.6,6.0,0.5000000000000001,0.20661985957568713,0.2077631843203209,0.22882907172314892,0.793458987183585,1.0,0.793458987183585,0.21051774885691213,0.1255558929053561,0.9812244611442192,0.14725590666808913,1.3685239289661588,0.15187015785896502,2669,1
0.6,6.0,0.5500000000000002,0.2143248280172611,0.21491562109497186,0.23472096636008652,0.785753395140107,1.0,0.785753395140107,0.21051774885691213,0.1255558929053561,0.9812244611442192,0.14725590666808913,1.3685239289661588,0.15187015785896502,2669,1
0.6,6.0,0.6000000000000002,0.22576246656697746,0.22652963213792343,0.24688630910907594,0.7743145362542926,1.0,0.7743145362542926,0.21051774885691213,0.1255558929053561,0.9812244611442192,0.14725590666808913,1.3685239289661588,0.15187015785896502,2669,1
0.6,6.0,0.6500000000000001,0.24165118897145413,0.2423836865105676,0.26227008310007777,0.7584241829086783,1.0,0.7584241829086783,0.21051774885691213,0.1255558929053561,0.9812244611442192,0.14725590666808913,1.3685239289661588,0.15187015785896502,2669,1
0.6,6.0,0.7000000000000002,0.26139408143266657,0.26163836213909586,0.27472433370457056,0.7386794620256961,1.0,0.7386794620256961,0.21051774885691213,0.1255558929053561,0.9812244611442192,0.14725590666808913,1.3685239289661588,0.15187015785896502,2669,1
0.6,6.0,0.7500000000000002,0.28261651582950825,0.28285449052460515,0.29529393989777364,0.7174548743421115,1.0,0.7174548743421115,0.21051774885691213,0.1255558929053561,0.9812244611442192,0.14725590666808913,1.3685239289661588,0.15187015785896502,2669,1
0.6,6.0,0.8000000000000002,0.31580049815306677,0.3160982822924311,0.33843124995665635,0.6842675310018619,1.0,0.6842675310018616,0.21051774885691213,0.1255558929053561,0.9812244611442192,0.14725590666808913,1.3685239289661588,0.15187015785896502,2669,1
0.6,6.0,0.8500000000000002,0.3587917301751551,0.35921273367082135,0.38380087485426223,0.6412718985972603,1.0,0.6412718985972603,0.21051774885691213,0.1255558929053561,0.9812244611442192,0.14725590666808913,1.3685239289661588,0.15187015785896502,2669,1
0.6,6.0,0.9000000000000002,0.4010948863080417,0.40215009714841177,0.4394744974288128,0.5989644890006964,1.0,0.5989644890006964,0.21051774885691213,0.1255558929053561,0.9812244611442192,0.14725590666808913,1.3685239289661588,0.15187015785896502,2669,1
0.6,6.0,0.9500000000000003,0.5030933350327709,0.5075436698041154,0.5744448600065688,0.4969549341620713,1.0,0.4969549341620713,0.21051774885691213,0.1255558929053561,0.9812244611442192,0.14725590666808913,1.3685239289661588,0.15187015785896502,2669,1
0.6,6.5,0.1,0.0896588333826566,0.09628120699622113,0.126242551249111,0.9099099493914272,0.9997153936917511,0.9101626892922867,0.21051774885691213,0.11152566115476467,0.9812244611442192,0.14725590666808913,1.3685239289661588,0.15187015785896502,2669,1
0.6,6.5,0.15000000000000002,0.1008446343065266,0.10643559585505785,0.13333865757075855,0.8992445226318536,1.0,0.8992445226318536,0.21051774885691213,0.11152566115476467,0.9812244611442192,0.14725590666808913,1.3685239289661588,0.15187015785896502,2669,1
0.6,6.5,0.20000000000000004,0.11442905964996605,0.1190823089853766,0.1523249506873109,0.8856587496893326,1.0,0.8856587496893326,0.21051774885691213,0.11152566115476467,0.9812244611442192,0.14725590666808913,1.3685239289661588,0.15187015785896502,2669,1
0.6,6.5,0.25000000000000006,0.13005011320994925,0.1340208064959528,0.16173383663475632,0.8700361579089894,1.0,0.8700361579089894,0.21051774885691213,0.11152566115476467,0.9812244611442192,0.14725590666808913,1.3685239289661588,0.15187015785896502,2669,1
0.6,6.5,0.30000000000000004,0.14218059733764016,0.1459760603237294,0.17465825259012627,0.8579044748786021,1.0,0.8579044748786021,0.21051774885691213,0.11152566115476467,0.9812244611442192,0.14725590666808913,1.3685239289661588,0.15187015785896502,2669,1
0.6,6.5,0.3500000000000001,0.156612621225453,0.16018890360336577,0.18482145504744488,0.8434710179946744,1.0,0.8434710179946744,0.21051774885691213,0.11152566115476467,0.9812244611442192,0.14725590666808913,1.3685239289661588,0.15187015785896502,2669,1
0.6,6.5,0.40000000000000013,0.1691365984328386,0.17198225844450968,0.2002117157420396,0.8309458470549504,1.0,0.8309458470549504,0.21051774885691213,0.11152566115476467,0.9812244611442192,0.14725590666808913,1.3685239289661588,0.15187015785896502,2669,1
0.6,6.5,0.45000000000000007,0.18770827411257238,0.18962089790253636,0.21931242896776396,0.8123724412533259,1.0,0.8123724412533259,0.21051774885691213,0.11152566115476467,0.9812244611442192,0.14725590666808913,1.3685239289661588,0.15187015785896502,2669,1
0.6,6.5,0.5000000000000001,0.20661985957568713,0.2077631843203209,0.22882907172314892,0.793458987183585,1.0,0.793458987183585,0.21051774885691213,0.11152566115476467,0.9812244611442192,0.14725590666808913,1.3685239289661588,0.15187015785896502,2669,1
0.6,6.5,0.5500000000000002,0.2143248280172611,0.21491562109497186,0.23472096636008652,0.785753395140107,1.0,0.785753395140107,0.21051774885691213,0.11152566115476467,0.9812244611442192,0.14725590666808913,1.3685239289661588,0.15187015785896502,2669,1
0.6,6.5,0.6000000000000002,0.22576246656697746,0.22652963213792343,0.24688630910907594,0.7743145362542926,1.0,0.7743145362542926,0.21051774885691213,0.11152566115476467,0.9812244611442192,0.14725590666808913,1.3685239289661588,0.15187015785896502,2669,1
0.6,6.5,0.6500000000000001,0.24165118897145413,0.2423836865105676,0.26227008310007777,0.7584241829086783,1.0,0.7584241829086783,0.21051774885691213,0.11152566115476467,0.9812244611442192,0.14725590666808913,1.3685239289661588,0.15187015785896502,2669,1
0.6,6.5,0.7000000000000002,0.26139408143266657,0.26163836213909586,0.27472433370457056,0.7386794620256961,1.0,0.7386794620256961,0.21051774885691213,0.11152566115476467,0.9812244611442192,0.14725590666808913,1.3685239289661588,0.15187015785896502,2669,1
0.6,6.5,0.7500000000000002,0.28261651582950825,0.28285449052460515,0.29529393989777364,0.7174548743421115,1.0,0.7174548743421115,0.21051774885691213,0.11152566115476467,0.9812244611442192,0.14725590666808913,1.3685239289661588,0.15187015785896502,2669,1
0.6,6.5,0.8000000000000002,0.31580049815306677,0.3160982822924311,0.33843124995665635,0.6842675310018619,1.0,0.6842675310018616,0.21051774885691213,0.11152566115476467,0.9812244611442192,0.14725590666808913,1.3685239289661588,0.15187015785896502,2669,1
0.6,6.5,0.8500000000000002,0.3587917301751551,0.35921273367082135,0.38380087485426223,0.6412718985972603,1.0,0.6412718985972603,0.21051774885691213,0.11152566115476467,0.9812244611442192,0.14725590666808913,1.3685239289661588,0.15187015785896502,2669,1
0.6,6.5,0.9000000000000002,0.4010948863080417,0.40215009714841177,0.4394744974288128,0.5989644890006964,1.0,0.5989644890006964,0.21051774885691213,0.11152566115476467,0.9812244611442192,0.14725590666808913,1.3685239289661588,0.15187015785896502,2669,1
0.6,6.5,0.9500000000000003,0.5030933350327709,0.5075436698041154,0.5744448600065688,0.4969549341620713,1.0,0.4969549341620713,0.21051774885691213,0.11152566115476467,0.9812244611442192,0.14725590666808913,1.3685239289661588,0.15187015785896502,2669,1
0.6,7.0,0.1,0.0896588333826566,0.09628120699622113,0.126242551249111,0.9099099493914272,0.9997153936917511,0.9101626892922867,0.21051774885691213,0.09469243442631901,0.9812244611442192,0.14725590666808913,1.3685239289661588,0.15187015785896502,2669,1
0.6,7.0,0.15000000000000002,0.1008446343065266,0.10643559585505785,0.13333865757075855,0.8992445226318536,1.0,0.8992445226318536,0.21051774885691213,0.09469243442631901,0.9812244611442192,0.14725590666808913,1.3685239289661588,0.15187015785896502,2669,1
0.6,7.0,0.20000000000000004,0.11442905964996605,0.1190823089853766,0.1523249506873109,0.8856587496893326,1.0,0.8856587496893326,0.21051774885691213,0.09469243442631901,0.9812244611442192,0.14725590666808913,1.3685239289661588,0.15187015785896502,2669,1
0.6,7.0,0.25000000000000006,0.13005011320994925,0.1340208064959528,0.16173383663475632,0.8700361579089894,1.0,0.8700361579089894,0.21051774885691213,0.09469243442631901,0.9812244611442192,0.14725590666808913,1.3685239289661588,0.15187015785896502,2669,1
0.6,7.0,0.30000000000000004,0.14218059733764016,0.1459760603237294,0.17465825259012627,0.8579044748786021,1.0,0.8579044748786021,0.21051774885691213,0.09469243442631901,0.9812244611442192,0.14725590666808913,1.3685239289661588,0.15187015785896502,2669,1
0.6,7.0,0.3500000000000001,0.156612621225453,0.16018890360336577,0.18482145504744488,0.8434710179946744,1.0,0.8434710179946744,0.21051774885691213,0.09469243442631901,0.9812244611442192,0.14725590666808913,1.3685239289661588,0.15187015785896502,2669,1
0.6,7.0,0.40000000000000013,0.1691365984328386,0.17198225844450968,0.2002117157420396,0.8309458470549504,1.0,0.8309458470549504,0.21051774885691213,0.09469243442631901,0.9812244611442192,0.14725590666808913,1.3685239289661588,0.15187015785896502,2669,1
0.6,7.0,0.45000000000000007,0.18770827411257238,0.18962089790253636,0.21931242896776396,0.8123724412533259,1.0,0.8123724412533259,0.21051774885691213,0.09469243442631901,0.9812244611442192,0.14725590666808913,1.3685239289661588,0.15187015785896502,2669,1
0.6,7.0,0.5000000000000001,0.20661985957568713,0.2077631843203209,0.22882907172314892,0.793458987183585,1.0,0.793458987183585,0.21051774885691213,0.09469243442631901,0.9812244611442192,0.14725590666808913,1.3685239289661588,0.15187015785896502,2669,1
0.6,7.0,0.5500000000000002,0.2143248280172611,0.21491562109497186,0.23472096636008652,0.785753395140107,1.0,0.785753395140107,0.21051774885691213,0.09469243442631901,0.9812244611442192,0.14725590666808913,1.3685239289661588,0.15187015785896502,2669,1
0.6,7.0,0.6000000000000002,0.22576246656697746,0.22652963213792343,0.24688630910907594,0.7743145362542926,1.0,0.7743145362542926,0.21051774885691213,0.09469243442631901,0.9812244611442192,0.14725590666808913,1.3685239289661588,0.15187015785896502,2669,1
0.6,7.0,0.6500000000000001,0.24165118897145413,0.2423836865105676,0.26227008310007777,0.7584241829086783,1.0,0.7584241829086783,0.21051774885691213,0.09469243442631901,0.9812244611442192,0.14725590666808913,1.3685239289661588,0.15187015785896502,2669,1
0.6,7.0,0.7000000000000002,0.26139408143266657,0.26163836213909586,0.27472433370457056,0.7386794620256961,1.0,0.7386794620256961,0.21051774885691213,0.09469243442631901,0.9812244611442192,0.14725590666808913,1.3685239289661588,0.15187015785896502,2669,1
0.6,7.0,0.7500000000000002,0.28261651582950825,0.28285449052460515,0.29529393989777364,0.7174548743421115,1.0,0.7174548743421115,0.21051774885691213,0.09469243442631901,0.9812244611442192,0.14725590666808913,1.3685239289661588,0.15187015785896502,2669,1
0.6,7.0,0.8000000000000002,0.31580049815306677,0.3160982822924311,0.33843124995665635,0.6842675310018619,1.0,0.6842675310018616,0.21051774885691213,0.09469243442631901,0.9812244611442192,0.14725590666808913,1.3685239289661588,0.15187015785896502,2669,1
0.6,7.0,0.8500000000000002,0.3587917301751551,0.35921273367082135,0.38380087485426223,0.6412718985972603,1.0,0.6412718985972603,0.21051774885691213,0.09469243442631901,0.9812244611442192,0.14725590666808913,1.3685239289661588,0.15187015785896502,2669,1
0.6,7.0,0.9000000000000002,0.4010948863080417,0.40215009714841177,0.4394744974288128,0.5989644890006964,1.0,0.5989644890006964,0.21051774885691213,0.09469243442631901,0.9812244611442192,0.14725590666808913,1.3685239289661588,0.15187015785896502,2669,1
0.6,7.0,0.9500000000000003,0.5030933350327709,0.5075436698041154,0.5744448600065688,0.4969549341620713,1.0,0.4969549341620713,0.21051774885691213,0.09469243442631901,0.9812244611442192,0.14725590666808913,1.3685239289661588,0.15187015785896502,2669,1
0.6,7.5,0.1,0.0896588333826566,0.09628120699622113,0.126242551249111,0.9099099493914272,0.9997153936917511,0.9101626892922867,0.21051774885691213,0.07573499412560815,0.9812244611442192,0.14725590666808913,1.3685239289661588,0.15187015785896502,2669,1
0.6,7.5,0.15000000000000002,0.1008446343065266,0.10643559585505785,0.13333865757075855,0.8992445226318536,1.0,0.8992445226318536,0.21051774885691213,0.07573499412560815,0.9812244611442192,0.14725590666808913,1.3685239289661588,0.15187015785896502,2669,1
0.6,7.5,0.20000000000000004,0.11442905964996605,0.1190823089853766,0.1523249506873109,0.8856587496893326,1.0,0.8856587496893326,0.21051774885691213,0.07573499412560815,0.9812244611442192,0.14725590666808913,1.3685239289661588,0.15187015785896502,2669,1
0.6,7.5,0.25000000000000006,0.13005011320994925,0.1340208064959528,0.16173383663475632,0.8700361579089894,1.0,0.8700361579089894,0.21051774885691213,0.07573499412560815,0.9812244611442192,0.14725590666808913,1.3685239289661588,0.15187015785896502,2669,1
0.6,7.5,0.30000000000000004,0.14218059733764016,0.1459760603237294,0.17465825259012627,0.8579044748786021,1.0,0.8579044748786021,0.21051774885691213,0.07573499412560815,0.9812244611442192,0.14725590666808913,1.3685239289661588,0.15187015785896502,2669,1
0.6,7.5,0.3500000000000001,0.156612621225453,0.16018890360336577,0.18482145504744488,0.8434710179946744,1.0,0.8434710179946744,0.21051774885691213,0.07573499412560815,0.9812244611442192,0.14725590666808913,1.3685239289661588,0.15187015785896502,2669,1
0.6,7.5,0.40000000000000013,0.1691365984328386,0.17198225844450968,0.2002117157420396,0.8309458470549504,1.0,0.8309458470549504,0.21051774885691213,0.07573499412560815,0.9812244611442192,0.14725590666808913,1.3685239289661588,0.15187015785896502,2669,1
0.6,7.5,0.45000000000000007,0.18770827411257238,0.18962089790253636,0.21931242896776396,0.8123724412533259,1.0,0.8123724412533259,0.21051774885691213,0.07573499412560815,0.9812244611442192,0.14725590666808913,1.3685239289661588,0.15187015785896502,2669,1
0.6,7.5,0.5000000000000001,0.20661985957568713,0.2077631843203209,0.22882907172314892,0.793458987183585,1.0,0.793458987183585,0.21051774885691213,0.07573499412560815,0.9812244611442192,0.14725590666808913,1.3685239289661588,0.15187015785896502,2669,1
0.6,7.5,0.5500000000000002,0.2143248280172611,0.21491562109497186,0.23472096636008652,0.785753395140107,1.0,0.785753395140107,0.21051774885691213,0.07573499412560815,0.9812244611442192,0.14725590666808913,1.3685239289661588,0.15187015785896502,2669,1
0.6,7.5,0.6000000000000002,0.22576246656697746,0.22652963213792343,0.24688630910907594,0.7743145362542926,1.0,0.7743145362542926,0.21051774885691213,0.07573499412560815,0.9812244611442192,0.14725590666808913,1.3685239289661588,0.15187015785896502,2669,1
0.6,7.5,0.6500000000000001,0.24165118897145413,0.2423836865105676,0.26227008310007777,0.7584241829086783,1.0,0.7584241829086783,0.21051774885691213,0.07573499412560815,0.9812244611442192,0.14725590666808913,1.3685239289661588,0.15187015785896502,2669,1
0.6,7.5,0.7000000000000002,0.26139408143266657,0.26163836213909586,0.27472433370457056,0.7386794620256961,1.0,0.7386794620256961,0.21051774885691213,0.07573499412560815,0.9812244611442192,0.14725590666808913,1.3685239289661588,0.15187015785896502,2669,1
0.6,7.5,0.7500000000000002,0.28261651582950825,0.28285449052460515,0.29529393989777364,0.7174548743421115,1.0,0.7174548743421115,0.21051774885691213,0.07573499412560815,0.9812244611442192,0.14725590666808913,1.3685239289661588,0.15187015785896502,2669,1
0.6,7.5,0.8000000000000002,0.31580049815306677,0.3160982822924311,0.33843124995665635,0.6842675310018619,1.0,0.6842675310018616,0.21051774885691213,0.07573499412560815,0.9812244611442192,0.14725590666808913,1.3685239289661588,0.15187015785896502,2669,1
0.6,7.5,0.8500000000000002,0.3587917301751551,0.35921273367082135,0.38380087485426223,0.6412718985972603,1.0,0.6412718985972603,0.21051774885691213,0.07573499412560815,0.9812244611442192,0.14725590666808913,1.3685239289661588,0.15187015785896502,2669,1
0.6,7.5,0.9000000000000002,0.4010948863080417,0.40215009714841177,0.4394744974288128,0.5989644890006964,1.0,0.5989644890006964,0.21051774885691213,0.07573499412560815,0.9812244611442192,0.14725590666808913,1.3685239289661588,0.15187015785896502,2669,1
0.6,7.5,0.9500000000000003,0.5030933350327709,0.5075436698041154,0.5744448600065688,0.4969549341620713,1.0,0.4969549341620713,0.21051774885691213,0.07573499412560815,0.9812244611442192,0.14725590666808913,1.3685239289661588,0.15187015785896502,2669,1
0.6,8.0,0.1,0.0896588333826566,0.09628120699622113,0.126242551249111,0.9099099493914272,0.9997153936917511,0.9101626892922867,0.21051774885691213,0.06941629934903133,0.9812244611442192,0.14725590666808913,1.3685239289661588,0.15187015785896502,2669,1
0.6,8.0,0.15000000000000002,0.1008446343065266,0.10643559585505785,0.13333865757075855,0.8992445226318536,1.0,0.8992445226318536,0.21051774885691213,0.06941629934903133,0.9812244611442192,0.14725590666808913,1.3685239289661588,0.15187015785896502,2669,1
0.6,8.0,0.20000000000000004,0.11442905964996605,0.1190823089853766,0.1523249506873109,0.8856587496893326,1.0,0.8856587496893326,0.21051774885691213,0.06941629934903133,0.9812244611442192,0.14725590666808913,1.3685239289661588,0.15187015785896502,2669,1
0.6,8.0,0.25000000000000006,0.13005011320994925,0.1340208064959528,0.16173383663475632,0.8700361579089894,1.0,0.8700361579089894,0.21051774885691213,0.06941629934903133,0.9812244611442192,0.14725590666808913,1.3685239289661588,0.15187015785896502,2669,1
0.6,8.0,0.30000000000000004,0.14218059733764016,0.1459760603237294,0.17465825259012627,0.8579044748786021,1.0,0.8579044748786021,0.21051774885691213,0.06941629934903133,0.9812244611442192,0.14725590666808913,1.3685239289661588,0.15187015785896502,2669,1
0.6,8.0,0.3500000000000001,0.156612621225453,0.16018890360336577,0.18482145504744488,0.8434710179946744,1.0,0.8434710179946744,0.21051774885691213,0.06941629934903133,0.9812244611442192,0.14725590666808913,1.3685239289661588,0.15187015785896502,2669,1
0.6,8.0,0.40000000000000013,0.1691365984328386,0.17198225844450968,0.2002117157420396,0.8309458470549504,1.0,0.8309458470549504,0.21051774885691213,0.06941629934903133,0.9812244611442192,0.14725590666808913,1.3685239289661588,0.15187015785896502,2669,1
0.6,8.0,0.45000000000000007,0.18770827411257238,0.18962089790253636,0.21931242896776396,0.8123724412533259,1.0,0.8123724412533259,0.21051774885691213,0.06941629934903133,0.9812244611442192,0.14725590666808913,1.3685239289661588,0.15187015785896502,2669,1
0.6,8.0,0.5000000000000001,0.20661985957568713,0.2077631843203209,0.22882907172314892,0.793458987183585,1.0,0.793458987183585,0.21051774885691213,0.06941629934903133,0.9812244611442192,0.14725590666808913,1.3685239289661588,0.15187015785896502,2669,1
0.6,8.0,0.5500000000000002,0.2143248280172611,0.21491562109497186,0.23472096636008652,0.785753395140107,1.0,0.785753395140107,0.21051774885691213,0.06941629934903133,0.9812244611442192,0.14725590666808913,1.3685239289661588,0.15187015785896502,2669,1
0.6,8.0,0.6000000000000002,0.22576246656697746,0.22652963213792343,0.24688630910907594,0.7743145362542926,1.0,0.7743145362542926,0.21051774885691213,0.06941629934903133,0.9812244611442192,0.14725590666808913,1.3685239289661588,0.15187015785896502,2669,1
0.6,8.0,0.6500000000000001,0.24165118897145413,0.2423836865105676,0.26227008310007777,0.7584241829086783,1.0,0.7584241829086783,0.21051774885691213,0.06941629934903133,0.9812244611442192,0.14725590666808913,1.3685239289661588,0.15187015785896502,2669,1
0.6,8.0,0.7000000000000002,0.26139408143266657,0.26163836213909586,0.27472433370457056,0.7386794620256961,1.0,0.7386794620256961,0.21051774885691213,0.06941629934903133,0.9812244611442192,0.14725590666808913,1.3685239289661588,0.15187015785896502,2669,1
0.6,8.0,0.7500000000000002,0.28261651582950825,0.28285449052460515,0.29529393989777364,0.7174548743421115,1.0,0.7174548743421115,0.21051774885691213,0.06941629934903133,0.9812244611442192,0.14725590666808913,1.3685239289661588,0.15187015785896502,2669,1
0.6,8.0,0.8000000000000002,0.31580049815306677,0.3160982822924311,0.33843124995665635,0.6842675310018619,1.0,0.6842675310018616,0.21051774885691213,0.06941629934903133,0.9812244611442192,0.14725590666808913,1.3685239289661588,0.15187015785896502,2669,1
0.6,8.0,0.8500000000000002,0.3587917301751551,0.35921273367082135,0.38380087485426223,0.6412718985972603,1.0,0.6412718985972603,0.21051774885691213,0.06941629934903133,0.9812244611442192,0.14725590666808913,1.3685239289661588,0.15187015785896502,2669,1
0.6,8.0,0.9000000000000002,0.4010948863080417,0.40215009714841177,0.4394744974288128,0.5989644890006964,1.0,0.5989644890006964,0.21051774885691213,0.06941629934903133,0.9812244611442192,0.14725590666808913,1.3685239289661588,0.15187015785896502,2669,1
0.6,8.0,0.9500000000000003,0.5030933350327709,0.5075436698041154,0.5744448600065688,0.4969549341620713,1.0,0.4969549341620713,0.21051774885691213,0.06941629934903133,0.9812244611442192,0.14725590666808913,1.3685239289661588,0.15187015785896502,2669,1
0.6,8.5,0.1,0.0896588333826566,0.09628120699622113,0.126242551249111,0.9099099493914272,0.9997153936917511,0.9101626892922867,0.21051774885691213,0.07187984690295976,0.9812244611442192,0.14725590666808913,1.3685239289661588,0.15187015785896502,2669,1
0.6,8.5,0.15000000000000002,0.1008446343065266,0.10643559585505785,0.13333865757075855,0.8992445226318536,1.0,0.8992445226318536,0.21051774885691213,0.07187984690295976,0.9812244611442192,0.14725590666808913,1.3685239289661588,0.15187015785896502,2669,1
0.6,8.5,0.20000000000000004,0.11442905964996605,0.1190823089853766,0.1523249506873109,0.8856587496893326,1.0,0.8856587496893326,0.21051774885691213,0.07187984690295976,0.9812244611442192,0.14725590666808913,1.3685239289661588,0.15187015785896502,2669,1
0.6,8.5,0.25000000000000006,0.13005011320994925,0.1340208064959528,0.16173383663475632,0.8700361579089894,1.0,0.8700361579089894,0.21051774885691213,0.07187984690295976,0.9812244611442192,0.14725590666808913,1.3685239289661588,0.15187015785896502,2669,1
0.6,8.5,0.30000000000000004,0.14218059733764016,0.1459760603237294,0.17465825259012627,0.8579044748786021,1.0,0.8579044748786021,0.21051774885691213,0.07187984690295976,0.9812244611442192,0.14725590666808913,1.3685239289661588,0.15187015785896502,2669,1
0.6,8.5,0.3500000000000001,0.156612621225453,0.16018890360336577,0.18482145504744488,0.8434710179946744,1.0,0.8434710179946744,0.21051774885691213,0.07187984690295976,0.9812244611442192,0.14725590666808913,1.3685239289661588,0.15187015785896502,2669,1
0.6,8.5,0.40000000000000013,0.1691365984328386,0.17198225844450968,0.2002117157420396,0.8309458470549504,1.0,0.8309458470549504,0.21051774885691213,0.07187984690295976,0.9812244611442192,0.14725590666808913,1.3685239289661588,0.15187015785896502,2669,1
0.6,8.5,0.45000000000000007,0.18770827411257238,0.18962089790253636,0.21931242896776396,0.8123724412533259,1.0,0.8123724412533259,0.21051774885691213,0.07187984690295976,0.9812244611442192,0.14725590666808913,1.3685239289661588,0.15187015785896502,2669,1
0.6,8.5,0.5000000000000001,0.20661985957568713,0.2077631843203209,0.22882907172314892,0.793458987183585,1.0,0.793458987183585,0.21051774885691213,0.07187984690295976,0.9812244611442192,0.14725590666808913,1.3685239289661588,0.15187015785896502,2669,1
0.6,8.5,0.5500000000000002,0.2143248280172611,0.21491562109497186,0.23472096636008652,0.785753395140107,1.0,0.785753395140107,0.21051774885691213,0.07187984690295976,0.9812244611442192,0.14725590666808913,1.3685239289661588,0.15187015785896502,2669,1
0.6,8.5,0.6000000000000002,0.22576246656697746,0.22652963213792343,0.24688630910907594,0.7743145362542926,1.0,0.7743145362542926,0.21051774885691213,0.07187984690295976,0.9812244611442192,0.14725590666808913,1.3685239289661588,0.15187015785896502,2669,1
0.6,8.5,0.6500000000000001,0.24165118897145413,0.2423836865105676,0.26227008310007777,0.7584241829086783,1.0,0.7584241829086783,0.21051774885691213,0.07187984690295976,0.9812244611442192,0.14725590666808913,1.3685239289661588,0.15187015785896502,2669,1
0.6,8.5,0.7000000000000002,0.26139408143266657,0.26163836213909586,0.27472433370457056,0.7386794620256961,1.0,0.7386794620256961,0.21051774885691213,0.07187984690295976,0.9812244611442192,0.14725590666808913,1.3685239289661588,0.15187015785896502,2669,1
0.6,8.5,0.7500000000000002,0.28261651582950825,0.28285449052460515,0.29529393989777364,0.7174548743421115,1.0,0.7174548743421115,0.21051774885691213,0.07187984690295976,0.9812244611442192,0.14725590666808913,1.3685239289661588,0.15187015785896502,2669,1
0.6,8.5,0.8000000000000002,0.31580049815306677,0.3160982822924311,0.33843124995665635,0.6842675310018619,1.0,0.6842675310018616,0.21051774885691213,0.07187984690295976,0.9812244611442192,0.14725590666808913,1.3685239289661588,0.15187015785896502,2669,1
0.6,8.5,0.8500000000000002,0.3587917301751551,0.35921273367082135,0.38380087485426223,0.6412718985972603,1.0,0.6412718985972603,0.21051774885691213,0.07187984690295976,0.9812244611442192,0.14725590666808913,1.3685239289661588,0.15187015785896502,2669,1
0.6,8.5,0.9000000000000002,0.4010948863080417,0.40215009714841177,0.4394744974288128,0.5989644890006964,1.0,0.5989644890006964,0.21051774885691213,0.07187984690295976,0.9812244611442192,0.14725590666808913,1.3685239289661588,0.15187015785896502,2669,1
0.6,8.5,0.9500000000000003,0.5030933350327709,0.5075436698041154,0.5744448600065688,0.4969549341620713,1.0,0.4969549341620713,0.21051774885691213,0.07187984690295976,0.9812244611442192,0.14725590666808913,1.3685239289661588,0.15187015785896502,2669,1
0.6,9.0,0.1,0.0896588333826566,0.09628120699622113,0.126242551249111,0.9099099493914272,0.9997153936917511,0.9101626892922867,0.21051774885691213,0.07187984690295976,0.9812244611442192,0.14725590666808913,1.3685239289661588,0.15187015785896502,2669,1
0.6,9.0,0.15000000000000002,0.1008446343065266,0.10643559585505785,0.13333865757075855,0.8992445226318536,1.0,0.8992445226318536,0.21051774885691213,0.07187984690295976,0.9812244611442192,0.14725590666808913,1.3685239289661588,0.15187015785896502,2669,1
0.6,9.0,0.20000000000000004,0.11442905964996605,0.1190823089853766,0.1523249506873109,0.8856587496893326,1.0,0.8856587496893326,0.21051774885691213,0.07187984690295976,0.9812244611442192,0.14725590666808913,1.3685239289661588,0.15187015785896502,2669,1
0.6,9.0,0.25000000000000006,0.13005011320994925,0.1340208064959528,0.16173383663475632,0.8700361579089894,1.0,0.8700361579089894,0.21051774885691213,0.07187984690295976,0.9812244611442192,0.14725590666808913,1.3685239289661588,0.15187015785896502,2669,1
0.6,9.0,0.30000000000000004,0.14218059733764016,0.1459760603237294,0.17465825259012627,0.8579044748786021,1.0,0.8579044748786021,0.21051774885691213,0.07187984690295976,0.9812244611442192,0.14725590666808913,1.3685239289661588,0.15187015785896502,2669,1
0.6,9.0,0.3500000000000001,0.156612621225453,0.16018890360336577,0.18482145504744488,0.8434710179946744,1.0,0.8434710179946744,0.21051774885691213,0.07187984690295976,0.9812244611442192,0.14725590666808913,1.3685239289661588,0.15187015785896502,2669,1
0.6,9.0,0.40000000000000013,0.1691365984328386,0.17198225844450968,0.2002117157420396,0.8309458470549504,1.0,0.8309458470549504,0.21051774885691213,0.07187984690295976,0.9812244611442192,0.14725590666808913,1.3685239289661588,0.15187015785896502,2669,1
0.6,9.0,0.45000000000000007,0.18770827411257238,0.18962089790253636,0.21931242896776396,0.8123724412533259,1.0,0.8123724412533259,0.21051774885691213,0.07187984690295976,0.9812244611442192,0.14725590666808913,1.3685239289661588,0.15187015785896502,2669,1
0.6,9.0,0.5000000000000001,0.20661985957568713,0.2077631843203209,0.22882907172314892,0.793458987183585,1.0,0.793458987183585,0.21051774885691213,0.07187984690295976,0.9812244611442192,0.14725590666808913,1.3685239289661588,0.15187015785896502,2669,1
0.6,9.0,0.5500000000000002,0.2143248280172611,0.21491562109497186,0.23472096636008652,0.785753395140107,1.0,0.785753395140107,0.21051774885691213,0.07187984690295976,0.9812244611442192,0.14725590666808913,1.3685239289661588,0.15187015785896502,2669,1
0.6,9.0,0.6000000000000002,0.22576246656697746,0.22652963213792343,0.24688630910907594,0.7743145362542926,1.0,0.7743145362542926,0.21051774885691213,0.07187984690295976,0.9812244611442192,0.14725590666808913,1.3685239289661588,0.15187015785896502,2669,1
0.6,9.0,0.6500000000000001,0.24165118897145413,0.2423836865105676,0.26227008310007777,0.7584241829086783,1.0,0.7584241829086783,0.21051774885691213,0.07187984690295976,0.9812244611442192,0.14725590666808913,1.3685239289661588,0.15187015785896502,2669,1
0.6,9.0,0.7000000000000002,0.26139408143266657,0.26163836213909586,0.27472433370457056,0.7386794620256961,1.0,0.7386794620256961,0.21051774885691213,0.07187984690295976,0.9812244611442192,0.14725590666808913,1.3685239289661588,0.15187015785896502,2669,1
0.6,9.0,0.7500000000000002,0.28261651582950825,0.28285449052460515,0.29529393989777364,0.7174548743421115,1.0,0.7174548743421115,0.21051774885691213,0.07187984690295976,0.9812244611442192,0.14725590666808913,1.3685239289661588,0.15187015785896502,2669,1
0.6,9.0,0.8000000000000002,0.31580049815306677,0.3160982822924311,0.33843124995665635,0.6842675310018619,1.0,0.6842675310018616,0.21051774885691213,0.07187984690295976,0.9812244611442192,0.14725590666808913,1.3685239289661588,0.15187015785896502,2669,1
0.6,9.0,0.8500000000000002,0.3587917301751551,0.35921273367082135,0.38380087485426223,0.6412718985972603,1.0,0.6412718985972603,0.21051774885691213,0.07187984690295976,0.9812244611442192,0.14725590666808913,1.3685239289661588,0.15187015785896502,2669,1
0.6,9.0,0.9000000000000002,0.4010948863080417,0.40215009714841177,0.4394744974288128,0.5989644890006964,1.0,0.5989644890006964,0.21051774885691213,0.07187984690295976,0.9812244611442192,0.14725590666808913,1.3685239289661588,0.15187015785896502,2669,1
0.6,9.0,0.9500000000000003,0.5030933350327709,0.5075436698041154,0.5744448600065688,0.4969549341620713,1.0,0.4969549341620713,0.21051774885691213,0.07187984690295976,0.9812244611442192,0.14725590666808913,1.3685239289661588,0.15187015785896502,2669,1
0.6,9.5,0.1,0.0896588333826566,0.09628120699622113,0.126242551249111,0.9099099493914272,0.9997153936917511,0.9101626892922867,0.21051774885691213,0.07187984690295976,0.9812244611442192,0.14725590666808913,1.3685239289661588,0.15187015785896502,2669,1
0.6,9.5,0.15000000000000002,0.1008446343065266,0.10643559585505785,0.13333865757075855,0.8992445226318536,1.0,0.8992445226318536,0.21051774885691213,0.07187984690295976,0.9812244611442192,0.14725590666808913,1.3685239289661588,0.15187015785896502,2669,1
0.6,9.5,0.20000000000000004,0.11442905964996605,0.1190823089853766,0.1523249506873109,0.8856587496893326,1.0,0.8856587496893326,0.21051774885691213,0.07187984690295976,0.9812244611442192,0.14725590666808913,1.3685239289661588,0.15187015785896502,2669,1
0.6,9.5,0.25000000000000006,0.13005011320994925,0.1340208064959528,0.16173383663475632,0.8700361579089894,1.0,0.8700361579089894,0.21051774885691213,0.07187984690295976,0.9812244611442192,0.14725590666808913,1.3685239289661588,0.15187015785896502,2669,1
0.6,9.5,0.30000000000000004,0.14218059733764016,0.1459760603237294,0.17465825259012627,0.8579044748786021,1.0,0.8579044748786021,0.21051774885691213,0.07187984690295976,0.9812244611442192,0.14725590666808913,1.3685239289661588,0.15187015785896502,2669,1
0.6,9.5,0.3500000000000001,0.156612621225453,0.16018890360336577,0.18482145504744488,0.8434710179946744,1.0,0.8434710179946744,0.21051774885691213,0.07187984690295976,0.9812244611442192,0.14725590666808913,1.3685239289661588,0.15187015785896502,2669,1
0.6,9.5,0.40000000000000013,0.1691365984328386,0.17198225844450968,0.2002117157420396,0.8309458470549504,1.0,0.8309458470549504,0.21051774885691213,0.07187984690295976,0.9812244611442192,0.14725590666808913,1.3685239289661588,0.15187015785896502,2669,1
0.6,9.5,0.45000000000000007,0.18770827411257238,0.18962089790253636,0.21931242896776396,0.8123724412533259,1.0,0.8123724412533259,0.21051774885691213,0.07187984690295976,0.9812244611442192,0.14725590666808913,1.3685239289661588,0.15187015785896502,2669,1
0.6,9.5,0.5000000000000001,0.20661985957568713,0.2077631843203209,0.22882907172314892,0.793458987183585,1.0,0.793458987183585,0.21051774885691213,0.07187984690295976,0.9812244611442192,0.14725590666808913,1.3685239289661588,0.15187015785896502,2669,1
0.6,9.5,0.5500000000000002,0.2143248280172611,0.21491562109497186,0.23472096636008652,0.785753395140107,1.0,0.785753395140107,0.21051774885691213,0.07187984690295976,0.9812244611442192,0.14725590666808913,1.3685239289661588,0.15187015785896502,2669,1
0.6,9.5,0.6000000000000002,0.22576246656697746,0.22652963213792343,0.24688630910907594,0.7743145362542926,1.0,0.7743145362542926,0.21051774885691213,0.07187984690295976,0.9812244611442192,0.14725590666808913,1.3685239289661588,0.15187015785896502,2669,1
0.6,9.5,0.6500000000000001,0.24165118897145413,0.2423836865105676,0.26227008310007777,0.7584241829086783,1.0,0.7584241829086783,0.21051774885691213,0.07187984690295976,0.9812244611442192,0.14725590666808913,1.3685239289661588,0.15187015785896502,2669,1
0.6,9.5,0.7000000000000002,0.26139408143266657,0.26163836213909586,0.27472433370457056,0.7386794620256961,1.0,0.7386794620256961,0.21051774885691213,0.07187984690295976,0.9812244611442192,0.14725590666808913,1.3685239289661588,0.15187015785896502,2669,1
0.6,9.5,0.7500000000000002,0.28261651582950825,0.28285449052460515,0.29529393989777364,0.7174548743421115,1.0,0.7174548743421115,0.21051774885691213,0.07187984690295976,0.9812244611442192,0.14725590666808913,1.3685239289661588,0.15187015785896502,2669,1
0.6,9.5,0.8000000000000002,0.31580049815306677,0.3160982822924311,0.33843124995665635,0.6842675310018619,1.0,0.6842675310018616,0.21051774885691213,0.07187984690295976,0.9812244611442192,0.14725590666808913,1.3685239289661588,0.15187015785896502,2669,1
0.6,9.5,0.8500000000000002,0.3587917301751551,0.35921273367082135,0.38380087485426223,0.6412718985972603,1.0,0.6412718985972603,0.21051774885691213,0.07187984690295976,0.9812244611442192,0.14725590666808913,1.3685239289661588,0.15187015785896502,2669,1
0.6,9.5,0.9000000000000002,0.4010948863080417,0.40215009714841177,0.4394744974288128,0.5989644890006964,1.0,0.5989644890006964,0.21051774885691213,0.07187984690295976,0.9812244611442192,0.14725590666808913,1.3685239289661588,0.15187015785896502,2669,1
0.6,9.5,0.9500000000000003,0.5030933350327709,0.5075436698041154,0.5744448600065688,0.4969549341620713,1.0,0.4969549341620713,0.21051774885691213,0.07187984690295976,0.9812244611442192,0.14725590666808913,1.3685239289661588,0.15187015785896502,2669,1
0.6,10.0,0.1,0.0896588333826566,0.09628120699622113,0.126242551249111,0.9099099493914272,0.9997153936917511,0.9101626892922867,0.21051774885691213,0.07187984690295976,0.9812244611442192,0.14725590666808913,1.3685239289661588,0.15187015785896502,2669,1
0.6,10.0,0.15000000000000002,0.1008446343065266,0.10643559585505785,0.13333865757075855,0.8992445226318536,1.0,0.8992445226318536,0.21051774885691213,0.07187984690295976,0.9812244611442192,0.14725590666808913,1.3685239289661588,0.15187015785896502,2669,1
0.6,10.0,0.20000000000000004,0.11442905964996605,0.1190823089853766,0.1523249506873109,0.8856587496893326,1.0,0.8856587496893326,0.21051774885691213,0.07187984690295976,0.9812244611442192,0.14725590666808913,1.3685239289661588,0.15187015785896502,2669,1
0.6,10.0,0.25000000000000006,0.13005011320994925,0.1340208064959528,0.16173383663475632,0.8700361579089894,1.0,0.8700361579089894,0.21051774885691213,0.07187984690295976,0.9812244611442192,0.14725590666808913,1.3685239289661588,0.15187015785896502,2669,1
0.6,10.0,0.30000000000000004,0.14218059733764016,0.1459760603237294,0.17465825259012627,0.8579044748786021,1.0,0.8579044748786021,0.21051774885691213,0.07187984690295976,0.9812244611442192,0.14725590666808913,1.3685239289661588,0.15187015785896502,2669,1
0.6,10.0,0.3500000000000001,0.156612621225453,0.16018890360336577,0.18482145504744488,0.8434710179946744,1.0,0.8434710179946744,0.21051774885691213,0.07187984690295976,0.9812244611442192,0.14725590666808913,1.3685239289661588,0.15187015785896502,2669,1
0.6,10.0,0.40000000000000013,0.1691365984328386,0.17198225844450968,0.2002117157420396,0.8309458470549504,1.0,0.8309458470549504,0.21051774885691213,0.07187984690295976,0.9812244611442192,0.14725590666808913,1.3685239289661588,0.15187015785896502,2669,1
0.6,10.0,0.45000000000000007,0.18770827411257238,0.18962089790253636,0.21931242896776396,0.8123724412533259,1.0,0.8123724412533259,0.21051774885691213,0.07187984690295976,0.9812244611442192,0.14725590666808913,1.3685239289661588,0.15187015785896502,2669,1
0.6,10.0,0.5000000000000001,0.20661985957568713,0.2077631843203209,0.22882907172314892,0.793458987183585,1.0,0.793458987183585,0.21051774885691213,0.07187984690295976,0.9812244611442192,0.14725590666808913,1.3685239289661588,0.15187015785896502,2669,1
0.6,10.0,0.5500000000000002,0.2143248280172611,0.21491562109497186,0.23472096636008652,0.785753395140107,1.0,0.785753395140107,0.21051774885691213,0.07187984690295976,0.9812244611442192,0.14725590666808913,1.3685239289661588,0.15187015785896502,2669,1
0.6,10.0,0.6000000000000002,0.22576246656697746,0.22652963213792343,0.24688630910907594,0.7743145362542926,1.0,0.7743145362542926,0.21051774885691213,0.07187984690295976,0.9812244611442192,0.14725590666808913,1.3685239289661588,0.15187015785896502,2669,1
0.6,10.0,0.6500000000000001,0.24165118897145413,0.2423836865105676,0.26227008310007777,0.7584241829086783,1.0,0.7584241829086783,0.21051774885691213,0.07187984690295976,0.9812244611442192,0.14725590666808913,1.3685239289661588,0.15187015785896502,2669,1
0.6,10.0,0.7000000000000002,0.26139408143266657,0.26163836213909586,0.27472433370457056,0.7386794620256961,1.0,0.7386794620256961,0.21051774885691213,0.07187984690295976,0.9812244611442192,0.14725590666808913,1.3685239289661588,0.15187015785896502,2669,1
0.6,10.0,0.7500000000000002,0.28261651582950825,0.28285449052460515,0.29529393989777364,0.7174548743421115,1.0,0.7174548743421115,0.21051774885691213,0.07187984690295976,0.9812244611442192,0.14725590666808913,1.3685239289661588,0.15187015785896502,2669,1
0.6,10.0,0.8000000000000002,0.31580049815306677,0.3160982822924311,0.33843124995665635,0.6842675310018619,1.0,0.6842675310018616,0.21051774885691213,0.07187984690295976,0.9812244611442192,0.14725590666808913,1.3685239289661588,0.15187015785896502,2669,1
0.6,10.0,0.8500000000000002,0.3587917301751551,0.35921273367082135,0.38380087485426223,0.6412718985972603,1.0,0.6412718985972603,0.21051774885691213,0.07187984690295976,0.9812244611442192,0.14725590666808913,1.3685239289661588,0.15187015785896502,2669,1
0.6,10.0,0.9000000000000002,0.4010948863080417,0.40215009714841177,0.4394744974288128,0.5989644890006964,1.0,0.5989644890006964,0.21051774885691213,0.07187984690295976,0.9812244611442192,0.14725590666808913,1.3685239289661588,0.15187015785896502,2669,1
0.6,10.0,0.9500000000000003,0.5030933350327709,0.5075436698041154,0.5744448600065688,0.4969549341620713,1.0,0.4969549341620713,0.21051774885691213,0.07187984690295976,0.9812244611442192,0.14725590666808913,1.3685239289661588,0.15187015785896502,2669,1
0.75,5.0,0.1,0.08869583931506439,0.0993948568089128,0.13418150315873875,0.9091639799675405,0.9987296910399998,0.9104145715461266,0.22462005239156696,0.261268369163849,0.9818886321576094,0.23300690492011578,1.9952976635441861,0.24957524802501949,2669,1
0.75,5.0,0.15000000000000002,0.10789804739846445,0.1165127241748281,0.1508374136540985,0.892190285426531,1.0,0.892190285426531,0.22462005239156696,0.261268369163849,0.9818886321576094,0.23300690492011578,1.9952976635441861,0.24957524802501949,2669,1
0.75,5.0,0.20000000000000004,0.12137644193432232,0.1273789509816473,0.16429398153999172,0.8787105984833686,1.0,0.8787105984833686,0.22462005239156696,0.261268369163849,0.9818886321576094,0.23300690492011578,1.9952976635441861,0.24957524802501949,2669,1
0.75,5.0,0.25000000000000006,0.1442151576704678,0.14885490042553473,0.17224331950783198,0.8558696351791685,1.0,0.8558696351791685,0.22462005239156696,0.261268369163849,0.9818886321576094,0.23300690492011578,1.9952976635441861,0.24957524802501949,2669,1
0.75,5.0,0.30000000000000004,0.15829391782253774,0.16357136682852508,0.1953187877557072,0.8417894064802168,1.0,0.8417894064802168,0.22462005239156696,0.261268369163849,0.9818886321576094,0.23300690492011578,1.9952976635441861,0.24957524802501949,2669,1
0.75,5.0,0.3500000000000001,0.16605368120676609,0.17154739967555388,0.2093270628201783,0.8340288247133264,1.0,0.8340288247133264,0.22462005239156696,0.261268369163849,0.9818886321576094,0.23300690492011578,1.9952976635441861,0.24957524802501949,2669,1
0.75,5.0,0.40000000000000013,0.17998134989981932,0.18309010114109583,0.21697868183190805,0.8200999315755568,1.0,0.8200999315755568,0.22462005239156696,0.261268369163849,0.9818886321576094,0.23300690492011578,1.9952976635441861,0.24957524802501949,2669,1
0.75,5.0,0.45000000000000007,0.1972188301259615,0.19963766538455247,0.23618329947125816,0.8028608691926876,1.0,0.8028608691926876,0.22462005239156696,0.261268369163849,0.9818886321576094,0.23300690492011578,1.9952976635441861,0.24957524802501949,2669,1
0.75,5.0,0.5000000000000001,0.20766106005252957,0.2093911954422286,0.24557306897650083,0.792417734203409,1.0,0.7924177342034089,0.22462005239156696,0.261268369163849,0.9818886321576094,0.23300690492011578,1.9952976635441861,0.24957524802501949,2669,1
0.75,5.0,0.5500000000000002,0.22416417537329394,0.2256150879351477,0.2574897599355319,0.7759129582682814,1.0,0.7759129582682813,0.22462005239156696,0.261268369163849,0.9818886321576094,0.23300690492011578,1.9952976635441861,0.24957524802501949,2669,1
0.75,5.0,0.6000000000000002,0.24625950796956025,0.247333457424607,0.2655975578209353,0.7538153586190423,1.0,0.7538153586190424,0.22462005239156696,0.261268369163849,0.9818886321576094,0.23300690492011578,1.9952976635441861,0.24957524802501949,2669,1
0.75,5.0,0.6500000000000001,0.26712886655753104,0.26791396769496084,0.2826004815003752,0.7329438999018876,1.0,0.7329438999018877,0.22462005239156696,0.261268369163849,0.9818886321576094,0.23300690492011578,1.9952976635441861,0.24957524802501949,2669,1
0.75,5.0,0.7000000000000002,0.2909188179101961,0.2914691350075263,0.3028840169992563,0.7091516223983744,1.0,0.7091516223983744,0.22462005239156696,0.261268369163849,0.9818886321576094,0.23300690492011578,1.9952976635441861,0.24957524802501949,2669,1
0.75,5.0,0.7500000000000002,0.3147149090614085,0.31499036155112536,0.325977419614798,0.6853532459618688,1.0,0.6853532459618688,0.22462005239156696,0.261268369163849,0.9818886321576094,0.23300690492011578,1.9952976635441861,0.24957524802501949,2669,1
0.75,5.0,0.8000000000000002,0.3392062822338425,0.3395698703352698,0.359921871073543,0.6608593664808947,1.0,0.6608593664808947,0.22462005239156696,0.261268369163849,0.9818886321576094,0.23300690492011578,1.9952976635441861,0.24957524802501949,2669,1
0.75,5.0,0.8500000000000002,0.371837566184175,0.37262235709734787,0.40343935857012947,0.6282245710347371,1.0,0.628224571034737,0.22462005239156696,0.261268369163849,0.9818886321576094,0.23300690492011578,1.9952976635441861,0.24957524802501949,2669,1
0.75,5.0,0.9000000000000002,0.43609926613493993,0.436827488121867,0.46193039852779083,0.5639565925735627,1.0,0.5639565925735627,0.22462005239156696,0.261268369163849,0.9818886321576094,0.23300690492011578,1.9952976635441861,0.24957524802501949,2669,1
0.75,5.0,0.9500000000000003,0.5016435302135783,0.5039249106016476,0.5588011577105056,0.4984053048109437,1.0,0.49840530481094375,0.22462005239156696,0.261268369163849,0.9818886321576094,0.23300690492011578,1.9952976635441861,0.24957524802501949,2669,1
0.75,5.5,0.1,0.08869583931506439,0.0993948568089128,0.13418150315873875,0.9091639799675405,0.9987296910399998,0.9104145715461266,0.22462005239156696,0.242810089200631,0.9818886321576094,0.23300690492011578,1.9952976635441861,0.24957524802501949,2669,1
0.75,5.5,0.15000000000000002,0.10789804739846445,0.1165127241748281,0.1508374136540985,0.892190285426531,1.0,0.892190285426531,0.22462005239156696,0.242810089200631,0.9818886321576094,0.23300690492011578,1.9952976635441861,0.24957524802501949,2669,1
0.75,5.5,0.20000000000000004,0.12137644193432232,0.1273789509816473,0.16429398153999172,0.8787105984833686,1.0,0.8787105984833686,0.22462005239156696,0.242810089200631,0.9818886321576094,0.23300690492011578,1.9952976635441861,0.24957524802501949,2669,1
0.75,5.5,0.25000000000000006,0.1442151576704678,0.14885490042553473,0.17224331950783198,0.8558696351791685,1.0,0.8558696351791685,0.22462005239156696,0.242810089200631,0.9818886321576094,0.23300690492011578,1.9952976635441861,0.24957524802501949,2669,1
0.75,5.5,0.30000000000000004,0.15829391782253774,0.16357136682852508,0.1953187877557072,0.8417894064802168,1.0,0.8417894064802168,0.22462005239156696,0.242810089200631,0.9818886321576094,0.23300690492011578,1.9952976635441861,0.24957524802501949,2669,1
0.75,5.5,0.3500000000000001,0.16605368120676609,0.17154739967555388,0.2093270628201783,0.8340288247133264,1.0,0.8340288247133264,0.22462005239156696,0.242810089200631,0.9818886321576094,0.23300690492011578,1.9952976635441861,0.24957524802501949,2669,1
0.75,5.5,0.40000000000000013,0.17998134989981932,0.18309010114109583,0.21697868183190805,0.8200999315755568,1.0,0.8200999315755568,0.22462005239156696,0.242810089200631,0.9818886321576094,0.23300690492011578,1.9952976635441861,0.24957524802501949,2669,1
0.75,5.5,0.45000000000000007,0.1972188301259615,0.19963766538455247,0.23618329947125816,0.8028608691926876,1.0,0.8028608691926876,0.22462005239156696,0.242810089200631,0.9818886321576094,0.23300690492011578,1.9952976635441861,0.24957524802501949,2669,1
0.75,5.5,0.5000000000000001,0.20766106005252957,0.2093911954422286,0.24557306897650083,0.792417734203409,1.0,0.7924177342034089,0.22462005239156696,0.242810089200631,0.9818886321576094,0.23300690492011578,1.9952976635441861,0.24957524802501949,2669,1
0.75,5.5,0.5500000000000002,0.22416417537329394,0.2256150879351477,0.2574897599355319,0.7759129582682814,1.0,0.7759129582682813,0.22462005239156696,0.242810089200631,0.9818886321576094,0.23300690492011578,1.9952976635441861,0.24957524802501949,2669,1
0.75,5.5,0.6000000000000002,0.24625950796956025,0.247333457424607,0.2655975578209353,0.7538153586190423,1.0,0.7538153586190424,0.22462005239156696,0.242810089200631,0.9818886321576094,0.23300690492011578,1.9952976635441861,0.24957524802501949,2669,1
0.75,5.5,0.6500000000000001,0.26712886655753104,0.26791396769496084,0.2826004815003752,0.7329438999018876,1.0,0.7329438999018877,0.22462005239156696,0.242810089200631,0.9818886321576094,0.23300690492011578,1.9952976635441861,0.24957524802501949,2669,1
0.75,5.5,0.7000000000000002,0.2909188179101961,0.2914691350075263,0.3028840169992563,0.7091516223983744,1.0,0.7091516223983744,0.22462005239156696,0.242810089200631,0.9818886321576094,0.23300690492011578,1.9952976635441861,0.24957524802501949,2669,1
0.75,5.5,0.7500000000000002,0.3147149090614085,0.31499036155112536,0.325977419614798,0.6853532459618688,1.0,0.6853532459618688,0.22462005239156696,0.242810089200631,0.9818886321576094,0.23300690492011578,1.9952976635441861,0.24957524802501949,2669,1
0.75,5.5,0.8000000000000002,0.3392062822338425,0.3395698703352698,0.359921871073543,0.6608593664808947,1.0,0.6608593664808947,0.22462005239156696,0.242810089200631,0.9818886321576094,0.23300690492011578,1.9952976635441861,0.24957524802501949,2669,1
0.75,5.5,0.8500000000000002,0.371837566184175,0.37262235709734787,0.40343935857012947,0.6282245710347371,1.0,0.628224571034737,0.22462005239156696,0.242810089200631,0.9818886321576094,0.23300690492011578,1.9952976635441861,0.24957524802501949,2669,1
0.75,5.5,0.9000000000000002,0.43609926613493993,0.436827488121867,0.46193039852779083,0.5639565925735627,1.0,0.5639565925735627,0.22462005239156696,0.242810089200631,0.9818886321576094,0.23300690492011578,1.9952976635441861,0.24957524802501949,2669,1
0.75,5.5,0.9500000000000003,0.5016435302135783,0.5039249106016476,0.5588011577105056,0.4984053048109437,1.0,0.49840530481094375,0.22462005239156696,0.242810089200631,0.9818886321576094,0.23300690492011578,1.9952976635441861,0.24957524802501949,2669,1
0.75,6.0,0.1,0.08869583931506439,0.0993948568089128,0.13418150315873875,0.9091639799675405,0.9987296910399998,0.9104145715461266,0.22462005239156696,0.22395598885796417,0.9818886321576094,0.23300690492011578,1.9952976635441861,0.24957524802501949,2669,1
0.75,6.0,0.15000000000000002,0.10789804739846445,0.1165127241748281,0.1508374136540985,0.892190285426531,1.0,0.892190285426531,0.22462005239156696,0.22395598885796417,0.9818886321576094,0.23300690492011578,1.9952976635441861,0.24957524802501949,2669,1
0.75,6.0,0.20000000000000004,0.12137644193432232,0.1273789509816473,0.16429398153999172,0.8787105984833686,1.0,0.8787105984833686,0.22462005239156696,0.22395598885796417,0.9818886321576094,0.23300690492011578,1.9952976635441861,0.24957524802501949,2669,1
0.75,6.0,0.25000000000000006,0.1442151576704678,0.14885490042553473,0.17224331950783198,0.8558696351791685,1.0,0.8558696351791685,0.22462005239156696,0.22395598885796417,0.9818886321576094,0.23300690492011578,1.9952976635441861,0.24957524802501949,2669,1
0.75,6.0,0.30000000000000004,0.15829391782253774,0.16357136682852508,0.1953187877557072,0.8417894064802168,1.0,0.8417894064802168,0.22462005239156696,0.22395598885796417,0.9818886321576094,0.23300690492011578,1.9952976635441861,0.24957524802501949,2669,1
0.75,6.0,0.3500000000000001,0.16605368120676609,0.17154739967555388,0.2093270628201783,0.8340288247133264,1.0,0.8340288247133264,0.22462005239156696,0.22395598885796417,0.9818886321576094,0.23300690492011578,1.9952976635441861,0.24957524802501949,2669,1
0.75,6.0,0.40000000000000013,0.17998134989981932,0.18309010114109583,0.21697868183190805,0.8200999315755568,1.0,0.8200999315755568,0.22462005239156696,0.22395598885796417,0.9818886321576094,0.23300690492011578,1.9952976635441861,0.24957524802501949,2669,1
0.75,6.0,0.45000000000000007,0.1972188301259615,0.19963766538455247,0.23618329947125816,0.8028608691926876,1.0,0.8028608691926876,0.22462005239156696,0.22395598885796417,0.9818886321576094,0.23300690492011578,1.9952976635441861,0.24957524802501949,2669,1
0.75,6.0,0.5000000000000001,0.20766106005252957,0.2093911954422286,0.24557306897650083,0.792417734203409,1.0,0.7924177342034089,0.22462005239156696,0.22395598885796417,0.9818886321576094,0.23300690492011578,1.9952976635441861,0.24957524802501949,2669,1
0.75,6.0,0.5500000000000002,0.22416417537329394,0.2256150879351477,0.2574897599355319,0.7759129582682814,1.0,0.7759129582682813,0.22462005239156696,0.22395598885796417,0.9818886321576094,0.23300690492011578,1.9952976635441861,0.24957524802501949,2669,1
0.75,6.0,0.6000000000000002,0.24625950796956025,0.247333457424607,0.2655975578209353,0.7538153586190423,1.0,0.7538153586190424,0.22462005239156696,0.22395598885796417,0.9818886321576094,0.23300690492011578,1.9952976635441861,0.24957524802501949,2669,1
0.75,6.0,0.6500000000000001,0.26712886655753104,0.26791396769496084,0.2826004815003752,0.7329438999018876,1.0,0.7329438999018877,0.22462005239156696,0.22395598885796417,0.9818886321576094,0.23300690492011578,1.9952976635441861,0.24957524802501949,2669,1
0.75,6.0,0.7000000000000002,0.2909188179101961,0.2914691350075263,0.3028840169992563,0.7091516223983744,1.0,0.7091516223983744,0.22462005239156696,0.22395598885796417,0.9818886321576094,0.23300690492011578,1.9952976635441861,0.24957524802501949,2669,1
0.75,6.0,0.7500000000000002,0.3147149090614085,0.31499036155112536,0.325977419614798,0.6853532459618688,1.0,0.6853532459618688,0.22462005239156696,0.22395598885796417,0.9818886321576094,0.23300690492011578,1.9952976635441861,0.24957524802501949,2669,1
0.75,6.0,0.8000000000000002,0.3392062822338425,0.3395698703352698,0.359921871073543,0.6608593664808947,1.0,0.6608593664808947,0.22462005239156696,0.22395598885796417,0.9818886321576094,0.23300690492011578,1.9952976635441861,0.24957524802501949,2669,1
0.75,6.0,0.8500000000000002,0.371837566184175,0.37262235709734787,0.40343935857012947,0.6282245710347371,1.0,0.628224571034737,0.22462005239156696,0.22395598885796417,0.9818886321576094,0.23300690492011578,1.9952976635441861,0.24957524802501949,2669,1
0.75,6.0,0.9000000000000002,0.43609926613493993,0.436827488121867,0.46193039852779083,0.5639565925735627,1.0,0.5639565925735627,0.22462005239156696,0.22395598885796417,0.9818886321576094,0.23300690492011578,1.9952976635441861,0.24957524802501949,2669,1
0.75,6.0,0.9500000000000003,0.5016435302135783,0.5039249106016476,0.5588011577105056,0.4984053048109437,1.0,0.49840530481094375,0.22462005239156696,0.22395598885796417,0.9818886321576094,0.23300690492011578,1.9952976635441861,0.24957524802501949,2669,1
0.75,6.5,0.1,0.08869583931506439,0.0993948568089128,0.13418150315873875,0.9091639799675405,0.9987296910399998,0.9104145715461266,0.22462005239156696,0.20957573409512958,0.9818886321576094,0.23300690492011578,1.9952976635441861,0.24957524802501949,2669,1
0.75,6.5,0.15000000000000002,0.10789804739846445,0.1165127241748281,0.1508374136540985,0.892190285426531,1.0,0.892190285426531,0.22462005239156696,0.20957573409512958,0.9818886321576094,0.23300690492011578,1.9952976635441861,0.24957524802501949,2669,1
0.75,6.5,0.20000000000000004,0.12137644193432232,0.1273789509816473,0.16429398153999172,0.8787105984833686,1.0,0.8787105984833686,0.22462005239156696,0.20957573409512958,0.9818886321576094,0.23300690492011578,1.9952976635441861,0.24957524802501949,2669,1
0.75,6.5,0.25000000000000006,0.1442151576704678,0.14885490042553473,0.17224331950783198,0.8558696351791685,1.0,0.8558696351791685,0.22462005239156696,0.20957573409512958,0.9818886321576094,0.23300690492011578,1.9952976635441861,0.24957524802501949,2669,1
0.75,6.5,0.30000000000000004,0.15829391782253774,0.16357136682852508,0.1953187877557072,0.8417894064802168,1.0,0.8417894064802168,0.22462005239156696,0.20957573409512958,0.9818886321576094,0.23300690492011578,1.9952976635441861,0.24957524802501949,2669,1
0.75,6.5,0.3500000000000001,0.16605368120676609,0.17154739967555388,0.2093270628201783,0.8340288247133264,1.0,0.8340288247133264,0.22462005239156696,0.20957573409512958,0.9818886321576094,0.23300690492011578,1.9952976635441861,0.24957524802501949,2669,1
0.75,6.5,0.40000000000000013,0.17998134989981932,0.18309010114109583,0.21697868183190805,0.8200999315755568,1.0,0.8200999315755568,0.22462005239156696,0.20957573409512958,0.9818886321576094,0.23300690492011578,1.9952976635441861,0.24957524802501949,2669,1
0.75,6.5,0.45000000000000007,0.1972188301259615,0.19963766538455247,0.23618329947125816,0.8028608691926876,1.0,0.8028608691926876,0.22462005239156696,0.20957573409512958,0.9818886321576094,0.23300690492011578,1.9952976635441861,0.24957524802501949,2669,1
0.75,6.5,0.5000000000000001,0.20766106005252957,0.2093911954422286,0.24557306897650083,0.792417734203409,1.0,0.7924177342034089,0.22462005239156696,0.20957573409512958,0.9818886321576094,0.23300690492011578,1.9952976635441861,0.24957524802501949,2669,1
0.75,6.5,0.5500000000000002,0.22416417537329394,0.2256150879351477,0.2574897599355319,0.7759129582682814,1.0,0.7759129582682813,0.22462005239156696,0.20957573409512958,0.9818886321576094,0.23300690492011578,1.9952976635441861,0.24957524802501949,2669,1
0.75,6.5,0.6000000000000002,0.24625950796956025,0.247333457424607,0.2655975578209353,0.7538153586190423,1.0,0.7538153586190424,0.22462005239156696,0.20957573409512958,0.9818886321576094,0.23300690492011578,1.9952976635441861,0.24957524802501949,2669,1
0.75,6.5,0.6500000000000001,0.26712886655753104,0.26791396769496084,0.2826004815003752,0.7329438999018876,1.0,0.7329438999018877,0.22462005239156696,0.20957573409512958,0.9818886321576094,0.23300690492011578,1.9952976635441861,0.24957524802501949,2669,1
0.75,6.5,0.7000000000000002,0.2909188179101961,0.2914691350075263,0.3028840169992563,0.7091516223983744,1.0,0.7091516223983744,0.22462005239156696,0.20957573409512958,0.9818886321576094,0.23300690492011578,1.9952976635441861,0.24957524802501949,2669,1
0.75,6.5,0.7500000000000002,0.3147149090614085,0.31499036155112536,0.325977419614798,0.6853532459618688,1.0,0.6853532459618688,0.22462005239156696,0.20957573409512958,0.9818886321576094,0.23300690492011578,1.9952976635441861,0.24957524802501949,2669,1
0.75,6.5,0.8000000000000002,0.3392062822338425,0.3395698703352698,0.359921871073543,0.6608593664808947,1.0,0.6608593664808947,0.22462005239156696,0.20957573409512958,0.9818886321576094,0.23300690492011578,1.9952976635441861,0.24957524802501949,2669,1
0.75,6.5,0.8500000000000002,0.371837566184175,0.37262235709734787,0.40343935857012947,0.6282245710347371,1.0,0.628224571034737,0.22462005239156696,0.20957573409512958,0.9818886321576094,0.23300690492011578,1.9952976635441861,0.24957524802501949,2669,1
0.75,6.5,0.9000000000000002,0.43609926613493993,0.436827488121867,0.46193039852779083,0.5639565925735627,1.0,0.5639565925735627,0.22462005239156696,0.20957573409512958,0.9818886321576094,0.23300690492011578,1.9952976635441861,0.24957524802501949,2669,1
0.75,6.5,0.9500000000000003,0.5016435302135783,0.5039249106016476,0.5588011577105056,0.4984053048109437,1.0,0.49840530481094375,0.22462005239156696,0.20957573409512958,0.9818886321576094,0.23300690492011578,1.9952976635441861,0.24957524802501949,2669,1
0.75,7.0,0.1,0.08869583931506439,0.0993948568089128,0.13418150315873875,0.9091639799675405,0.9987296910399998,0.9104145715461266,0.22462005239156696,0.20027747002461188,0.9818886321576094,0.23300690492011578,1.9952976635441861,0.24957524802501949,2669,1
0.75,7.0,0.15000000000000002,0.10789804739846445,0.1165127241748281,0.1508374136540985,0.892190285426531,1.0,0.892190285426531,0.22462005239156696,0.20027747002461188,0.9818886321576094,0.23300690492011578,1.9952976635441861,0.24957524802501949,2669,1
0.75,7.0,0.20000000000000004,0.12137644193432232,0.1273789509816473,0.16429398153999172,0.8787105984833686,1.0,0.8787105984833686,0.22462005239156696,0.20027747002461188,0.9818886321576094,0.23300690492011578,1.9952976635441861,0.24957524802501949,2669,1
0.75,7.0,0.25000000000000006,0.1442151576704678,0.14885490042553473,0.17224331950783198,0.8558696351791685,1.0,0.8558696351791685,0.22462005239156696,0.20027747002461188,0.9818886321576094,0.23300690492011578,1.9952976635441861,0.24957524802501949,2669,1
0.75,7.0,0.30000000000000004,0.15829391782253774,0.16357136682852508,0.1953187877557072,0.8417894064802168,1.0,0.8417894064802168,0.22462005239156696,0.20027747002461188,0.9818886321576094,0.23300690492011578,1.9952976635441861,0.24957524802501949,2669,1
0.75,7.0,0.3500000000000001,0.16605368120676609,0.17154739967555388,0.2093270628201783,0.8340288247133264,1.0,0.8340288247133264,0.22462005239156696,0.20027747002461188,0.9818886321576094,0.23300690492011578,1.9952976635441861,0.24957524802501949,2669,1
0.75,7.0,0.40000000000000013,0.17998134989981932,0.18309010114109583,0.21697868183190805,0.8200999315755568,1.0,0.8200999315755568,0.22462005239156696,0.20027747002461188,0.9818886321576094,0.23300690492011578,1.9952976635441861,0.24957524802501949,2669,1
0.75,7.0,0.45000000000000007,0.1972188301259615,0.19963766538455247,0.23618329947125816,0.8028608691926876,1.0,0.8028608691926876,0.22462005239156696,0.20027747002461188,0.9818886321576094,0.23300690492011578,1.9952976635441861,0.24957524802501949,2669,1
0.75,7.0,0.5000000000000001,0.20766106005252957,0.2093911954422286,0.24557306897650083,0.792417734203409,1.0,0.7924177342034089,0.22462005239156696,0.20027747002461188,0.9818886321576094,0.23300690492011578,1.9952976635441861,0.24957524802501949,2669,1
0.75,7.0,0.5500000000000002,0.22416417537329394,0.2256150879351477,0.2574897599355319,0.7759129582682814,1.0,0.7759129582682813,0.22462005239156696,0.20027747002461188,0.9818886321576094,0.23300690492011578,1.9952976635441861,0.24957524802501949,2669,1
0.75,7.0,0.6000000000000002,0.24625950796956025,0.247333457424607,0.2655975578209353,0.7538153586190423,1.0,0.7538153586190424,0.22462005239156696,0.20027747002461188,0.9818886321576094,0.23300690492011578,1.9952976635441861,0.24957524802501949,2669,1
0.75,7.0,0.6500000000000001,0.26712886655753104,0.26791396769496084,0.2826004815003752,0.7329438999018876,1.0,0.7329438999018877,0.22462005239156696,0.20027747002461188,0.9818886321576094,0.23300690492011578,1.9952976635441861,0.24957524802501949,2669,1
0.75,7.0,0.7000000000000002,0.2909188179101961,0.2914691350075263,0.3028840169992563,0.7091516223983744,1.0,0.7091516223983744,0.22462005239156696,0.20027747002461188,0.9818886321576094,0.23300690492011578,1.9952976635441861,0.24957524802501949,2669,1
0.75,7.0,0.7500000000000002,0.3147149090614085,0.31499036155112536,0.325977419614798,0.6853532459618688,1.0,0.6853532459618688,0.22462005239156696,0.20027747002461188,0.9818886321576094,0.23300690492011578,1.9952976635441861,0.24957524802501949,2669,1
0.75,7.0,0.8000000000000002,0.3392062822338425,0.3395698703352698,0.359921871073543,0.6608593664808947,1.0,0.6608593664808947,0.22462005239156696,0.20027747002461188,0.9818886321576094,0.23300690492011578,1.9952976635441861,0.24957524802501949,2669,1
0.75,7.0,0.8500000000000002,0.371837566184175,0.37262235709734787,0.40343935857012947,0.6282245710347371,1.0,0.628224571034737,0.22462005239156696,0.20027747002461188,0.9818886321576094,0.23300690492011578,1.9952976635441861,0.24957524802501949,2669,1
0.75,7.0,0.9000000000000002,0.43609926613493993,0.436827488121867,0.46193039852779083,0.5639565925735627,1.0,0.5639565925735627,0.22462005239156696,0.20027747002461188,0.9818886321576094,0.23300690492011578,1.9952976635441861,0.24957524802501949,2669,1
0.75,7.0,0.9500000000000003,0.5016435302135783,0.5039249106016476,0.5588011577105056,0.4984053048109437,1.0,0.49840530481094375,0.22462005239156696,0.20027747002461188,0.9818886321576094,0.23300690492011578,1.9952976635441861,0.24957524802501949,2669,1
0.75,7.5,0.1,0.08869583931506439,0.0993948568089128,0.13418150315873875,0.9091639799675405,0.9987296910399998,0.9104145715461266,0.22462005239156696,0.18731834445635417,0.9818886321576094,0.23300690492011578,1.9952976635441861,0.24957524802501949,2669,1
0.75,7.5,0.15000000000000002,0.10789804739846445,0.1165127241748281,0.1508374136540985,0.892190285426531,1.0,0.892190285426531,0.22462005239156696,0.18731834445635417,0.9818886321576094,0.23300690492011578,1.9952976635441861,0.24957524802501949,2669,1
0.75,7.5,0.20000000000000004,0.12137644193432232,0.1273789509816473,0.16429398153999172,0.8787105984833686,1.0,0.8787105984833686,0.22462005239156696,0.18731834445635417,0.9818886321576094,0.23300690492011578,1.9952976635441861,0.24957524802501949,2669,1
0.75,7.5,0.25000000000000006,0.1442151576704678,0.14885490042553473,0.17224331950783198,0.8558696351791685,1.0,0.8558696351791685,0.22462005239156696,0.18731834445635417,0.9818886321576094,0.23300690492011578,1.9952976635441861,0.24957524802501949,2669,1
0.75,7.5,0.30000000000000004,0.15829391782253774,0.16357136682852508,0.1953187877557072,0.8417894064802168,1.0,0.8417894064802168,0.22462005239156696,0.18731834445635417,0.9818886321576094,0.23300690492011578,1.9952976635441861,0.24957524802501949,2669,1
0.75,7.5,0.3500000000000001,0.16605368120676609,0.17154739967555388,0.2093270628201783,0.8340288247133264,1.0,0.8340288247133264,0.22462005239156696,0.18731834445635417,0.9818886321576094,0.23300690492011578,1.9952976635441861,0.24957524802501949,2669,1
0.75,7.5,0.40000000000000013,0.17998134989981932,0.18309010114109583,0.21697868183190805,0.8200999315755568,1.0,0.8200999315755568,0.22462005239156696,0.18731834445635417,0.9818886321576094,0.23300690492011578,1.9952976635441861,0.24957524802501949,2669,1
0.75,7.5,0.45000000000000007,0.1972188301259615,0.19963766538455247,0.23618329947125816,0.8028608691926876,1.0,0.8028608691926876,0.22462005239156696,0.18731834445635417,0.9818886321576094,0.23300690492011578,1.9952976635441861,0.24957524802501949,2669,1
0.75,7.5,0.5000000000000001,0.20766106005252957,0.2093911954422286,0.24557306897650083,0.792417734203409,1.0,0.7924177342034089,0.22462005239156696,0.18731834445635417,0.9818886321576094,0.23300690492011578,1.9952976635441861,0.24957524802501949,2669,1
0.75,7.5,0.5500000000000002,0.22416417537329394,0.2256150879351477,0.2574897599355319,0.7759129582682814,1.0,0.7759129582682813,0.22462005239156696,0.18731834445635417,0.9818886321576094,0.23300690492011578,1.9952976635441861,0.24957524802501949,2669,1
0.75,7.5,0.6000000000000002,0.24625950796956025,0.247333457424607,0.2655975578209353,0.7538153586190423,1.0,0.7538153586190424,0.22462005239156696,0.18731834445635417,0.9818886321576094,0.23300690492011578,1.9952976635441861,0.24957524802501949,2669,1
0.75,7.5,0.6500000000000001,0.26712886655753104,0.26791396769496084,0.2826004815003752,0.7329438999018876,1.0,0.7329438999018877,0.22462005239156696,0.18731834445635417,0.9818886321576094,0.23300690492011578,1.9952976635441861,0.24957524802501949,2669,1
0.75,7.5,0.7000000000000002,0.2909188179101961,0.2914691350075263,0.3028840169992563,0.7091516223983744,1.0,0.7091516223983744,0.22462005239156696,0.18731834445635417,0.9818886321576094,0.23300690492011578,1.9952976635441861,0.24957524802501949,2669,1
0.75,7.5,0.7500000000000002,0.3147149090614085,0.31499036155112536,0.325977419614798,0.6853532459618688,1.0,0.6853532459618688,0.22462005239156696,0.18731834445635417,0.9818886321576094,0.23300690492011578,1.9952976635441861,0.24957524802501949,2669,1
0.75,7.5,0.8000000000000002,0.3392062822338425,0.3395698703352698,0.359921871073543,0.6608593664808947,1.0,0.6608593664808947,0.22462005239156696,0.18731834445635417,0.9818886321576094,0.23300690492011578,1.9952976635441861,0.24957524802501949,2669,1
0.75,7.5,0.8500000000000002,0.371837566184175,0.37262235709734787,0.40343935857012947,0.6282245710347371,1.0,0.628224571034737,0.22462005239156696,0.18731834445635417,0.9818886321576094,0.23300690492011578,1.9952976635441861,0.24957524802501949,2669,1
0.75,7.5,0.9000000000000002,0.43609926613493993,0.436827488121867,0.46193039852779083,0.5639565925735627,1.0,0.5639565925735627,0.22462005239156696,0.18731834445635417,0.9818886321576094,0.23300690492011578,1.9952976635441861,0.24957524802501949,2669,1
0.75,7.5,0.9500000000000003,0.5016435302135783,0.5039249106016476,0.5588011577105056,0.4984053048109437,1.0,0.49840530481094375,0.22462005239156696,0.18731834445635417,0.9818886321576094,0.23300690492011578,1.9952976635441861,0.24957524802501949,2669,1
0.75,8.0,0.1,0.08869583931506439,0.0993948568089128,0.13418150315873875,0.9091639799675405,0.9987296910399998,0.9104145715461266,0.22462005239156696,0.17308152443093985,0.9818886321576094,0.23300690492011578,1.9952976635441861,0.24957524802501949,2669,1
0.75,8.0,0.15000000000000002,0.10789804739846445,0.1165127241748281,0.1508374136540985,0.892190285426531,1.0,0.892190285426531,0.22462005239156696,0.17308152443093985,0.9818886321576094,0.23300690492011578,1.9952976635441861,0.24957524802501949,2669,1
0.75,8.0,0.20000000000000004,0.12137644193432232,0.1273789509816473,0.16429398153999172,0.8787105984833686,1.0,0.8787105984833686,0.22462005239156696,0.17308152443093985,0.9818886321576094,0.23300690492011578,1.9952976635441861,0.24957524802501949,2669,1
0.75,8.0,0.25000000000000006,0.1442151576704678,0.14885490042553473,0.17224331950783198,0.8558696351791685,1.0,0.8558696351791685,0.22462005239156696,0.17308152443093985,0.9818886321576094,0.23300690492011578,1.9952976635441861,0.24957524802501949,2669,1
0.75,8.0,0.30000000000000004,0.15829391782253774,0.16357136682852508,0.1953187877557072,0.8417894064802168,1.0,0.8417894064802168,0.22462005239156696,0.17308152443093985,0.9818886321576094,0.23300690492011578,1.9952976635441861,0.24957524802501949,2669,1
0.75,8.0,0.3500000000000001,0.16605368120676609,0.17154739967555388,0.2093270628201783,0.8340288247133264,1.0,0.8340288247133264,0.22462005239156696,0.17308152443093985,0.9818886321576094,0.23300690492011578,1.9952976635441861,0.24957524802501949,2669,1
0.75,8.0,0.40000000000000013,0.17998134989981932,0.18309010114109583,0.21697868183190805,0.8200999315755568,1.0,0.8200999315755568,0.22462005239156696,0.17308152443093985,0.9818886321576094,0.23300690492011578,1.9952976635441861,0.24957524802501949,2669,1
0.75,8.0,0.45000000000000007,0.1972188301259615,0.19963766538455247,0.23618329947125816,0.8028608691926876,1.0,0.8028608691926876,0.22462005239156696,0.17308152443093985,0.9818886321576094,0.23300690492011578,1.9952976635441861,0.24957524802501949,2669,1
0.75,8.0,0.5000000000000001,0.20766106005252957,0.2093911954422286,0.24557306897650083,0.792417734203409,1.0,0.7924177342034089,0.22462005239156696,0.17308152443093985,0.9818886321576094,0.23300690492011578,1.9952976635441861,0.24957524802501949,2669,1
0.75,8.0,0.5500000000000002,0.22416417537329394,0.2256150879351477,0.2574897599355319,0.7759129582682814,1.0,0.7759129582682813,0.22462005239156696,0.17308152443093985,0.9818886321576094,0.23300690492011578,1.9952976635441861,0.24957524802501949,2669,1
0.75,8.0,0.6000000000000002,0.24625950796956025,0.247333457424607,0.2655975578209353,0.7538153586190423,1.0,0.7538153586190424,0.22462005239156696,0.17308152443093985,0.9818886321576094,0.23300690492011578,1.9952976635441861,0.24957524802501949,2669,1
0.75,8.0,0.6500000000000001,0.26712886655753104,0.26791396769496084,0.2826004815003752,0.7329438999018876,1.0,0.7329438999018877,0.22462005239156696,0.17308152443093985,0.9818886321576094,0.23300690492011578,1.9952976635441861,0.24957524802501949,2669,1
0.75,8.0,0.7000000000000002,0.2909188179101961,0.2914691350075263,0.3028840169992563,0.7091516223983744,1.0,0.7091516223983744,0.22462005239156696,0.17308152443093985,0.9818886321576094,0.23300690492011578,1.9952976635441861,0.24957524802501949,2669,1
0.75,8.0,0.7500000000000002,0.3147149090614085,0.31499036155112536,0.325977419614798,0.6853532459618688,1.0,0.6853532459618688,0.22462005239156696,0.17308152443093985,0.9818886321576094,0.23300690492011578,1.9952976635441861,0.24957524802501949,2669,1
0.75,8.0,0.8000000000000002,0.3392062822338425,0.3395698703352698,0.359921871073543,0.6608593664808947,1.0,0.6608593664808947,0.22462005239156696,0.17308152443093985,0.9818886321576094,0.23300690492011578,1.9952976635441861,0.24957524802501949,2669,1
0.75,8.0,0.8500000000000002,0.371837566184175,0.37262235709734787,0.40343935857012947,0.6282245710347371,1.0,0.628224571034737,0.22462005239156696,0.17308152443093985,0.9818886321576094,0.23300690492011578,1.9952976635441861,0.24957524802501949,2669,1
0.75,8.0,0.9000000000000002,0.43609926613493993,0.436827488121867,0.46193039852779083,0.5639565925735627,1.0,0.5639565925735627,0.22462005239156696,0.17308152443093985,0.9818886321576094,0.23300690492011578,1.9952976635441861,0.24957524802501949,2669,1
0.75,8.0,0.9500000000000003,0.5016435302135783,0.5039249106016476,0.5588011577105056,0.4984053048109437,1.0,0.49840530481094375,0.22462005239156696,0.17308152443093985,0.9818886321576094,0.23300690492011578,1.9952976635441861,0.24957524802501949,2669,1
0.75,8.5,0.1,0.08869583931506439,0.0993948568089128,0.13418150315873875,0.9091639799675405,0.9987296910399998,0.9104145715461266,0.22462005239156696,0.16214311142894872,0.9818886321576094,0.23300690492011578,1.9952976635441861,0.24957524802501949,2669,1
0.75,8.5,0.15000000000000002,0.10789804739846445,0.1165127241748281,0.1508374136540985,0.892190285426531,1.0,0.892190285426531,0.22462005239156696,0.16214311142894872,0.9818886321576094,0.23300690492011578,1.9952976635441861,0.24957524802501949,2669,1
0.75,8.5,0.20000000000000004,0.12137644193432232,0.1273789509816473,0.16429398153999172,0.8787105984833686,1.0,0.8787105984833686,0.22462005239156696,0.16214311142894872,0.9818886321576094,0.23300690492011578,1.9952976635441861,0.24957524802501949,2669,1
0.75,8.5,0.25000000000000006,0.1442151576704678,0.14885490042553473,0.17224331950783198,0.8558696351791685,1.0,0.8558696351791685,0.22462005239156696,0.16214311142894872,0.9818886321576094,0.23300690492011578,1.9952976635441861,0.24957524802501949,2669,1
0.75,8.5,0.30000000000000004,0.15829391782253774,0.16357136682852508,0.1953187877557072,0.8417894064802168,1.0,0.8417894064802168,0.22462005239156696,0.16214311142894872,0.9818886321576094,0.23300690492011578,1.9952976635441861,0.24957524802501949,2669,1
0.75,8.5,0.3500000000000001,0.16605368120676609,0.17154739967555388,0.2093270628201783,0.8340288247133264,1.0,0.8340288247133264,0.22462005239156696,0.16214311142894872,0.9818886321576094,0.23300690492011578,1.9952976635441861,0.24957524802501949,2669,1
0.75,8.5,0.40000000000000013,0.17998134989981932,0.18309010114109583,0.21697868183190805,0.8200999315755568,1.0,0.8200999315755568,0.22462005239156696,0.16214311142894872,0.9818886321576094,0.23300690492011578,1.9952976635441861,0.24957524802501949,2669,1
0.75,8.5,0.45000000000000007,0.1972188301259615,0.19963766538455247,0.23618329947125816,0.8028608691926876,1.0,0.8028608691926876,0.22462005239156696,0.16214311142894872,0.9818886321576094,0.23300690492011578,1.9952976635441861,0.24957524802501949,2669,1
0.75,8.5,0.5000000000000001,0.20766106005252957,0.2093911954422286,0.24557306897650083,0.792417734203409,1.0,0.7924177342034089,0.22462005239156696,0.16214311142894872,0.9818886321576094,0.23300690492011578,1.9952976635441861,0.24957524802501949,2669,1
0.75,8.5,0.5500000000000002,0.22416417537329394,0.2256150879351477,0.2574897599355319,0.7759129582682814,1.0,0.7759129582682813,0.22462005239156696,0.16214311142894872,0.9818886321576094,0.23300690492011578,1.9952976635441861,0.24957524802501949,2669,1
0.75,8.5,0.6000000000000002,0.24625950796956025,0.247333457424607,0.2655975578209353,0.7538153586190423,1.0,0.7538153586190424,0.22462005239156696,0.16214311142894872,0.9818886321576094,0.23300690492011578,1.9952976635441861,0.24957524802501949,2669,1
0.75,8.5,0.6500000000000001,0.26712886655753104,0.26791396769496084,0.2826004815003752,0.7329438999018876,1.0,0.7329438999018877,0.22462005239156696,0.16214311142894872,0.9818886321576094,0.23300690492011578,1.9952976635441861,0.24957524802501949,2669,1
0.75,8.5,0.7000000000000002,0.2909188179101961,0.2914691350075263,0.3028840169992563,0.7091516223983744,1.0,0.7091516223983744,0.22462005239156696,0.16214311142894872,0.9818886321576094,0.23300690492011578,1.9952976635441861,0.24957524802501949,2669,1
0.75,8.5,0.7500000000000002,0.3147149090614085,0.31499036155112536,0.325977419614798,0.6853532459618688,1.0,0.6853532459618688,0.22462005239156696,0.16214311142894872,0.9818886321576094,0.23300690492011578,1.9952976635441861,0.24957524802501949,2669,1
0.75,8.5,0.8000000000000002,0.3392062822338425,0.3395698703352698,0.359921871073543,0.6608593664808947,1.0,0.6608593664808947,0.22462005239156696,0.16214311142894872,0.9818886321576094,0.23300690492011578,1.9952976635441861,0.24957524802501949,2669,1
0.75,8.5,0.8500000000000002,0.371837566184175,0.37262235709734787,0.40343935857012947,0.6282245710347371,1.0,0.628224571034737,0.22462005239156696,0.16214311142894872,0.9818886321576094,0.23300690492011578,1.9952976635441861,0.24957524802501949,2669,1
0.75,8.5,0.9000000000000002,0.43609926613493993,0.436827488121867,0.46193039852779083,0.5639565925735627,1.0,0.5639565925735627,0.22462005239156696,0.16214311142894872,0.9818886321576094,0.23300690492011578,1.9952976635441861,0.24957524802501949,2669,1
0.75,8.5,0.9500000000000003,0.5016435302135783,0.5039249106016476,0.5588011577105056,0.4984053048109437,1.0,0.49840530481094375,0.22462005239156696,0.16214311142894872,0.9818886321576094,0.23300690492011578,1.9952976635441861,0.24957524802501949,2669,1
0.75,9.0,0.1,0.08869583931506439,0.0993948568089128,0.13418150315873875,0.9091639799675405,0.9987296910399998,0.9104145715461266,0.22462005239156696,0.14749073827790402,0.9818886321576094,0.23300690492011578,1.9952976635441861,0.24957524802501949,2669,1
0.75,9.0,0.15000000000000002,0.10789804739846445,0.1165127241748281,0.1508374136540985,0.892190285426531,1.0,0.892190285426531,0.22462005239156696,0.14749073827790402,0.9818886321576094,0.23300690492011578,1.9952976635441861,0.24957524802501949,2669,1
0.75,9.0,0.20000000000000004,0.12137644193432232,0.1273789509816473,0.16429398153999172,0.8787105984833686,1.0,0.8787105984833686,0.22462005239156696,0.14749073827790402,0.9818886321576094,0.23300690492011578,1.9952976635441861,0.24957524802501949,2669,1
0.75,9.0,0.25000000000000006,0.1442151576704678,0.14885490042553473,0.17224331950783198,0.8558696351791685,1.0,0.8558696351791685,0.22462005239156696,0.14749073827790402,0.9818886321576094,0.23300690492011578,1.9952976635441861,0.24957524802501949,2669,1
0.75,9.0,0.30000000000000004,0.15829391782253774,0.16357136682852508,0.1953187877557072,0.8417894064802168,1.0,0.8417894064802168,0.22462005239156696,0.14749073827790402,0.9818886321576094,0.23300690492011578,1.9952976635441861,0.24957524802501949,2669,1
0.75,9.0,0.3500000000000001,0.16605368120676609,0.17154739967555388,0.2093270628201783,0.8340288247133264,1.0,0.8340288247133264,0.22462005239156696,0.14749073827790402,0.9818886321576094,0.23300690492011578,1.9952976635441861,0.24957524802501949,2669,1
0.75,9.0,0.40000000000000013,0.17998134989981932,0.18309010114109583,0.21697868183190805,0.8200999315755568,1.0,0.8200999315755568,0.22462005239156696,0.14749073827790402,0.9818886321576094,0.23300690492011578,1.9952976635441861,0.24957524802501949,2669,1
0.75,9.0,0.45000000000000007,0.1972188301259615,0.19963766538455247,0.23618329947125816,0.8028608691926876,1.0,0.8028608691926876,0.22462005239156696,0.14749073827790402,0.9818886321576094,0.23300690492011578,1.9952976635441861,0.24957524802501949,2669,1
0.75,9.0,0.5000000000000001,0.20766106005252957,0.2093911954422286,0.24557306897650083,0.792417734203409,1.0,0.7924177342034089,0.22462005239156696,0.14749073827790402,0.9818886321576094,0.23300690492011578,1.9952976635441861,0.24957524802501949,2669,1
0.75,9.0,0.5500000000000002,0.22416417537329394,0.2256150879351477,0.2574897599355319,0.7759129582682814,1.0,0.7759129582682813,0.22462005239156696,0.14749073827790402,0.9818886321576094,0.23300690492011578,1.9952976635441861,0.24957524802501949,2669,1
0.75,9.0,0.6000000000000002,0.24625950796956025,0.247333457424607,0.2655975578209353,0.7538153586190423,1.0,0.7538153586190424,0.22462005239156696,0.14749073827790402,0.9818886321576094,0.23300690492011578,1.9952976635441861,0.24957524802501949,2669,1
0.75,9.0,0.6500000000000001,0.26712886655753104,0.26791396769496084,0.2826004815003752,0.7329438999018876,1.0,0.7329438999018877,0.22462005239156696,0.14749073827790402,0.9818886321576094,0.23300690492011578,1.9952976635441861,0.24957524802501949,2669,1
0.75,9.0,0.7000000000000002,0.2909188179101961,0.2914691350075263,0.3028840169992563,0.7091516223983744,1.0,0.7091516223983744,0.22462005239156696,0.14749073827790402,0.9818886321576094,0.23300690492011578,1.9952976635441861,0.24957524802501949,2669,1
0.75,9.0,0.7500000000000002,0.3147149090614085,0.31499036155112536,0.325977419614798,0.6853532459618688,1.0,0.6853532459618688,0.22462005239156696,0.14749073827790402,0.9818886321576094,0.23300690492011578,1.9952976635441861,0.24957524802501949,2669,1
0.75,9.0,0.8000000000000002,0.3392062822338425,0.3395698703352698,0.359921871073543,0.6608593664808947,1.0,0.6608593664808947,0.22462005239156696,0.14749073827790402,0.9818886321576094,0.23300690492011578,1.9952976635441861,0.24957524802501949,2669,1
0.75,9.0,0.8500000000000002,0.371837566184175,0.37262235709734787,0.40343935857012947,0.6282245710347371,1.0,0.628224571034737,0.22462005239156696,0.14749073827790402,0.9818886321576094,0.23300690492011578,1.9952976635441861,0.24957524802501949,2669,1
0.75,9.0,0.9000000000000002,0.43609926613493993,0.436827488121867,0.46193039852779083,0.5639565925735627,1.0,0.5639565925735627,0.22462005239156696,0.14749073827790402,0.9818886321576094,0.23300690492011578,1.9952976635441861,0.24957524802501949,2669,1
0.75,9.0,0.9500000000000003,0.5016435302135783,0.5039249106016476,0.5588011577105056,0.4984053048109437,1.0,0.49840530481094375,0.22462005239156696,0.14749073827790402,0.9818886321576094,0.23300690492011578,1.9952976635441861,0.24957524802501949,2669,1
0.75,9.5,0.1,0.08869583931506439,0.0993948568089128,0.13418150315873875,0.9091639799675405,0.9987296910399998,0.9104145715461266,0.22462005239156696,0.13254388440888168,0.9818886321576094,0.23300690492011578,1.9952976635441861,0.24957524802501949,2669,1
0.75,9.5,0.15000000000000002,0.10789804739846445,0.1165127241748281,0.1508374136540985,0.892190285426531,1.0,0.892190285426531,0.22462005239156696,0.13254388440888168,0.9818886321576094,0.23300690492011578,1.9952976635441861,0.24957524802501949,2669,1
0.75,9.5,0.20000000000000004,0.12137644193432232,0.1273789509816473,0.16429398153999172,0.8787105984833686,1.0,0.8787105984833686,0.22462005239156696,0.13254388440888168,0.9818886321576094,0.23300690492011578,1.9952976635441861,0.24957524802501949,2669,1
0.75,9.5,0.25000000000000006,0.1442151576704678,0.14885490042553473,0.17224331950783198,0.8558696351791685,1.0,0.8558696351791685,0.22462005239156696,0.13254388440888168,0.9818886321576094,0.23300690492011578,1.9952976635441861,0.24957524802501949,2669,1
0.75,9.5,0.30000000000000004,0.15829391782253774,0.16357136682852508,0.1953187877557072,0.8417894064802168,1.0,0.8417894064802168,0.22462005239156696,0.13254388440888168,0.9818886321576094,0.23300690492011578,1.9952976635441861,0.24957524802501949,2669,1
0.75,9.5,0.3500000000000001,0.16605368120676609,0.17154739967555388,0.2093270628201783,0.8340288247133264,1.0,0.8340288247133264,0.22462005239156696,0.13254388440888168,0.9818886321576094,0.23300690492011578,1.9952976635441861,0.24957524802501949,2669,1
0.75,9.5,0.40000000000000013,0.17998134989981932,0.18309010114109583,0.21697868183190805,0.8200999315755568,1.0,0.8200999315755568,0.22462005239156696,0.13254388440888168,0.9818886321576094,0.23300690492011578,1.9952976635441861,0.24957524802501949,2669,1
0.75,9.5,0.45000000000000007,0.1972188301259615,0.19963766538455247,0.23618329947125816,0.8028608691926876,1.0,0.8028608691926876,0.22462005239156696,0.13254388440888168,0.9818886321576094,0.23300690492011578,1.9952976635441861,0.24957524802501949,2669,1
0.75,9.5,0.5000000000000001,0.20766106005252957,0.2093911954422286,0.24557306897650083,0.792417734203409,1.0,0.7924177342034089,0.22462005239156696,0.13254388440888168,0.9818886321576094,0.23300690492011578,1.9952976635441861,0.24957524802501949,2669,1
0.75,9.5,0.5500000000000002,0.22416417537329394,0.2256150879351477,0.2574897599355319,0.7759129582682814,1.0,0.7759129582682813,0.22462005239156696,0.13254388440888168,0.9818886321576094,0.23300690492011578,1.9952976635441861,0.24957524802501949,2669,1
0.75,9.5,0.6000000000000002,0.24625950796956025,0.247333457424607,0.2655975578209353,0.7538153586190423,1.0,0.7538153586190424,0.22462005239156696,0.13254388440888168,0.9818886321576094,0.23300690492011578,1.9952976635441861,0.24957524802501949,2669,1
0.75,9.5,0.6500000000000001,0.26712886655753104,0.26791396769496084,0.2826004815003752,0.7329438999018876,1.0,0.7329438999018877,0.22462005239156696,0.13254388440888168,0.9818886321576094,0.23300690492011578,1.9952976635441861,0.24957524802501949,2669,1
0.75,9.5,0.7000000000000002,0.2909188179101961,0.2914691350075263,0.3028840169992563,0.7091516223983744,1.0,0.7091516223983744,0.22462005239156696,0.13254388440888168,0.9818886321576094,0.23300690492011578,1.9952976635441861,0.24957524802501949,2669,1
0.75,9.5,0.7500000000000002,0.3147149090614085,0.31499036155112536,0.325977419614798,0.6853532459618688,1.0,0.6853532459618688,0.22462005239156696,0.13254388440888168,0.9818886321576094,0.23300690492011578,1.9952976635441861,0.24957524802501949,2669,1
0.75,9.5,0.8000000000000002,0.3392062822338425,0.3395698703352698,0.359921871073543,0.6608593664808947,1.0,0.6608593664808947,0.22462005239156696,0.13254388440888168,0.9818886321576094,0.23300690492011578,1.9952976635441861,0.24957524802501949,2669,1
0.75,9.5,0.8500000000000002,0.371837566184175,0.37262235709734787,0.40343935857012947,0.6282245710347371,1.0,0.628224571034737,0.22462005239156696,0.13254388440888168,0.9818886321576094,0.23300690492011578,1.9952976635441861,0.24957524802501949,2669,1
0.75,9.5,0.9000000000000002,0.43609926613493993,0.436827488121867,0.46193039852779083,0.5639565925735627,1.0,0.5639565925735627,0.22462005239156696,0.13254388440888168,0.9818886321576094,0.23300690492011578,1.9952976635441861,0.24957524802501949,2669,1
0.75,9.5,0.9500000000000003,0.5016435302135783,0.5039249106016476,0.5588011577105056,0.4984053048109437,1.0,0.49840530481094375,0.22462005239156696,0.13254388440888168,0.9818886321576094,0.23300690492011578,1.9952976635441861,0.24957524802501949,2669,1
0.75,10.0,0.1,0.08869583931506439,0.0993948568089128,0.13418150315873875,0.9091639799675405,0.9987296910399998,0.9104145715461266,0.22462005239156696,0.12134826781977846,0.9818886321576094,0.23300690492011578,1.9952976635441861,0.24957524802501949,2669,1
0.75,10.0,0.15000000000000002,0.10789804739846445,0.1165127241748281,0.1508374136540985,0.892190285426531,1.0,0.892190285426531,0.22462005239156696,0.12134826781977846,0.9818886321576094,0.23300690492011578,1.9952976635441861,0.24957524802501949,2669,1
0.75,10.0,0.20000000000000004,0.12137644193432232,0.1273789509816473,0.16429398153999172,0.8787105984833686,1.0,0.8787105984833686,0.22462005239156696,0.12134826781977846,0.9818886321576094,0.23300690492011578,1.9952976635441861,0.24957524802501949,2669,1
0.75,10.0,0.25000000000000006,0.1442151576704678,0.14885490042553473,0.17224331950783198,0.8558696351791685,1.0,0.8558696351791685,0.22462005239156696,0.12134826781977846,0.9818886321576094,0.23300690492011578,1.9952976635441861,0.24957524802501949,2669,1
0.75,10.0,0.30000000000000004,0.15829391782253774,0.16357136682852508,0.1953187877557072,0.8417894064802168,1.0,0.8417894064802168,0.22462005239156696,0.12134826781977846,0.9818886321576094,0.23300690492011578,1.9952976635441861,0.24957524802501949,2669,1
0.75,10.0,0.3500000000000001,0.16605368120676609,0.17154739967555388,0.2093270628201783,0.8340288247133264,1.0,0.8340288247133264,0.22462005239156696,0.12134826781977846,0.9818886321576094,0.23300690492011578,1.9952976635441861,0.24957524802501949,2669,1
0.75,10.0,0.40000000000000013,0.17998134989981932,0.18309010114109583,0.21697868183190805,0.8200999315755568,1.0,0.8200999315755568,0.22462005239156696,0.12134826781977846,0.9818886321576094,0.23300690492011578,1.9952976635441861,0.24957524802501949,2669,1
0.75,10.0,0.45000000000000007,0.1972188301259615,0.19963766538455247,0.23618329947125816,0.8028608691926876,1.0,0.8028608691926876,0.22462005239156696,0.12134826781977846,0.9818886321576094,0.23300690492011578,1.9952976635441861,0.24957524802501949,2669,1
0.75,10.0,0.5000000000000001,0.20766106005252957,0.2093911954422286,0.24557306897650083,0.792417734203409,1.0,0.7924177342034089,0.22462005239156696,0.12134826781977846,0.9818886321576094,0.23300690492011578,1.9952976635441861,0.24957524802501949,2669,1
0.75,10.0,0.5500000000000002,0.22416417537329394,0.2256150879351477,0.2574897599355319,0.7759129582682814,1.0,0.7759129582682813,0.22462005239156696,0.12134826781977846,0.9818886321576094,0.23300690492011578,1.9952976635441861,0.24957524802501949,2669,1
0.75,10.0,0.6000000000000002,0.24625950796956025,0.247333457424607,0.2655975578209353,0.7538153586190423,1.0,0.7538153586190424,0.22462005239156696,0.12134826781977846,0.9818886321576094,0.23300690492011578,1.9952976635441861,0.24957524802501949,2669,1
0.75,10.0,0.6500000000000001,0.26712886655753104,0.26791396769496084,0.2826004815003752,0.7329438999018876,1.0,0.7329438999018877,0.22462005239156696,0.12134826781977846,0.9818886321576094,0.23300690492011578,1.9952976635441861,0.24957524802501949,2669,1
0.75,10.0,0.7000000000000002,0.2909188179101961,0.2914691350075263,0.3028840169992563,0.7091516223983744,1.0,0.7091516223983744,0.22462005239156696,0.12134826781977846,0.9818886321576094,0.23300690492011578,1.9952976635441861,0.24957524802501949,2669,1
0.75,10.0,0.7500000000000002,0.3147149090614085,0.31499036155112536,0.325977419614798,0.6853532459618688,1.0,0.6853532459618688,0.22462005239156696,0.12134826781977846,0.9818886321576094,0.23300690492011578,1.9952976635441861,0.24957524802501949,2669,1
0.75,10.0,0.8000000000000002,0.3392062822338425,0.3395698703352698,0.359921871073543,0.6608593664808947,1.0,0.6608593664808947,0.22462005239156696,0.12134826781977846,0.9818886321576094,0.23300690492011578,1.9952976635441861,0.24957524802501949,2669,1
0.75,10.0,0.8500000000000002,0.371837566184175,0.37262235709734787,0.40343935857012947,0.6282245710347371,1.0,0.628224571034737,0.22462005239156696,0.12134826781977846,0.9818886321576094,0.23300690492011578,1.9952976635441861,0.24957524802501949,2669,1
0.75,10.0,0.9000000000000002,0.43609926613493993,0.436827488121867,0.46193039852779083,0.5639565925735627,1.0,0.5639565925735627,0.22462005239156696,0.12134826781977846,0.9818886321576094,0.23300690492011578,1.9952976635441861,0.24957524802501949,2669,1
0.75,10.0,0.9500000000000003,0.5016435302135783,0.5039249106016476,0.5588011577105056,0.4984053048109437,1.0,0.49840530481094375,0.22462005239156696,0.12134826781977846,0.9818886321576094,0.23300690492011578,1.9952976635441861,0.24957524802501949,2669,1
0.9,5.0,0.1,0.08577260723162519,0.09930056993317243,0.14565983432404273,0.9118385833363151,0.9968705385126884,0.9149235446584084,0.24370634326179322,0.3603870958401444,0.9839564902759068,0.3519296957715526,3.004929363945367,0.5034125278046029,2669,1
0.9,5.0,0.15000000000000002,0.10081963130477346,0.11480917571084438,0.16472301912495935,0.8955579438647417,0.9981146333668578,0.8973874065683541,0.24370634326179322,0.3603870958401444,0.9839564902759068,0.3519296957715526,3.004929363945367,0.5034125278046029,2669,1
0.9,5.0,0.20000000000000004,0.11428743626331625,0.12354161380796093,0.16472301912495935,0.8858001402378128,1.0,0.8858001402378128,0.24370634326179322,0.3603870958401444,0.9839564902759068,0.3519296957715526,3.004929363945367,0.5034125278046029,2669,1
0.9,5.0,0.25000000000000006,0.1393311730640652,0.14504331009298768,0.16919687041734102,0.8607540036075051,1.0,0.8607540036075051,0.24370634326179322,0.3603870958401444,0.9839564902759068,0.3519296957715526,3.004929363945367,0.5034125278046029,2669,1
0.9,5.0,0.30000000000000004,0.15720140761096185,0.16330131630898698,0.1950797796102539,0.8428818597718122,1.0,0.8428818597718122,0.24370634326179322,0.3603870958401444,0.9839564902759068,0.3519296957715526,3.004929363945367,0.5034125278046029,2669,1
0.9,5.0,0.3500000000000001,0.1726545658843488,0.17705949267423077,0.2021709665774311,0.8274272700012155,1.0,0.8274272700012155,0.24370634326179322,0.3603870958401444,0.9839564902759068,0.3519296957715526,3.004929363945367,0.5034125278046029,2669,1
0.9,5.0,0.40000000000000013,0.19311382636814037,0.1975849693752379,0.23813226321144354,0.806966027158228,1.0,0.806966027158228,0.24370634326179322,0.3603870958401444,0.9839564902759068,0.3519296957715526,3.004929363945367,0.5034125278046029,2669,1
0.9,5.0,0.45000000000000007,0.21314498112391908,0.21508351775977122,0.2500455819699908,0.7869331909045385,1.0,0.7869331909045385,0.24370634326179322,0.3603870958401444,0.9839564902759068,0.3519296957715526,3.004929363945367,0.5034125278046029,2669,1
0.9,5.0,0.5000000000000001,0.2319927541296541,0.23290628361630417,0.2584212105195152,0.7680836066400174,1.0,0.7680836066400174,0.24370634326179322,0.3603870958401444,0.9839564902759068,0.3519296957715526,3.004929363945367,0.5034125278046029,2669,1
0.9,5.0,0.5500000000000002,0.24877952978612186,0.24933661931217904,0.2709805661701964,0.7512950875927026,1.0,0.7512950875927026,0.24370634326179322,0.3603870958401444,0.9839564902759068,0.3519296957715526,3.004929363945367,0.5034125278046029,2669,1
0.9,5.0,0.6000000000000002,0.274245807100128,0.2746375293962659,0.2984941186353551,0.7258263279168015,1.0,0.7258263279168015,0.24370634326179322,0.3603870958401444,0.9839564902759068,0.3519296957715526,3.004929363945367,0.5034125278046029,2669,1
0.9,5.0,0.6500000000000001,0.3017636982745402,0.3021454786357128,0.32203107039162815,0.6983056649679018,1.0,0.6983056649679019,0.24370634326179322,0.3603870958401444,0.9839564902759068,0.3519296957715526,3.004929363945367,0.5034125278046029,2669,1
0.9,5.0,0.7000000000000002,0.3315809968337007,0.3319639091968187,0.3492064557695514,0.668485489005582,1.0,0.668485489005582,0.24370634326179322,0.3603870958401444,0.9839564902759068,0.3519296957715526,3.004929363945367,0.5034125278046029,2669,1
0.9,5.0,0.7500000000000002,0.3564820125655289,0.35705742381947475,0.3734852796949302,0.6435818800995058,1.0,0.6435818800995058,0.24370634326179322,0.3603870958401444,0.9839564902759068,0.3519296957715526,3.004929363945367,0.5034125278046029,2669,1
0.9,5.0,0.8000000000000002,0.38435766623203926,0.38521382308203816,0.409430751464782,0.6157033364271809,1.0,0.6157033364271809,0.24370634326179322,0.3603870958401444,0.9839564902759068,0.3519296957715526,3.004929363945367,0.5034125278046029,2669,1
0.9,5.0,0.8500000000000002,0.4096204708414795,0.4104108080276197,0.4360498860856292,0.5904379851298055,1.0,0.5904379851298055,0.24370634326179322,0.3603870958401444,0.9839564902759068,0.3519296957715526,3.004929363945367,0.5034125278046029,2669,1
0.9,5.0,0.9000000000000002,0.46099768952743225,0.4613432814849435,0.4858565773963212,0.539055720157963,1.0,0.539055720157963,0.24370634326179322,0.3603870958401444,0.9839564902759068,0.3519296957715526,3.004929363945367,0.5034125278046029,2669,1
0.9,5.0,0.9500000000000003,0.5301074638680517,0.5312094198614044,0.5786663737602995,0.4699388859294234,1.0,0.4699388859294233,0.24370634326179322,0.3603870958401444,0.9839564902759068,0.3519296957715526,3.004929363945367,0.5034125278046029,2669,1
0.9,5.5,0.1,0.08577260723162519,0.09930056993317243,0.14565983432404273,0.9118385833363151,0.9968705385126884,0.9149235446584084,0.24370634326179322,0.34794506118601126,0.9839564902759068,0.3519296957715526,3.004929363945367,0.5034125278046029,2669,1
0.9,5.5,0.15000000000000002,0.10081963130477346,0.11480917571084438,0.16472301912495935,0.8955579438647417,0.9981146333668578,0.8973874065683541,0.24370634326179322,0.34794506118601126,0.9839564902759068,0.3519296957715526,3.004929363945367,0.5034125278046029,2669,1
0.9,5.5,0.20000000000000004,0.11428743626331625,0.12354161380796093,0.16472301912495935,0.8858001402378128,1.0,0.8858001402378128,0.24370634326179322,0.34794506118601126,0.9839564902759068,0.3519296957715526,3.004929363945367,0.5034125278046029,2669,1
0.9,5.5,0.25000000000000006,0.1393311730640652,0.14504331009298768,0.16919687041734102,0.8607540036075051,1.0,0.8607540036075051,0.24370634326179322,0.34794506118601126,0.9839564902759068,0.3519296957715526,3.004929363945367,0.5034125278046029,2669,1
0.9,5.5,0.30000000000000004,0.15720140761096185,0.16330131630898698,0.1950797796102539,0.8428818597718122,1.0,0.8428818597718122,0.24370634326179322,0.34794506118601126,0.9839564902759068,0.3519296957715526,3.004929363945367,0.5034125278046029,2669,1
0.9,5.5,0.3500000000000001,0.1726545658843488,0.17705949267423077,0.2021709665774311,0.8274272700012155,1.0,0.8274272700012155,0.24370634326179322,0.34794506118601126,0.9839564902759068,0.3519296957715526,3.004929363945367,0.5034125278046029,2669,1
0.9,5.5,0.40000000000000013,0.19311382636814037,0.1975849693752379,0.23813226321144354,0.806966027158228,1.0,0.806966027158228,0.24370634326179322,0.34794506118601126,0.9839564902759068,0.3519296957715526,3.004929363945367,0.5034125278046029,2669,1
0.9,5.5,0.45000000000000007,0.21314498112391908,0.21508351775977122,0.2500455819699908,0.7869331909045385,1.0,0.7869331909045385,0.24370634326179322,0.34794506118601126,0.9839564902759068,0.3519296957715526,3.004929363945367,0.5034125278046029,2669,1
0.9,5.5,0.5000000000000001,0.2319927541296541,0.23290628361630417,0.2584212105195152,0.7680836066400174,1.0,0.7680836066400174,0.24370634326179322,0.34794506118601126,0.9839564902759068,0.3519296957715526,3.004929363945367,0.5034125278046029,2669,1
0.9,5.5,0.5500000000000002,0.24877952978612186,0.24933661931217904,0.2709805661701964,0.7512950875927026,1.0,0.7512950875927026,0.24370634326179322,0.34794506118601126,0.9839564902759068,0.3519296957715526,3.004929363945367,0.5034125278046029,2669,1
0.9,5.5,0.6000000000000002,0.274245807100128,0.2746375293962659,0.2984941186353551,0.7258263279168015,1.0,0.7258263279168015,0.24370634326179322,0.34794506118601126,0.9839564902759068,0.3519296957715526,3.004929363945367,0.5034125278046029,2669,1
0.9,5.5,0.6500000000000001,0.3017636982745402,0.3021454786357128,0.32203107039162815,0.6983056649679018,1.0,0.6983056649679019,0.24370634326179322,0.34794506118601126,0.9839564902759068,0.3519296957715526,3.004929363945367,0.5034125278046029,2669,1
0.9,5.5,0.7000000000000002,0.3315809968337007,0.3319639091968187,0.3492064557695514,0.668485489005582,1.0,0.668485489005582,0.24370634326179322,0.34794506118601126,0.9839564902759068,0.3519296957715526,3.004929363945367,0.5034125278046029,2669,1
0.9,5.5,0.7500000000000002,0.3564820125655289,0.35705742381947475,0.3734852796949302,0.6435818800995058,1.0,0.6435818800995058,0.24370634326179322,0.34794506118601126,0.9839564902759068,0.3519296957715526,3.004929363945367,0.5034125278046029,2669,1
0.9,5.5,0.8000000000000002,0.38435766623203926,0.38521382308203816,0.409430751464782,0.6157033364271809,1.0,0.6157033364271809,0.24370634326179322,0.34794506118601126,0.9839564902759068,0.3519296957715526,3.004929363945367,0.5034125278046029,2669,1
0.9,5.5,0.8500000000000002,0.4096204708414795,0.4104108080276197,0.4360498860856292,0.5904379851298055,1.0,0.5904379851298055,0.24370634326179322,0.34794506118601126,0.9839564902759068,0.3519296957715526,3.004929363945367,0.5034125278046029,2669,1
0.9,5.5,0.9000000000000002,0.46099768952743225,0.4613432814849435,0.4858565773963212,0.539055720157963,1.0,0.539055720157963,0.24370634326179322,0.34794506118601126,0.9839564902759068,0.3519296957715526,3.004929363945367,0.5034125278046029,2669,1
0.9,5.5,0.9500000000000003,0.5301074638680517,0.5312094198614044,0.5786663737602995,0.4699388859294234,1.0,0.4699388859294233,0.24370634326179322,0.34794506118601126,0.9839564902759068,0.3519296957715526,3.004929363945367,0.5034125278046029,2669,1
0.9,6.0,0.1,0.08577260723162519,0.09930056993317243,0.14565983432404273,0.9118385833363151,0.9968705385126884,0.9149235446584084,0.24370634326179322,0.32832619318222483,0.9839564902759068,0.3519296957715526,3.004929363945367,0.5034125278046029,2669,1
0.9,6.0,0.15000000000000002,0.10081963130477346,0.11480917571084438,0.16472301912495935,0.8955579438647417,0.9981146333668578,0.8973874065683541,0.24370634326179322,0.32832619318222483,0.9839564902759068,0.3519296957715526,3.004929363945367,0.5034125278046029,2669,1
0.9,6.0,0.20000000000000004,0.11428743626331625,0.12354161380796093,0.16472301912495935,0.8858001402378128,1.0,0.8858001402378128,0.24370634326179322,0.32832619318222483,0.9839564902759068,0.3519296957715526,3.004929363945367,0.5034125278046029,2669,1
0.9,6.0,0.25000000000000006,0.1393311730640652,0.14504331009298768,0.16919687041734102,0.8607540036075051,1.0,0.8607540036075051,0.24370634326179322,0.32832619318222483,0.9839564902759068,0.3519296957715526,3.004929363945367,0.5034125278046029,2669,1
0.9,6.0,0.30000000000000004,0.15720140761096185,0.16330131630898698,0.1950797796102539,0.8428818597718122,1.0,0.8428818597718122,0.24370634326179322,0.32832619318222483,0.9839564902759068,0.3519296957715526,3.004929363945367,0.5034125278046029,2669,1
0.9,6.0,0.3500000000000001,0.1726545658843488,0.17705949267423077,0.2021709665774311,0.8274272700012155,1.0,0.8274272700012155,0.24370634326179322,0.32832619318222483,0.9839564902759068,0.3519296957715526,3.004929363945367,0.5034125278046029,2669,1
0.9,6.0,0.40000000000000013,0.19311382636814037,0.1975849693752379,0.23813226321144354,0.806966027158228,1.0,0.806966027158228,0.24370634326179322,0.32832619318222483,0.9839564902759068,0.3519296957715526,3.004929363945367,0.5034125278046029,2669,1
0.9,6.0,0.45000000000000007,0.21314498112391908,0.21508351775977122,0.2500455819699908,0.7869331909045385,1.0,0.7869331909045385,0.24370634326179322,0.32832619318222483,0.9839564902759068,0.3519296957715526,3.004929363945367,0.5034125278046029,2669,1
0.9,6.0,0.5000000000000001,0.2319927541296541,0.23290628361630417,0.2584212105195152,0.7680836066400174,1.0,0.7680836066400174,0.24370634326179322,0.32832619318222483,0.9839564902759068,0.3519296957715526,3.004929363945367,0.5034125278046029,2669,1
0.9,6.0,0.5500000000000002,0.24877952978612186,0.24933661931217904,0.2709805661701964,0.7512950875927026,1.0,0.7512950875927026,0.24370634326179322,0.32832619318222483,0.9839564902759068,0.3519296957715526,3.004929363945367,0.5034125278046029,2669,1
0.9,6.0,0.6000000000000002,0.274245807100128,0.2746375293962659,0.2984941186353551,0.7258263279168015,1.0,0.7258263279168015,0.24370634326179322,0.32832619318222483,0.9839564902759068,0.3519296957715526,3.004929363945367,0.5034125278046029,2669,1
0.9,6.0,0.6500000000000001,0.3017636982745402,0.3021454786357128,0.32203107039162815,0.6983056649679018,1.0,0.6983056649679019,0.24370634326179322,0.32832619318222483,0.9839564902759068,0.3519296957715526,3.004929363945367,0.5034125278046029,2669,1
0.9,6.0,0.7000000000000002,0.3315809968337007,0.3319639091968187,0.3492064557695514,0.668485489005582,1.0,0.668485489005582,0.24370634326179322,0.32832619318222483,0.9839564902759068,0.3519296957715526,3.004929363945367,0.5034125278046029,2669,1
0.9,6.0,0.7500000000000002,0.3564820125655289,0.35705742381947475,0.3734852796949302,0.6435818800995058,1.0,0.6435818800995058,0.24370634326179322,0.32832619318222483,0.9839564902759068,0.3519296957715526,3.004929363945367,0.5034125278046029,2669,1
0.9,6.0,0.8000000000000002,0.38435766623203926,0.38521382308203816,0.409430751464782,0.6157033364271809,1.0,0.6157033364271809,0.24370634326179322,0.32832619318222483,0.9839564902759068,0.3519296957715526,3.004929363945367,0.5034125278046029,2669,1
0.9,6.0,0.8500000000000002,0.4096204708414795,0.4104108080276197,0.4360498860856292,0.5904379851298055,1.0,0.5904379851298055,0.24370634326179322,0.32832619318222483,0.9839564902759068,0.3519296957715526,3.004929363945367,0.5034125278046029,2669,1
0.9,6.0,0.9000000000000002,0.46099768952743225,0.4613432814849435,0.4858565773963212,0.539055720157963,1.0,0.539055720157963,0.24370634326179322,0.32832619318222483,0.9839564902759068,0.3519296957715526,3.004929363945367,0.5034125278046029,2669,1
0.9,6.0,0.9500000000000003,0.5301074638680517,0.5312094198614044,0.5786663737602995,0.4699388859294234,1.0,0.4699388859294233,0.24370634326179322,0.32832619318222483,0.9839564902759068,0.3519296957715526,3.004929363945367,0.5034125278046029,2669,1
0.9,6.5,0.1,0.08577260723162519,0.09930056993317243,0.14565983432404273,0.9118385833363151,0.9968705385126884,0.9149235446584084,0.24370634326179322,0.3116467276330787,0.9839564902759068,0.3519296957715526,3.004929363945367,0.5034125278046029,2669,1
0.9,6.5,0.15000000000000002,0.10081963130477346,0.11480917571084438,0.16472301912495935,0.8955579438647417,0.9981146333668578,0.8973874065683541,0.24370634326179322,0.3116467276330787,0.9839564902759068,0.3519296957715526,3.004929363945367,0.5034125278046029,2669,1
0.9,6.5,0.20000000000000004,0.11428743626331625,0.12354161380796093,0.16472301912495935,0.8858001402378128,1.0,0.8858001402378128,0.24370634326179322,0.3116467276330787,0.9839564902759068,0.3519296957715526,3.004929363945367,0.5034125278046029,2669,1
0.9,6.5,0.25000000000000006,0.1393311730640652,0.14504331009298768,0.16919687041734102,0.8607540036075051,1.0,0.8607540036075051,0.24370634326179322,0.3116467276330787,0.9839564902759068,0.3519296957715526,3.004929363945367,0.5034125278046029,2669,1
0.9,6.5,0.30000000000000004,0.15720140761096185,0.16330131630898698,0.1950797796102539,0.8428818597718122,1.0,0.8428818597718122,0.24370634326179322,0.3116467276330787,0.9839564902759068,0.3519296957715526,3.004929363945367,0.5034125278046029,2669,1
0.9,6.5,0.3500000000000001,0.1726545658843488,0.17705949267423077,0.2021709665774311,0.8274272700012155,1.0,0.8274272700012155,0.24370634326179322,0.3116467276330787,0.9839564902759068,0.3519296957715526,3.004929363945367,0.5034125278046029,2669,1
0.9,6.5,0.40000000000000013,0.19311382636814037,0.1975849693752379,0.23813226321144354,0.806966027158228,1.0,0.806966027158228,0.24370634326179322,0.3116467276330787,0.9839564902759068,0.3519296957715526,3.004929363945367,0.5034125278046029,2669,1
0.9,6.5,0.45000000000000007,0.21314498112391908,0.21508351775977122,0.2500455819699908,0.7869331909045385,1.0,0.7869331909045385,0.24370634326179322,0.3116467276330787,0.9839564902759068,0.3519296957715526,3.004929363945367,0.5034125278046029,2669,1
0.9,6.5,0.5000000000000001,0.2319927541296541,0.23290628361630417,0.2584212105195152,0.7680836066400174,1.0,0.7680836066400174,0.24370634326179322,0.3116467276330787,0.9839564902759068,0.3519296957715526,3.004929363945367,0.5034125278046029,2669,1
0.9,6.5,0.5500000000000002,0.24877952978612186,0.24933661931217904,0.2709805661701964,0.7512950875927026,1.0,0.7512950875927026,0.24370634326179322,0.3116467276330787,0.9839564902759068,0.3519296957715526,3.004929363945367,0.5034125278046029,2669,1
0.9,6.5,0.6000000000000002,0.274245807100128,0.2746375293962659,0.2984941186353551,0.7258263279168015,1.0,0.7258263279168015,0.24370634326179322,0.3116467276330787,0.9839564902759068,0.3519296957715526,3.004929363945367,0.5034125278046029,2669,1
0.9,6.5,0.6500000000000001,0.3017636982745402,0.3021454786357128,0.32203107039162815,0.6983056649679018,1.0,0.6983056649679019,0.24370634326179322,0.3116467276330787,0.9839564902759068,0.3519296957715526,3.004929363945367,0.5034125278046029,2669,1
0.9,6.5,0.7000000000000002,0.3315809968337007,0.3319639091968187,0.3492064557695514,0.668485489005582,1.0,0.668485489005582,0.24370634326179322,0.3116467276330787,0.9839564902759068,0.3519296957715526,3.004929363945367,0.5034125278046029,2669,1
0.9,6.5,0.7500000000000002,0.3564820125655289,0.35705742381947475,0.3734852796949302,0.6435818800995058,1.0,0.6435818800995058,0.24370634326179322,0.3116467276330787,0.9839564902759068,0.3519296957715526,3.004929363945367,0.5034125278046029,2669,1
0.9,6.5,0.8000000000000002,0.38435766623203926,0.38521382308203816,0.409430751464782,0.6157033364271809,1.0,0.6157033364271809,0.24370634326179322,0.3116467276330787,0.9839564902759068,0.3519296957715526,3.004929363945367,0.5034125278046029,2669,1
0.9,6.5,0.8500000000000002,0.4096204708414795,0.4104108080276197,0.4360498860856292,0.5904379851298055,1.0,0.5904379851298055,0.24370634326179322,0.3116467276330787,0.9839564902759068,0.3519296957715526,3.004929363945367,0.5034125278046029,2669,1
0.9,6.5,0.9000000000000002,0.46099768952743225,0.4613432814849435,0.4858565773963212,0.539055720157963,1.0,0.539055720157963,0.24370634326179322,0.3116467276330787,0.9839564902759068,0.3519296957715526,3.004929363945367,0.5034125278046029,2669,1
0.9,6.5,0.9500000000000003,0.5301074638680517,0.5312094198614044,0.5786663737602995,0.4699388859294234,1.0,0.4699388859294233,0.24370634326179322,0.3116467276330787,0.9839564902759068,0.3519296957715526,3.004929363945367,0.5034125278046029,2669,1
0.9,7.0,0.1,0.08577260723162519,0.09930056993317243,0.14565983432404273,0.9118385833363151,0.9968705385126884,0.9149235446584084,0.24370634326179322,0.29805296948417676,0.9839564902759068,0.3519296957715526,3.004929363945367,0.5034125278046029,2669,1
0.9,7.0,0.15000000000000002,0.10081963130477346,0.11480917571084438,0.16472301912495935,0.8955579438647417,0.9981146333668578,0.8973874065683541,0.24370634326179322,0.29805296948417676,0.9839564902759068,0.3519296957715526,3.004929363945367,0.5034125278046029,2669,1
0.9,7.0,0.20000000000000004,0.11428743626331625,0.12354161380796093,0.16472301912495935,0.8858001402378128,1.0,0.8858001402378128,0.24370634326179322,0.29805296948417676,0.9839564902759068,0.3519296957715526,3.004929363945367,0.5034125278046029,2669,1
0.9,7.0,0.25000000000000006,0.1393311730640652,0.14504331009298768,0.16919687041734102,0.8607540036075051,1.0,0.8607540036075051,0.24370634326179322,0.29805296948417676,0.9839564902759068,0.3519296957715526,3.004929363945367,0.5034125278046029,2669,1
0.9,7.0,0.30000000000000004,0.15720140761096185,0.16330131630898698,0.1950797796102539,0.8428818597718122,1.0,0.8428818597718122,0.24370634326179322,0.29805296948417676,0.9839564902759068,0.3519296957715526,3.004929363945367,0.5034125278046029,2669,1
0.9,7.0,0.3500000000000001,0.1726545658843488,0.17705949267423077,0.2021709665774311,0.8274272700012155,1.0,0.8274272700012155,0.24370634326179322,0.29805296948417676,0.9839564902759068,0.3519296957715526,3.004929363945367,0.5034125278046029,2669,1
0.9,7.0,0.40000000000000013,0.19311382636814037,0.1975849693752379,0.23813226321144354,0.806966027158228,1.0,0.806966027158228,0.24370634326179322,0.29805296948417676,0.9839564902759068,0.3519296957715526,3.004929363945367,0.5034125278046029,2669,1
0.9,7.0,0.45000000000000007,0.21314498112391908,0.21508351775977122,0.2500455819699908,0.7869331909045385,1.0,0.7869331909045385,0.24370634326179322,0.29805296948417676,0.9839564902759068,0.3519296957715526,3.004929363945367,0.5034125278046029,2669,1
0.9,7.0,0.5000000000000001,0.2319927541296541,0.23290628361630417,0.2584212105195152,0.7680836066400174,1.0,0.7680836066400174,0.24370634326179322,0.29805296948417676,0.9839564902759068,0.3519296957715526,3.004929363945367,0.5034125278046029,2669,1
0.9,7.0,0.5500000000000002,0.24877952978612186,0.24933661931217904,0.2709805661701964,0.7512950875927026,1.0,0.7512950875927026,0.24370634326179322,0.29805296948417676,0.9839564902759068,0.3519296957715526,3.004929363945367,0.5034125278046029,2669,1
0.9,7.0,0.6000000000000002,0.274245807100128,0.2746375293962659,0.2984941186353551,0.7258263279168015,1.0,0.7258263279168015,0.24370634326179322,0.29805296948417676,0.9839564902759068,0.3519296957715526,3.004929363945367,0.5034125278046029,2669,1
0.9,7.0,0.6500000000000001,0.3017636982745402,0.3021454786357128,0.32203107039162815,0.6983056649679018,1.0,0.6983056649679019,0.24370634326179322,0.29805296948417676,0.9839564902759068,0.3519296957715526,3.004929363945367,0.5034125278046029,2669,1
0.9,7.0,0.7000000000000002,0.3315809968337007,0.3319639091968187,0.3492064557695514,0.668485489005582,1.0,0.668485489005582,0.24370634326179322,0.29805296948417676,0.9839564902759068,0.3519296957715526,3.004929363945367,0.5034125278046029,2669,1
0.9,7.0,0.7500000000000002,0.3564820125655289,0.35705742381947475,0.3734852796949302,0.6435818800995058,1.0,0.6435818800995058,0.24370634326179322,0.29805296948417676,0.9839564902759068,0.3519296957715526,3.004929363945367,0.5034125278046029,2669,1
0.9,7.0,0.8000000000000002,0.38435766623203926,0.38521382308203816,0.409430751464782,0.6157033364271809,1.0,0.6157033364271809,0.24370634326179322,0.29805296948417676,0.9839564902759068,0.3519296957715526,3.004929363945367,0.5034125278046029,2669,1
0.9,7.0,0.8500000000000002,0.4096204708414795,0.4104108080276197,0.4360498860856292,0.5904379851298055,1.0,0.5904379851298055,0.24370634326179322,0.29805296948417676,0.9839564902759068,0.3519296957715526,3.004929363945367,0.5034125278046029,2669,1
0.9,7.0,0.9000000000000002,0.46099768952743225,0.4613432814849435,0.4858565773963212,0.539055720157963,1.0,0.539055720157963,0.24370634326179322,0.29805296948417676,0.9839564902759068,0.3519296957715526,3.004929363945367,0.5034125278046029,2669,1
0.9,7.0,0.9500000000000003,0.5301074638680517,0.5312094198614044,0.5786663737602995,0.4699388859294234,1.0,0.4699388859294233,0.24370634326179322,0.29805296948417676,0.9839564902759068,0.3519296957715526,3.004929363945367,0.5034125278046029,2669,1
0.9,7.5,0.1,0.08577260723162519,0.09930056993317243,0.14565983432404273,0.9118385833363151,0.9968705385126884,0.9149235446584084,0.24370634326179322,0.2801998348760217,0.9839564902759068,0.3519296957715526,3.004929363945367,0.5034125278046029,2669,1
0.9,7.5,0.15000000000000002,0.10081963130477346,0.11480917571084438,0.16472301912495935,0.8955579438647417,0.9981146333668578,0.8973874065683541,0.24370634326179322,0.2801998348760217,0.9839564902759068,0.3519296957715526,3.004929363945367,0.5034125278046029,2669,1
0.9,7.5,0.20000000000000004,0.11428743626331625,0.12354161380796093,0.16472301912495935,0.8858001402378128,1.0,0.8858001402378128,0.24370634326179322,0.2801998348760217,0.9839564902759068,0.3519296957715526,3.004929363945367,0.5034125278046029,2669,1
0.9,7.5,0.25000000000000006,0.1393311730640652,0.14504331009298768,0.16919687041734102,0.8607540036075051,1.0,0.8607540036075051,0.24370634326179322,0.2801998348760217,0.9839564902759068,0.3519296957715526,3.004929363945367,0.5034125278046029,2669,1
0.9,7.5,0.30000000000000004,0.15720140761096185,0.16330131630898698,0.1950797796102539,0.8428818597718122,1.0,0.8428818597718122,0.24370634326179322,0.2801998348760217,0.9839564902759068,0.3519296957715526,3.004929363945367,0.5034125278046029,2669,1
0.9,7.5,0.3500000000000001,0.1726545658843488,0.17705949267423077,0.2021709665774311,0.8274272700012155,1.0,0.8274272700012155,0.24370634326179322,0.2801998348760217,0.9839564902759068,0.3519296957715526,3.004929363945367,0.5034125278046029,2669,1
0.9,7.5,0.40000000000000013,0.19311382636814037,0.1975849693752379,0.23813226321144354,0.806966027158228,1.0,0.806966027158228,0.24370634326179322,0.2801998348760217,0.9839564902759068,0.3519296957715526,3.004929363945367,0.5034125278046029,2669,1
0.9,7.5,0.45000000000000007,0.21314498112391908,0.21508351775977122,0.2500455819699908,0.7869331909045385,1.0,0.7869331909045385,0.24370634326179322,0.2801998348760217,0.9839564902759068,0.3519296957715526,3.004929363945367,0.5034125278046029,2669,1
0.9,7.5,0.5000000000000001,0.2319927541296541,0.23290628361630417,0.2584212105195152,0.7680836066400174,1.0,0.7680836066400174,0.24370634326179322,0.2801998348760217,0.9839564902759068,0.3519296957715526,3.004929363945367,0.5034125278046029,2669,1
0.9,7.5,0.5500000000000002,0.24877952978612186,0.24933661931217904,0.2709805661701964,0.7512950875927026,1.0,0.7512950875927026,0.24370634326179322,0.2801998348760217,0.9839564902759068,0.3519296957715526,3.004929363945367,0.5034125278046029,2669,1
0.9,7.5,0.6000000000000002,0.274245807100128,0.2746375293962659,0.2984941186353551,0.7258263279168015,1.0,0.7258263279168015,0.24370634326179322,0.2801998348760217,0.9839564902759068,0.3519296957715526,3.004929363945367,0.5034125278046029,2669,1
0.9,7.5,0.6500000000000001,0.3017636982745402,0.3021454786357128,0.32203107039162815,0.6983056649679018,1.0,0.6983056649679019,0.24370634326179322,0.2801998348760217,0.9839564902759068,0.3519296957715526,3.004929363945367,0.5034125278046029,2669,1
0.9,7.5,0.7000000000000002,0.3315809968337007,0.3319639091968187,0.3492064557695514,0.668485489005582,1.0,0.668485489005582,0.24370634326179322,0.2801998348760217,0.9839564902759068,0.3519296957715526,3.004929363945367,0.5034125278046029,2669,1
0.9,7.5,0.7500000000000002,0.3564820125655289,0.35705742381947475,0.3734852796949302,0.6435818800995058,1.0,0.6435818800995058,0.24370634326179322,0.2801998348760217,0.9839564902759068,0.3519296957715526,3.004929363945367,0.5034125278046029,2669,1
0.9,7.5,0.8000000000000002,0.38435766623203926,0.38521382308203816,0.409430751464782,0.6157033364271809,1.0,0.6157033364271809,0.24370634326179322,0.2801998348760217,0.9839564902759068,0.3519296957715526,3.004929363945367,0.5034125278046029,2669,1
0.9,7.5,0.8500000000000002,0.4096204708414795,0.4104108080276197,0.4360498860856292,0.5904379851298055,1.0,0.5904379851298055,0.24370634326179322,0.2801998348760217,0.9839564902759068,0.3519296957715526,3.004929363945367,0.5034125278046029,2669,1
0.9,7.5,0.9000000000000002,0.46099768952743225,0.4613432814849435,0.4858565773963212,0.539055720157963,1.0,0.539055720157963,0.24370634326179322,0.2801998348760217,0.9839564902759068,0.3519296957715526,3.004929363945367,0.5034125278046029,2669,1
0.9,7.5,0.9500000000000003,0.5301074638680517,0.5312094198614044,0.5786663737602995,0.4699388859294234,1.0,0.4699388859294233,0.24370634326179322,0.2801998348760217,0.9839564902759068,0.3519296957715526,3.004929363945367,0.5034125278046029,2669,1
0.9,8.0,0.1,0.08577260723162519,0.09930056993317243,0.14565983432404273,0.9118385833363151,0.9968705385126884,0.9149235446584084,0.24370634326179322,0.26808228559615355,0.9839564902759068,0.3519296957715526,3.004929363945367,0.5034125278046029,2669,1
0.9,8.0,0.15000000000000002,0.10081963130477346,0.11480917571084438,0.16472301912495935,0.8955579438647417,0.9981146333668578,0.8973874065683541,0.24370634326179322,0.26808228559615355,0.9839564902759068,0.3519296957715526,3.004929363945367,0.5034125278046029,2669,1
0.9,8.0,0.20000000000000004,0.11428743626331625,0.12354161380796093,0.16472301912495935,0.8858001402378128,1.0,0.8858001402378128,0.24370634326179322,0.26808228559615355,0.9839564902759068,0.3519296957715526,3.004929363945367,0.5034125278046029,2669,1
0.9,8.0,0.25000000000000006,0.1393311730640652,0.14504331009298768,0.16919687041734102,0.8607540036075051,1.0,0.8607540036075051,0.24370634326179322,0.26808228559615355,0.9839564902759068,0.3519296957715526,3.004929363945367,0.5034125278046029,2669,1
0.9,8.0,0.30000000000000004,0.15720140761096185,0.16330131630898698,0.1950797796102539,0.8428818597718122,1.0,0.8428818597718122,0.24370634326179322,0.26808228559615355,0.9839564902759068,0.3519296957715526,3.004929363945367,0.5034125278046029,2669,1
0.9,8.0,0.3500000000000001,0.1726545658843488,0.17705949267423077,0.2021709665774311,0.8274272700012155,1.0,0.8274272700012155,0.24370634326179322,0.26808228559615355,0.9839564902759068,0.3519296957715526,3.004929363945367,0.5034125278046029,2669,1
0.9,8.0,0.40000000000000013,0.19311382636814037,0.1975849693752379,0.23813226321144354,0.806966027158228,1.0,0.806966027158228,0.24370634326179322,0.26808228559615355,0.9839564902759068,0.3519296957715526,3.004929363945367,0.5034125278046029,2669,1
0.9,8.0,0.45000000000000007,0.21314498112391908,0.21508351775977122,0.2500455819699908,0.7869331909045385,1.0,0.7869331909045385,0.24370634326179322,0.26808228559615355,0.9839564902759068,0.3519296957715526,3.004929363945367,0.5034125278046029,2669,1
0.9,8.0,0.5000000000000001,0.2319927541296541,0.23290628361630417,0.2584212105195152,0.7680836066400174,1.0,0.7680836066400174,0.24370634326179322,0.26808228559615355,0.9839564902759068,0.3519296957715526,3.004929363945367,0.5034125278046029,2669,1
0.9,8.0,0.5500000000000002,0.24877952978612186,0.24933661931217904,0.2709805661701964,0.7512950875927026,1.0,0.7512950875927026,0.24370634326179322,0.26808228559615355,0.9839564902759068,0.3519296957715526,3.004929363945367,0.5034125278046029,2669,1
0.9,8.0,0.6000000000000002,0.274245807100128,0.2746375293962659,0.2984941186353551,0.7258263279168015,1.0,0.7258263279168015,0.24370634326179322,0.26808228559615355,0.9839564902759068,0.3519296957715526,3.004929363945367,0.5034125278046029,2669,1
0.9,8.0,0.6500000000000001,0.3017636982745402,0.3021454786357128,0.32203107039162815,0.6983056649679018,1.0,0.6983056649679019,0.24370634326179322,0.26808228559615355,0.9839564902759068,0.3519296957715526,3.004929363945367,0.5034125278046029,2669,1
0.9,8.0,0.7000000000000002,0.3315809968337007,0.3319639091968187,0.3492064557695514,0.668485489005582,1.0,0.668485489005582,0.24370634326179322,0.26808228559615355,0.9839564902759068,0.3519296957715526,3.004929363945367,0.5034125278046029,2669,1
0.9,8.0,0.7500000000000002,0.3564820125655289,0.35705742381947475,0.3734852796949302,0.6435818800995058,1.0,0.6435818800995058,0.24370634326179322,0.26808228559615355,0.9839564902759068,0.3519296957715526,3.004929363945367,0.5034125278046029,2669,1
0.9,8.0,0.8000000000000002,0.38435766623203926,0.38521382308203816,0.409430751464782,0.6157033364271809,1.0,0.6157033364271809,0.24370634326179322,0.26808228559615355,0.9839564902759068,0.3519296957715526,3.004929363945367,0.5034125278046029,2669,1
0.9,8.0,0.8500000000000002,0.4096204708414795,0.4104108080276197,0.4360498860856292,0.5904379851298055,1.0,0.5904379851298055,0.24370634326179322,0.26808228559615355,0.9839564902759068,0.3519296957715526,3.004929363945367,0.5034125278046029,2669,1
0.9,8.0,0.9000000000000002,0.46099768952743225,0.4613432814849435,0.4858565773963212,0.539055720157963,1.0,0.539055720157963,0.24370634326179322,0.26808228559615355,0.9839564902759068,0.3519296957715526,3.004929363945367,0.5034125278046029,2669,1
0.9,8.0,0.9500000000000003,0.5301074638680517,0.5312094198614044,0.5786663737602995,0.4699388859294234,1.0,0.4699388859294233,0.24370634326179322,0.26808228559615355,0.9839564902759068,0.3519296957715526,3.004929363945367,0.5034125278046029,2669,1
0.9,8.5,0.1,0.08577260723162519,0.09930056993317243,0.14565983432404273,0.9118385833363151,0.9968705385126884,0.9149235446584084,0.24370634326179322,0.25572938026158326,0.9839564902759068,0.3519296957715526,3.004929363945367,0.5034125278046029,2669,1
0.9,8.5,0.15000000000000002,0.10081963130477346,0.11480917571084438,0.16472301912495935,0.8955579438647417,0.9981146333668578,0.8973874065683541,0.24370634326179322,0.25572938026158326,0.9839564902759068,0.3519296957715526,3.004929363945367,0.5034125278046029,2669,1
0.9,8.5,0.20000000000000004,0.11428743626331625,0.12354161380796093,0.16472301912495935,0.8858001402378128,1.0,0.8858001402378128,0.24370634326179322,0.25572938026158326,0.9839564902759068,0.3519296957715526,3.004929363945367,0.5034125278046029,2669,1
0.9,8.5,0.25000000000000006,0.1393311730640652,0.14504331009298768,0.16919687041734102,0.8607540036075051,1.0,0.8607540036075051,0.24370634326179322,0.25572938026158326,0.9839564902759068,0.3519296957715526,3.004929363945367,0.5034125278046029,2669,1
0.9,8.5,0.30000000000000004,0.15720140761096185,0.16330131630898698,0.1950797796102539,0.8428818597718122,1.0,0.8428818597718122,0.24370634326179322,0.25572938026158326,0.9839564902759068,0.3519296957715526,3.004929363945367,0.5034125278046029,2669,1
0.9,8.5,0.3500000000000001,0.1726545658843488,0.17705949267423077,0.2021709665774311,0.8274272700012155,1.0,0.8274272700012155,0.24370634326179322,0.25572938026158326,0.9839564902759068,0.3519296957715526,3.004929363945367,0.5034125278046029,2669,1
0.9,8.5,0.40000000000000013,0.19311382636814037,0.1975849693752379,0.23813226321144354,0.806966027158228,1.0,0.806966027158228,0.24370634326179322,0.25572938026158326,0.9839564902759068,0.3519296957715526,3.004929363945367,0.5034125278046029,2669,1
0.9,8.5,0.45000000000000007,0.21314498112391908,0.21508351775977122,0.2500455819699908,0.7869331909045385,1.0,0.7869331909045385,0.24370634326179322,0.25572938026158326,0.9839564902759068,0.3519296957715526,3.004929363945367,0.5034125278046029,2669,1
0.9,8.5,0.5000000000000001,0.2319927541296541,0.23290628361630417,0.2584212105195152,0.7680836066400174,1.0,0.7680836066400174,0.24370634326179322,0.25572938026158326,0.9839564902759068,0.3519296957715526,3.004929363945367,0.5034125278046029,2669,1
0.9,8.5,0.5500000000000002,0.24877952978612186,0.24933661931217904,0.2709805661701964,0.7512950875927026,1.0,0.7512950875927026,0.24370634326179322,0.25572938026158326,0.9839564902759068,0.3519296957715526,3.004929363945367,0.5034125278046029,2669,1
0.9,8.5,0.6000000000000002,0.274245807100128,0.2746375293962659,0.2984941186353551,0.7258263279168015,1.0,0.7258263279168015,0.24370634326179322,0.25572938026158326,0.9839564902759068,0.3519296957715526,3.004929363945367,0.5034125278046029,2669,1
0.9,8.5,0.6500000000000001,0.3017636982745402,0.3021454786357128,0.32203107039162815,0.6983056649679018,1.0,0.6983056649679019,0.24370634326179322,0.25572938026158326,0.9839564902759068,0.3519296957715526,3.004929363945367,0.5034125278046029,2669,1
0.9,8.5,0.7000000000000002,0.3315809968337007,0.3319639091968187,0.3492064557695514,0.668485489005582,1.0,0.668485489005582,0.24370634326179322,0.25572938026158326,0.9839564902759068,0.3519296957715526,3.004929363945367,0.5034125278046029,2669,1
0.9,8.5,0.7500000000000002,0.3564820125655289,0.35705742381947475,0.3734852796949302,0.6435818800995058,1.0,0.6435818800995058,0.24370634326179322,0.25572938026158326,0.9839564902759068,0.3519296957715526,3.004929363945367,0.5034125278046029,2669,1
0.9,8.5,0.8000000000000002,0.38435766623203926,0.38521382308203816,0.409430751464782,0.6157033364271809,1.0,0.6157033364271809,0.24370634326179322,0.25572938026158326,0.9839564902759068,0.3519296957715526,3.004929363945367,0.5034125278046029,2669,1
0.9,8.5,0.8500000000000002,0.4096204708414795,0.4104108080276197,0.4360498860856292,0.5904379851298055,1.0,0.5904379851298055,0.24370634326179322,0.25572938026158326,0.9839564902759068,0.3519296957715526,3.004929363945367,0.5034125278046029,2669,1
0.9,8.5,0.9000000000000002,0.46099768952743225,0.4613432814849435,0.4858565773963212,0.539055720157963,1.0,0.539055720157963,0.24370634326179322,0.25572938026158326,0.9839564902759068,0.3519296957715526,3.004929363945367,0.5034125278046029,2669,1
0.9,8.5,0.9500000000000003,0.5301074638680517,0.5312094198614044,0.5786663737602995,0.4699388859294234,1.0,0.4699388859294233,0.24370634326179322,0.25572938026158326,0.9839564902759068,0.3519296957715526,3.004929363945367,0.5034125278046029,2669,1
0.9,9.0,0.1,0.08577260723162519,0.09930056993317243,0.14565983432404273,0.9118385833363151,0.9968705385126884,0.9149235446584084,0.24370634326179322,0.2426829972815636,0.9839564902759068,0.3519296957715526,3.004929363945367,0.5034125278046029,2669,1
0.9,9.0,0.15000000000000002,0.10081963130477346,0.11480917571084438,0.16472301912495935,0.8955579438647417,0.9981146333668578,0.8973874065683541,0.24370634326179322,0.2426829972815636,0.9839564902759068,0.3519296957715526,3.004929363945367,0.5034125278046029,2669,1
0.9,9.0,0.20000000000000004,0.11428743626331625,0.12354161380796093,0.16472301912495935,0.8858001402378128,1.0,0.8858001402378128,0.24370634326179322,0.2426829972815636,0.9839564902759068,0.3519296957715526,3.004929363945367,0.5034125278046029,2669,1
0.9,9.0,0.25000000000000006,0.1393311730640652,0.14504331009298768,0.16919687041734102,0.8607540036075051,1.0,0.8607540036075051,0.24370634326179322,0.2426829972815636,0.9839564902759068,0.3519296957715526,3.004929363945367,0.5034125278046029,2669,1
0.9,9.0,0.30000000000000004,0.15720140761096185,0.16330131630898698,0.1950797796102539,0.8428818597718122,1.0,0.8428818597718122,0.24370634326179322,0.2426829972815636,0.9839564902759068,0.3519296957715526,3.004929363945367,0.5034125278046029,2669,1
0.9,9.0,0.3500000000000001,0.1726545658843488,0.17705949267423077,0.2021709665774311,0.8274272700012155,1.0,0.8274272700012155,0.24370634326179322,0.2426829972815636,0.9839564902759068,0.3519296957715526,3.004929363945367,0.5034125278046029,2669,1
0.9,9.0,0.40000000000000013,0.19311382636814037,0.1975849693752379,0.23813226321144354,0.806966027158228,1.0,0.806966027158228,0.24370634326179322,0.2426829972815636,0.9839564902759068,0.3519296957715526,3.004929363945367,0.5034125278046029,2669,1
0.9,9.0,0.45000000000000007,0.21314498112391908,0.21508351775977122,0.2500455819699908,0.7869331909045385,1.0,0.7869331909045385,0.24370634326179322,0.2426829972815636,0.9839564902759068,0.3519296957715526,3.004929363945367,0.5034125278046029,2669,1
0.9,9.0,0.5000000000000001,0.2319927541296541,0.23290628361630417,0.2584212105195152,0.7680836066400174,1.0,0.7680836066400174,0.24370634326179322,0.2426829972815636,0.9839564902759068,0.3519296957715526,3.004929363945367,0.5034125278046029,2669,1
0.9,9.0,0.5500000000000002,0.24877952978612186,0.24933661931217904,0.2709805661701964,0.7512950875927026,1.0,0.7512950875927026,0.24370634326179322,0.2426829972815636,0.9839564902759068,0.3519296957715526,3.004929363945367,0.5034125278046029,2669,1
0.9,9.0,0.6000000000000002,0.274245807100128,0.2746375293962659,0.2984941186353551,0.7258263279168015,1.0,0.7258263279168015,0.24370634326179322,0.2426829972815636,0.9839564902759068,0.3519296957715526,3.004929363945367,0.5034125278046029,2669,1
0.9,9.0,0.6500000000000001,0.3017636982745402,0.3021454786357128,0.32203107039162815,0.6983056649679018,1.0,0.6983056649679019,0.24370634326179322,0.2426829972815636,0.9839564902759068,0.3519296957715526,3.004929363945367,0.5034125278046029,2669,1
0.9,9.0,0.7000000000000002,0.3315809968337007,0.3319639091968187,0.3492064557695514,0.668485489005582,1.0,0.668485489005582,0.24370634326179322,0.2426829972815636,0.9839564902759068,0.3519296957715526,3.004929363945367,0.5034125278046029,2669,1
0.9,9.0,0.7500000000000002,0.3564820125655289,0.35705742381947475,0.3734852796949302,0.6435818800995058,1.0,0.6435818800995058,0.24370634326179322,0.2426829972815636,0.9839564902759068,0.3519296957715526,3.004929363945367,0.5034125278046029,2669,1
0.9,9.0,0.8000000000000002,0.38435766623203926,0.38521382308203816,0.409430751464782,0.6157033364271809,1.0,0.6157033364271809,0.24370634326179322,0.2426829972815636,0.9839564902759068,0.3519296957715526,3.004929363945367,0.5034125278046029,2669,1
0.9,9.0,0.8500000000000002,0.4096204708414795,0.4104108080276197,0.4360498860856292,0.5904379851298055,1.0,0.5904379851298055,0.24370634326179322,0.2426829972815636,0.9839564902759068,0.3519296957715526,3.004929363945367,0.5034125278046029,2669,1
0.9,9.0,0.9000000000000002,0.46099768952743225,0.4613432814849435,0.4858565773963212,0.539055720157963,1.0,0.539055720157963,0.24370634326179322,0.2426829972815636,0.9839564902759068,0.3519296957715526,3.004929363945367,0.5034125278046029,2669,1
0.9,9.0,0.9500000000000003,0.5301074638680517,0.5312094198614044,0.5786663737602995,0.4699388859294234,1.0,0.4699388859294233,0.24370634326179322,0.2426829972815636,0.9839564902759068,0.3519296957715526,3.004929363945367,0.5034125278046029,2669,1
0.9,9.5,0.1,0.08577260723162519,0.09930056993317243,0.14565983432404273,0.9118385833363151,0.9968705385126884,0.9149235446584084,0.24370634326179322,0.23144490448170602,0.9839564902759068,0.3519296957715526,3.004929363945367,0.5034125278046029,2669,1
0.9,9.5,0.15000000000000002,0.10081963130477346,0.11480917571084438,0.16472301912495935,0.8955579438647417,0.9981146333668578,0.8973874065683541,0.24370634326179322,0.23144490448170602,0.9839564902759068,0.3519296957715526,3.004929363945367,0.5034125278046029,2669,1
0.9,9.5,0.20000000000000004,0.11428743626331625,0.12354161380796093,0.16472301912495935,0.8858001402378128,1.0,0.8858001402378128,0.24370634326179322,0.23144490448170602,0.9839564902759068,0.3519296957715526,3.004929363945367,0.5034125278046029,2669,1
0.9,9.5,0.25000000000000006,0.1393311730640652,0.14504331009298768,0.16919687041734102,0.8607540036075051,1.0,0.8607540036075051,0.24370634326179322,0.23144490448170602,0.9839564902759068,0.3519296957715526,3.004929363945367,0.5034125278046029,2669,1
0.9,9.5,0.30000000000000004,0.15720140761096185,0.16330131630898698,0.1950797796102539,0.8428818597718122,1.0,0.8428818597718122,0.24370634326179322,0.23144490448170602,0.9839564902759068,0.3519296957715526,3.004929363945367,0.5034125278046029,2669,1
0.9,9.5,0.3500000000000001,0.1726545658843488,0.17705949267423077,0.2021709665774311,0.8274272700012155,1.0,0.8274272700012155,0.24370634326179322,0.23144490448170602,0.9839564902759068,0.3519296957715526,3.004929363945367,0.5034125278046029,2669,1
0.9,9.5,0.40000000000000013,0.19311382636814037,0.1975849693752379,0.23813226321144354,0.806966027158228,1.0,0.806966027158228,0.24370634326179322,0.23144490448170602,0.9839564902759068,0.3519296957715526,3.004929363945367,0.5034125278046029,2669,1
0.9,9.5,0.45000000000000007,0.21314498112391908,0.21508351775977122,0.2500455819699908,0.7869331909045385,1.0,0.7869331909045385,0.24370634326179322,0.23144490448170602,0.9839564902759068,0.3519296957715526,3.004929363945367,0.5034125278046029,2669,1
0.9,9.5,0.5000000000000001,0.2319927541296541,0.23290628361630417,0.2584212105195152,0.7680836066400174,1.0,0.7680836066400174,0.24370634326179322,0.23144490448170602,0.9839564902759068,0.3519296957715526,3.004929363945367,0.5034125278046029,2669,1
0.9,9.5,0.5500000000000002,0.24877952978612186,0.24933661931217904,0.2709805661701964,0.7512950875927026,1.0,0.7512950875927026,0.24370634326179322,0.23144490448170602,0.9839564902759068,0.3519296957715526,3.004929363945367,0.5034125278046029,2669,1
0.9,9.5,0.6000000000000002,0.274245807100128,0.2746375293962659,0.2984941186353551,0.7258263279168015,1.0,0.7258263279168015,0.24370634326179322,0.23144490448170602,0.9839564902759068,0.3519296957715526,3.004929363945367,0.5034125278046029,2669,1
0.9,9.5,0.6500000000000001,0.3017636982745402,0.3021454786357128,0.32203107039162815,0.6983056649679018,1.0,0.6983056649679019,0.24370634326179322,0.23144490448170602,0.9839564902759068,0.3519296957715526,3.004929363945367,0.5034125278046029,2669,1
0.9,9.5,0.7000000000000002,0.3315809968337007,0.3319639091968187,0.3492064557695514,0.668485489005582,1.0,0.668485489005582,0.24370634326179322,0.23144490448170602,0.9839564902759068,0.3519296957715526,3.004929363945367,0.5034125278046029,2669,1
0.9,9.5,0.7500000000000002,0.3564820125655289,0.35705742381947475,0.3734852796949302,0.6435818800995058,1.0,0.6435818800995058,0.24370634326179322,0.23144490448170602,0.9839564902759068,0.3519296957715526,3.004929363945367,0.5034125278046029,2669,1
0.9,9.5,0.8000000000000002,0.38435766623203926,0.38521382308203816,0.409430751464782,0.6157033364271809,1.0,0.6157033364271809,0.24370634326179322,0.23144490448170602,0.9839564902759068,0.3519296957715526,3.004929363945367,0.5034125278046029,2669,1
0.9,9.5,0.8500000000000002,0.4096204708414795,0.4104108080276197,0.4360498860856292,0.5904379851298055,1.0,0.5904379851298055,0.24370634326179322,0.23144490448170602,0.9839564902759068,0.3519296957715526,3.004929363945367,0.5034125278046029,2669,1
0.9,9.5,0.9000000000000002,0.46099768952743225,0.4613432814849435,0.4858565773963212,0.539055720157963,1.0,0.539055720157963,0.24370634326179322,0.23144490448170602,0.9839564902759068,0.3519296957715526,3.004929363945367,0.5034125278046029,2669,1
0.9,9.5,0.9500000000000003,0.5301074638680517,0.5312094198614044,0.5786663737602995,0.4699388859294234,1.0,0.4699388859294233,0.24370634326179322,0.23144490448170602,0.9839564902759068,0.3519296957715526,3.004929363945367,0.5034125278046029,2669,1
0.9,10.0,0.1,0.08577260723162519,0.09930056993317243,0.14565983432404273,0.9118385833363151,0.9968705385126884,0.9149235446584084,0.24370634326179322,0.22035901767607752,0.9839564902759068,0.3519296957715526,3.004929363945367,0.5034125278046029,2669,1
0.9,10.0,0.15000000000000002,0.10081963130477346,0.11480917571084438,0.16472301912495935,0.8955579438647417,0.9981146333668578,0.8973874065683541,0.24370634326179322,0.22035901767607752,0.9839564902759068,0.3519296957715526,3.004929363945367,0.5034125278046029,2669,1
0.9,10.0,0.20000000000000004,0.11428743626331625,0.12354161380796093,0.16472301912495935,0.8858001402378128,1.0,0.8858001402378128,0.24370634326179322,0.22035901767607752,0.9839564902759068,0.3519296957715526,3.004929363945367,0.5034125278046029,2669,1
0.9,10.0,0.25000000000000006,0.1393311730640652,0.14504331009298768,0.16919687041734102,0.8607540036075051,1.0,0.8607540036075051,0.24370634326179322,0.22035901767607752,0.9839564902759068,0.3519296957715526,3.004929363945367,0.5034125278046029,2669,1
0.9,10.0,0.30000000000000004,0.15720140761096185,0.16330131630898698,0.1950797796102539,0.8428818597718122,1.0,0.8428818597718122,0.24370634326179322,0.22035901767607752,0.9839564902759068,0.3519296957715526,3.004929363945367,0.5034125278046029,2669,1
0.9,10.0,0.3500000000000001,0.1726545658843488,0.17705949267423077,0.2021709665774311,0.8274272700012155,1.0,0.8274272700012155,0.24370634326179322,0.22035901767607752,0.9839564902759068,0.3519296957715526,3.004929363945367,0.5034125278046029,2669,1
0.9,10.0,0.40000000000000013,0.19311382636814037,0.1975849693752379,0.23813226321144354,0.806966027158228,1.0,0.806966027158228,0.24370634326179322,0.22035901767607752,0.9839564902759068,0.3519296957715526,3.004929363945367,0.5034125278046029,2669,1
0.9,10.0,0.45000000000000007,0.21314498112391908,0.21508351775977122,0.2500455819699908,0.7869331909045385,1.0,0.7869331909045385,0.24370634326179322,0.22035901767607752,0.9839564902759068,0.3519296957715526,3.004929363945367,0.5034125278046029,2669,1
0.9,10.0,0.5000000000000001,0.2319927541296541,0.23290628361630417,0.2584212105195152,0.7680836066400174,1.0,0.7680836066400174,0.24370634326179322,0.22035901767607752,0.9839564902759068,0.3519296957715526,3.004929363945367,0.5034125278046029,2669,1
0.9,10.0,0.5500000000000002,0.24877952978612186,0.24933661931217904,0.2709805661701964,0.7512950875927026,1.0,0.7512950875927026,0.24370634326179322,0.22035901767607752,0.9839564902759068,0.3519296957715526,3.004929363945367,0.5034125278046029,2669,1
0.9,10.0,0.6000000000000002,0.274245807100128,0.2746375293962659,0.2984941186353551,0.7258263279168015,1.0,0.7258263279168015,0.24370634326179322,0.22035901767607752,0.9839564902759068,0.3519296957715526,3.004929363945367,0.5034125278046029,2669,1
0.9,10.0,0.6500000000000001,0.3017636982745402,0.3021454786357128,0.32203107039162815,0.6983056649679018,1.0,0.6983056649679019,0.24370634326179322,0.22035901767607752,0.9839564902759068,0.3519296957715526,3.004929363945367,0.5034125278046029,2669,1
0.9,10.0,0.7000000000000002,0.3315809968337007,0.3319639091968187,0.3492064557695514,0.668485489005582,1.0,0.668485489005582,0.24370634326179322,0.22035901767607752,0.9839564902759068,0.3519296957715526,3.004929363945367,0.5034125278046029,2669,1
0.9,10.0,0.7500000000000002,0.3564820125655289,0.35705742381947475,0.3734852796949302,0.6435818800995058,1.0,0.6435818800995058,0.24370634326179322,0.22035901767607752,0.9839564902759068,0.3519296957715526,3.004929363945367,0.5034125278046029,2669,1
0.9,10.0,0.8000000000000002,0.38435766623203926,0.38521382308203816,0.409430751464782,0.6157033364271809,1.0,0.6157033364271809,0.24370634326179322,0.22035901767607752,0.9839564902759068,0.3519296957715526,3.004929363945367,0.5034125278046029,2669,1
0.9,10.0,0.8500000000000002,0.4096204708414795,0.4104108080276197,0.4360498860856292,0.5904379851298055,1.0,0.5904379851298055,0.24370634326179322,0.22035901767607752,0.9839564902759068,0.3519296957715526,3.004929363945367,0.5034125278046029,2669,1
0.9,10.0,0.9000000000000002,0.46099768952743225,0.4613432814849435,0.4858565773963212,0.539055720157963,1.0,0.539055720157963,0.24370634326179322,0.22035901767607752,0.9839564902759068,0.3519296957715526,3.004929363945367,0.5034125278046029,2669,1
0.9,10.0,0.9500000000000003,0.5301074638680517,0.5312094198614044,0.5786663737602995,0.4699388859294234,1.0,0.4699388859294233,0.24370634326179322,0.22035901767607752,0.9839564902759068,0.3519296957715526,3.004929363945367,0.5034125278046029,2669,1
1.0,5.0,0.1,0.08352797133676572,0.09552774297997767,0.1383209037779094,0.9133704620574301,0.9971218235379695,0.9161838371080065,0.2613122576282789,0.426828277637167,0.9881270552007383,0.4848237840638688,3.8790034280921595,0.7360828187349714,2669,1
1.0,5.0,0.15000000000000002,0.09719554234973449,0.10913127364742435,0.1547062755491471,0.9000900168584794,0.9985671943862003,0.9014723316598326,0.2613122576282789,0.426828277637167,0.9881270552007383,0.4848237840638688,3.8790034280921595,0.7360828187349714,2669,1
1.0,5.0,0.20000000000000004,0.11101265248554015,0.11804478402621826,0.1562644015078858,0.8890754026476496,1.0,0.8890754026476495,0.2613122576282789,0.426828277637167,0.9881270552007383,0.4848237840638688,3.8790034280921595,0.7360828187349714,2669,1
1.0,5.0,0.25000000000000006,0.13883950340746712,0.14561089341003725,0.18287661142496617,0.8612456370603854,1.0,0.8612456370603854,0.2613122576282789,0.426828277637167,0.9881270552007383,0.4848237840638688,3.8790034280921595,0.7360828187349714,2669,1
1.0,5.0,0.30000000000000004,0.1574297565344042,0.16276420743040662,0.19820770571671908,0.8426536239827614,1.0,0.8426536239827614,0.2613122576282789,0.426828277637167,0.9881270552007383,0.4848237840638688,3.8790034280921595,0.7360828187349714,2669,1
1.0,5.0,0.3500000000000001,0.18191076706028594,0.18660709325008276,0.2382922238657442,0.8181703069463749,1.0,0.818170306946375,0.2613122576282789,0.426828277637167,0.9881270552007383,0.4848237840638688,3.8790034280921595,0.7360828187349714,2669,1
1.0,5.0,0.40000000000000013,0.20332407109203615,0.20704775882097196,0.24983044987675213,0.7967548067936672,1.0,0.7967548067936672,0.2613122576282789,0.426828277637167,0.9881270552007383,0.4848237840638688,3.8790034280921595,0.7360828187349714,2669,1
1.0,5.0,0.45000000000000007,0.22412042686787442,0.2255693909105241,0.262083931632486,0.7759566987556948,1.0,0.7759566987556948,0.2613122576282789,0.426828277637167,0.9881270552007383,0.4848237840638688,3.8790034280921595,0.7360828187349714,2669,1
1.0,5.0,0.5000000000000001,0.2434360796220192,0.24449519521312185,0.27001030322154784,0.7566390047210356,1.0,0.7566390047210356,0.2613122576282789,0.426828277637167,0.9881270552007383,0.4848237840638688,3.8790034280921595,0.7360828187349714,2669,1
1.0,5.0,0.5500000000000002,0.2797862756490797,0.280766035682492,0.3115889842118542,0.7202851183973707,1.0,0.7202851183973707,0.2613122576282789,0.426828277637167,0.9881270552007383,0.4848237840638688,3.8790034280921595,0.7360828187349714,2669,1
1.0,5.0,0.6000000000000002,0.301905993828598,0.30245850685422415,0.32488360118709747,0.6981633061592438,1.0,0.6981633061592438,0.2613122576282789,0.426828277637167,0.9881270552007383,0.4848237840638688,3.8790034280921595,0.7360828187349714,2669,1
1.0,5.0,0.6500000000000001,0.3347394434197101,0.3354757298262458,0.3573811313089287,0.6653265338523553,1.0,0.6653265338523553,0.2613122576282789,0.426828277637167,0.9881270552007383,0.4848237840638688,3.8790034280921595,0.7360828187349714,2669,1
1.0,5.0,0.7000000000000002,0.3486474488917413,0.3492373248384838,0.37190857981084935,0.651417138868354,1.0,0.651417138868354,0.2613122576282789,0.426828277637167,0.9881270552007383,0.4848237840638688,3.8790034280921595,0.7360828187349714,2669,1
1.0,5.0,0.7500000000000002,0.38132743375128914,0.38251569728309975,0.40484622031322853,0.6187337504289369,1.0,0.6187337504289369,0.2613122576282789,0.426828277637167,0.9881270552007383,0.4848237840638688,3.8790034280921595,0.7360828187349714,2669,1
1.0,5.0,0.8000000000000002,0.4096937586649875,0.41043764028267893,0.4355192233346813,0.5903647531680896,1.0,0.5903647531680896,0.2613122576282789,0.426828277637167,0.9881270552007383,0.4848237840638688,3.8790034280921595,0.7360828187349714,2669,1
1.0,5.0,0.8500000000000002,0.43729684631100485,0.43755397406657615,0.45649677414748396,0.5627591018038708,1.0,0.5627591018038708,0.2613122576282789,0.426828277637167,0.9881270552007383,0.4848237840638688,3.8790034280921595,0.7360828187349714,2669,1
1.0,5.0,0.9000000000000002,0.47935103401953627,0.4798762699937239,0.5077849260117958,0.5207005318373228,1.0,0.5207005318373227,0.2613122576282789,0.426828277637167,0.9881270552007383,0.4848237840638688,3.8790034280921595,0.7360828187349714,2669,1
1.0,5.0,0.9500000000000003,0.5552310611320221,0.5562473333764436,0.6011656249417141,0.4448126877433857,1.0,0.44481268774338567,0.2613122576282789,0.426828277637167,0.9881270552007383,0.4848237840638688,3.8790034280921595,0.7360828187349714,2669,1
1.0,5.5,0.1,0.08491882268705007,0.09554121841534792,0.1383209037779094,0.9152142470030166,0.9971540808437472,0.9180601661592692,0.257790777430371,0.41256554595932377,0.9846534259683944,0.4848237840638688,3.8790034280921595,0.7360828187349714,2669,1
1.0,5.5,0.15000000000000002,0.0963095296472103,0.10884954850010743,0.1547062755491471,0.901950251101306,0.998583521559951,0.9033486607110951,0.257790777430371,0.41256554595932377,0.9846534259683944,0.4848237840638688,3.8790034280921595,0.7360828187349714,2669,1
1.0,5.5,0.20000000000000004,0.11101265248554015,0.11804478402621826,0.1562644015078858,0.8890754026476496,1.0,0.8890754026476495,0.257790777430371,0.41256554595932377,0.9846534259683944,0.4848237840638688,3.8790034280921595,0.7360828187349714,2669,1
1.0,5.5,0.25000000000000006,0.13883950340746712,0.14561089341003725,0.18287661142496617,0.8612456370603854,1.0,0.8612456370603854,0.257790777430371,0.41256554595932377,0.9846534259683944,0.4848237840638688,3.8790034280921595,0.7360828187349714,2669,1
1.0,5.5,0.30000000000000004,0.1574297565344042,0.16276420743040662,0.19820770571671908,0.8426536239827614,1.0,0.8426536239827614,0.257790777430371,0.41256554595932377,0.9846534259683944,0.4848237840638688,3.8790034280921595,0.7360828187349714,2669,1
1.0,5.5,0.3500000000000001,0.18191076706028594,0.18660709325008276,0.2382922238657442,0.8181703069463749,1.0,0.818170306946375,0.257790777430371,0.41256554595932377,0.9846534259683944,0.4848237840638688,3.8790034280921595,0.7360828187349714,2669,1
1.0,5.5,0.40000000000000013,0.20332407109203615,0.20704775882097196,0.24983044987675213,0.7967548067936672,1.0,0.7967548067936672,0.257790777430371,0.41256554595932377,0.9846534259683944,0.4848237840638688,3.8790034280921595,0.7360828187349714,2669,1
1.0,5.5,0.45000000000000007,0.22412042686787442,0.2255693909105241,0.262083931632486,0.7759566987556948,1.0,0.7759566987556948,0.257790777430371,0.41256554595932377,0.9846534259683944,0.4848237840638688,3.8790034280921595,0.7360828187349714,2669,1
1.0,5.5,0.5000000000000001,0.2434360796220192,0.24449519521312185,0.27001030322154784,0.7566390047210356,1.0,0.7566390047210356,0.257790777430371,0.41256554595932377,0.9846534259683944,0.4848237840638688,3.8790034280921595,0.7360828187349714,2669,1
1.0,5.5,0.5500000000000002,0.2797862756490797,0.280766035682492,0.3115889842118542,0.7202851183973707,1.0,0.7202851183973707,0.257790777430371,0.41256554595932377,0.9846534259683944,0.4848237840638688,3.8790034280921595,0.7360828187349714,2669,1
1.0,5.5,0.6000000000000002,0.301905993828598,0.30245850685422415,0.32488360118709747,0.6981633061592438,1.0,0.6981633061592438,0.257790777430371,0.41256554595932377,0.9846534259683944,0.4848237840638688,3.8790034280921595,0.7360828187349714,2669,1
1.0,5.5,0.6500000000000001,0.3347394434197101,0.3354757298262458,0.3573811313089287,0.6653265338523553,1.0,0.6653265338523553,0.257790777430371,0.41256554595932377,0.9846534259683944,0.4848237840638688,3.8790034280921595,0.7360828187349714,2669,1
1.0,5.5,0.7000000000000002,0.3486474488917413,0.3492373248384838,0.37190857981084935,0.651417138868354,1.0,0.651417138868354,0.257790777430371,0.41256554595932377,0.9846534259683944,0.4848237840638688,3.8790034280921595,0.7360828187349714,2669,1
1.0,5.5,0.7500000000000002,0.38132743375128914,0.38251569728309975,0.40484622031322853,0.6187337504289369,1.0,0.6187337504289369,0.257790777430371,0.41256554595932377,0.9846534259683944,0.4848237840638688,3.8790034280921595,0.7360828187349714,2669,1
1.0,5.5,0.8000000000000002,0.4096937586649875,0.41043764028267893,0.4355192233346813,0.5903647531680896,1.0,0.5903647531680896,0.257790777430371,0.41256554595932377,0.9846534259683944,0.4848237840638688,3.8790034280921595,0.7360828187349714,2669,1
1.0,5.5,0.8500000000000002,0.43729684631100485,0.43755397406657615,0.45649677414748396,0.5627591018038708,1.0,0.5627591018038708,0.257790777430371,0.41256554595932377,0.9846534259683944,0.4848237840638688,3.8790034280921595,0.7360828187349714,2669,1
1.0,5.5,0.9000000000000002,0.47935103401953627,0.4798762699937239,0.5077849260117958,0.5207005318373228,1.0,0.5207005318373227,0.257790777430371,0.41256554595932377,0.9846534259683944,0.4848237840638688,3.8790034280921595,0.7360828187349714,2669,1
1.0,5.5,0.9500000000000003,0.5552310611320221,0.5562473333764436,0.6011656249417141,0.4448126877433857,1.0,0.44481268774338567,0.257790777430371,0.41256554595932377,0.9846534259683944,0.4848237840638688,3.8790034280921595,0.7360828187349714,2669,1
1.0,6.0,0.1,0.08453551299126628,0.09519034412484643,0.1383209037779094,0.9155975963500158,0.9971540808437472,0.9184435155062685,0.2575665702267183,0.3984529684308966,0.984534099799013,0.4848237840638688,3.8790034280921595,0.7360828187349714,2669,1
1.0,6.0,0.15000000000000002,0.0963095296472103,0.10884954850010743,0.1547062755491471,0.901950251101306,0.998583521559951,0.9033486607110951,0.2575665702267183,0.3984529684308966,0.984534099799013,0.4848237840638688,3.8790034280921595,0.7360828187349714,2669,1
1.0,6.0,0.20000000000000004,0.11101265248554015,0.11804478402621826,0.1562644015078858,0.8890754026476496,1.0,0.8890754026476495,0.2575665702267183,0.3984529684308966,0.984534099799013,0.4848237840638688,3.8790034280921595,0.7360828187349714,2669,1
1.0,6.0,0.25000000000000006,0.13883950340746712,0.14561089341003725,0.18287661142496617,0.8612456370603854,1.0,0.8612456370603854,0.2575665702267183,0.3984529684308966,0.984534099799013,0.4848237840638688,3.8790034280921595,0.7360828187349714,2669,1
1.0,6.0,0.30000000000000004,0.1574297565344042,0.16276420743040662,0.19820770571671908,0.8426536239827614,1.0,0.8426536239827614,0.2575665702267183,0.3984529684308966,0.984534099799013,0.4848237840638688,3.8790034280921595,0.7360828187349714,2669,1
1.0,6.0,0.3500000000000001,0.18191076706028594,0.18660709325008276,0.2382922238657442,0.8181703069463749,1.0,0.818170306946375,0.2575665702267183,0.3984529684308966,0.984534099799013,0.4848237840638688,3.8790034280921595,0.7360828187349714,2669,1
1.0,6.0,0.40000000000000013,0.20332407109203615,0.20704775882097196,0.24983044987675213,0.7967548067936672,1.0,0.7967548067936672,0.2575665702267183,0.3984529684308966,0.984534099799013,0.4848237840638688,3.8790034280921595,0.7360828187349714,2669,1
1.0,6.0,0.45000000000000007,0.22412042686787442,0.2255693909105241,0.262083931632486,0.7759566987556948,1.0,0.7759566987556948,0.2575665702267183,0.3984529684308966,0.984534099799013,0.4848237840638688,3.8790034280921595,0.7360828187349714,2669,1
1.0,6.0,0.5000000000000001,0.2434360796220192,0.24449519521312185,0.27001030322154784,0.7566390047210356,1.0,0.7566390047210356,0.2575665702267183,0.3984529684308966,0.984534099799013,0.4848237840638688,3.8790034280921595,0.7360828187349714,2669,1
1.0,6.0,0.5500000000000002,0.2797862756490797,0.280766035682492,0.3115889842118542,0.7202851183973707,1.0,0.7202851183973707,0.2575665702267183,0.3984529684308966,0.984534099799013,0.4848237840638688,3.8790034280921595,0.7360828187349714,2669,1
1.0,6.0,0.6000000000000002,0.301905993828598,0.30245850685422415,0.32488360118709747,0.6981633061592438,1.0,0.6981633061592438,0.2575665702267183,0.3984529684308966,0.984534099799013,0.4848237840638688,3.8790034280921595,0.7360828187349714,2669,1
1.0,6.0,0.6500000000000001,0.3347394434197101,0.3354757298262458,0.3573811313089287,0.6653265338523553,1.0,0.6653265338523553,0.2575665702267183,0.3984529684308966,0.984534099799013,0.4848237840638688,3.8790034280921595,0.7360828187349714,2669,1
1.0,6.0,0.7000000000000002,0.3486474488917413,0.3492373248384838,0.37190857981084935,0.651417138868354,1.0,0.651417138868354,0.2575665702267183,0.3984529684308966,0.984534099799013,0.4848237840638688,3.8790034280921595,0.7360828187349714,2669,1
1.0,6.0,0.7500000000000002,0.38132743375128914,0.38251569728309975,0.40484622031322853,0.6187337504289369,1.0,0.6187337504289369,0.2575665702267183,0.3984529684308966,0.984534099799013,0.4848237840638688,3.8790034280921595,0.7360828187349714,2669,1
1.0,6.0,0.8000000000000002,0.4096937586649875,0.41043764028267893,0.4355192233346813,0.5903647531680896,1.0,0.5903647531680896,0.2575665702267183,0.3984529684308966,0.984534099799013,0.4848237840638688,3.8790034280921595,0.7360828187349714,2669,1
1.0,6.0,0.8500000000000002,0.43729684631100485,0.43755397406657615,0.45649677414748396,0.5627591018038708,1.0,0.5627591018038708,0.2575665702267183,0.3984529684308966,0.984534099799013,0.4848237840638688,3.8790034280921595,0.7360828187349714,2669,1
1.0,6.0,0.9000000000000002,0.47935103401953627,0.4798762699937239,0.5077849260117958,0.5207005318373228,1.0,0.5207005318373227,0.2575665702267183,0.3984529684308966,0.984534099799013,0.4848237840638688,3.8790034280921595,0.7360828187349714,2669,1
1.0,6.0,0.9500000000000003,0.5552310611320221,0.5562473333764436,0.6011656249417141,0.4448126877433857,1.0,0.44481268774338567,0.2575665702267183,0.3984529684308966,0.984534099799013,0.4848237840638688,3.8790034280921595,0.7360828187349714,2669,1
1.0,6.5,0.1,0.08453551299126628,0.09519034412484643,0.1383209037779094,0.9155975963500158,0.9971540808437472,0.9184435155062685,0.2575665702267183,0.37585296413955716,0.984534099799013,0.4848237840638688,3.8790034280921595,0.7360828187349714,2669,1
1.0,6.5,0.15000000000000002,0.0963095296472103,0.10884954850010743,0.1547062755491471,0.901950251101306,0.998583521559951,0.9033486607110951,0.2575665702267183,0.37585296413955716,0.984534099799013,0.4848237840638688,3.8790034280921595,0.7360828187349714,2669,1
1.0,6.5,0.20000000000000004,0.11101265248554015,0.11804478402621826,0.1562644015078858,0.8890754026476496,1.0,0.8890754026476495,0.2575665702267183,0.37585296413955716,0.984534099799013,0.4848237840638688,3.8790034280921595,0.7360828187349714,2669,1
1.0,6.5,0.25000000000000006,0.13883950340746712,0.14561089341003725,0.18287661142496617,0.8612456370603854,1.0,0.8612456370603854,0.2575665702267183,0.37585296413955716,0.984534099799013,0.4848237840638688,3.8790034280921595,0.7360828187349714,2669,1
1.0,6.5,0.30000000000000004,0.1574297565344042,0.16276420743040662,0.19820770571671908,0.8426536239827614,1.0,0.8426536239827614,0.2575665702267183,0.37585296413955716,0.984534099799013,0.4848237840638688,3.8790034280921595,0.7360828187349714,2669,1
1.0,6.5,0.3500000000000001,0.18191076706028594,0.18660709325008276,0.2382922238657442,0.8181703069463749,1.0,0.818170306946375,0.2575665702267183,0.37585296413955716,0.984534099799013,0.4848237840638688,3.8790034280921595,0.7360828187349714,2669,1
1.0,6.5,0.40000000000000013,0.20332407109203615,0.20704775882097196,0.24983044987675213,0.7967548067936672,1.0,0.7967548067936672,0.2575665702267183,0.37585296413955716,0.984534099799013,0.4848237840638688,3.8790034280921595,0.7360828187349714,2669,1
1.0,6.5,0.45000000000000007,0.22412042686787442,0.2255693909105241,0.262083931632486,0.7759566987556948,1.0,0.7759566987556948,0.2575665702267183,0.37585296413955716,0.984534099799013,0.4848237840638688,3.8790034280921595,0.7360828187349714,2669,1
1.0,6.5,0.5000000000000001,0.2434360796220192,0.24449519521312185,0.27001030322154784,0.7566390047210356,1.0,0.7566390047210356,0.2575665702267183,0.37585296413955716,0.984534099799013,0.4848237840638688,3.8790034280921595,0.7360828187349714,2669,1
1.0,6.5,0.5500000000000002,0.2797862756490797,0.280766035682492,0.3115889842118542,0.7202851183973707,1.0,0.7202851183973707,0.2575665702267183,0.37585296413955716,0.984534099799013,0.4848237840638688,3.8790034280921595,0.7360828187349714,2669,1
1.0,6.5,0.6000000000000002,0.301905993828598,0.30245850685422415,0.32488360118709747,0.6981633061592438,1.0,0.6981633061592438,0.2575665702267183,0.37585296413955716,0.984534099799013,0.4848237840638688,3.8790034280921595,0.7360828187349714,2669,1
1.0,6.5,0.6500000000000001,0.3347394434197101,0.3354757298262458,0.3573811313089287,0.6653265338523553,1.0,0.6653265338523553,0.2575665702267183,0.37585296413955716,0.984534099799013,0.4848237840638688,3.8790034280921595,0.7360828187349714,2669,1
1.0,6.5,0.7000000000000002,0.3486474488917413,0.3492373248384838,0.37190857981084935,0.651417138868354,1.0,0.651417138868354,0.2575665702267183,0.37585296413955716,0.984534099799013,0.4848237840638688,3.8790034280921595,0.7360828187349714,2669,1
1.0,6.5,0.7500000000000002,0.38132743375128914,0.38251569728309975,0.40484622031322853,0.6187337504289369,1.0,0.6187337504289369,0.2575665702267183,0.37585296413955716,0.984534099799013,0.4848237840638688,3.8790034280921595,0.7360828187349714,2669,1
1.0,6.5,0.8000000000000002,0.4096937586649875,0.41043764028267893,0.4355192233346813,0.5903647531680896,1.0,0.5903647531680896,0.2575665702267183,0.37585296413955716,0.984534099799013,0.4848237840638688,3.8790034280921595,0.7360828187349714,2669,1
1.0,6.5,0.8500000000000002,0.43729684631100485,0.43755397406657615,0.45649677414748396,0.5627591018038708,1.0,0.5627591018038708,0.2575665702267183,0.37585296413955716,0.984534099799013,0.4848237840638688,3.8790034280921595,0.7360828187349714,2669,1
1.0,6.5,0.9000000000000002,0.47935103401953627,0.4798762699937239,0.5077849260117958,0.5207005318373228,1.0,0.5207005318373227,0.2575665702267183,0.37585296413955716,0.984534099799013,0.4848237840638688,3.8790034280921595,0.7360828187349714,2669,1
1.0,6.5,0.9500000000000003,0.5552310611320221,0.5562473333764436,0.6011656249417141,0.4448126877433857,1.0,0.44481268774338567,0.2575665702267183,0.37585296413955716,0.984534099799013,0.4848237840638688,3.8790034280921595,0.7360828187349714,2669,1
1.0,7.0,0.1,0.08453551299126628,0.09519034412484643,0.1383209037779094,0.9155975963500158,0.9971540808437472,0.9184435155062685,0.2575665702267183,0.36301592973925156,0.984534099799013,0.4848237840638688,3.8790034280921595,0.7360828187349714,2669,1
1.0,7.0,0.15000000000000002,0.0963095296472103,0.10884954850010743,0.1547062755491471,0.901950251101306,0.998583521559951,0.9033486607110951,0.2575665702267183,0.36301592973925156,0.984534099799013,0.4848237840638688,3.8790034280921595,0.7360828187349714,2669,1
1.0,7.0,0.20000000000000004,0.11101265248554015,0.11804478402621826,0.1562644015078858,0.8890754026476496,1.0,0.8890754026476495,0.2575665702267183,0.36301592973925156,0.984534099799013,0.4848237840638688,3.8790034280921595,0.7360828187349714,2669,1
1.0,7.0,0.25000000000000006,0.13883950340746712,0.14561089341003725,0.18287661142496617,0.8612456370603854,1.0,0.8612456370603854,0.2575665702267183,0.36301592973925156,0.984534099799013,0.4848237840638688,3.8790034280921595,0.7360828187349714,2669,1
1.0,7.0,0.30000000000000004,0.1574297565344042,0.16276420743040662,0.19820770571671908,0.8426536239827614,1.0,0.8426536239827614,0.2575665702267183,0.36301592973925156,0.984534099799013,0.4848237840638688,3.8790034280921595,0.7360828187349714,2669,1
1.0,7.0,0.3500000000000001,0.18191076706028594,0.18660709325008276,0.2382922238657442,0.8181703069463749,1.0,0.818170306946375,0.2575665702267183,0.36301592973925156,0.984534099799013,0.4848237840638688,3.8790034280921595,0.7360828187349714,2669,1
1.0,7.0,0.40000000000000013,0.20332407109203615,0.20704775882097196,0.24983044987675213,0.7967548067936672,1.0,0.7967548067936672,0.2575665702267183,0.36301592973925156,0.984534099799013,0.4848237840638688,3.8790034280921595,0.7360828187349714,2669,1
1.0,7.0,0.45000000000000007,0.22412042686787442,0.2255693909105241,0.262083931632486,0.7759566987556948,1.0,0.7759566987556948,0.2575665702267183,0.36301592973925156,0.984534099799013,0.4848237840638688,3.8790034280921595,0.7360828187349714,2669,1
1.0,7.0,0.5000000000000001,0.2434360796220192,0.24449519521312185,0.27001030322154784,0.7566390047210356,1.0,0.7566390047210356,0.2575665702267183,0.36301592973925156,0.984534099799013,0.4848237840638688,3.8790034280921595,0.7360828187349714,2669,1
1.0,7.0,0.5500000000000002,0.2797862756490797,0.280766035682492,0.3115889842118542,0.7202851183973707,1.0,0.7202851183973707,0.2575665702267183,0.36301592973925156,0.984534099799013,0.4848237840638688,3.8790034280921595,0.7360828187349714,2669,1
1.0,7.0,0.6000000000000002,0.301905993828598,0.30245850685422415,0.32488360118709747,0.6981633061592438,1.0,0.6981633061592438,0.2575665702267183,0.36301592973925156,0.984534099799013,0.4848237840638688,3.8790034280921595,0.7360828187349714,2669,1
1.0,7.0,0.6500000000000001,0.3347394434197101,0.3354757298262458,0.3573811313089287,0.6653265338523553,1.0,0.6653265338523553,0.2575665702267183,0.36301592973925156,0.984534099799013,0.4848237840638688,3.8790034280921595,0.7360828187349714,2669,1
1.0,7.0,0.7000000000000002,0.3486474488917413,0.3492373248384838,0.37190857981084935,0.651417138868354,1.0,0.651417138868354,0.2575665702267183,0.36301592973925156,0.984534099799013,0.4848237840638688,3.8790034280921595,0.7360828187349714,2669,1
1.0,7.0,0.7500000000000002,0.38132743375128914,0.38251569728309975,0.40484622031322853,0.6187337504289369,1.0,0.6187337504289369,0.2575665702267183,0.36301592973925156,0.984534099799013,0.4848237840638688,3.8790034280921595,0.7360828187349714,2669,1
1.0,7.0,0.8000000000000002,0.4096937586649875,0.41043764028267893,0.4355192233346813,0.5903647531680896,1.0,0.5903647531680896,0.2575665702267183,0.36301592973925156,0.984534099799013,0.4848237840638688,3.8790034280921595,0.7360828187349714,2669,1
1.0,7.0,0.8500000000000002,0.43729684631100485,0.43755397406657615,0.45649677414748396,0.5627591018038708,1.0,0.5627591018038708,0.2575665702267183,0.36301592973925156,0.984534099799013,0.4848237840638688,3.8790034280921595,0.7360828187349714,2669,1
1.0,7.0,0.9000000000000002,0.47935103401953627,0.4798762699937239,0.5077849260117958,0.5207005318373228,1.0,0.5207005318373227,0.2575665702267183,0.36301592973925156,0.984534099799013,0.4848237840638688,3.8790034280921595,0.7360828187349714,2669,1
1.0,7.0,0.9500000000000003,0.5552310611320221,0.5562473333764436,0.6011656249417141,0.4448126877433857,1.0,0.44481268774338567,0.2575665702267183,0.36301592973925156,0.984534099799013,0.4848237840638688,3.8790034280921595,0.7360828187349714,2669,1
1.0,7.5,0.1,0.08453551299126628,0.09519034412484643,0.1383209037779094,0.9155975963500158,0.9971540808437472,0.9184435155062685,0.2575665702267183,0.3463865528462881,0.984534099799013,0.4848237840638688,3.8790034280921595,0.7360828187349714,2669,1
1.0,7.5,0.15000000000000002,0.0963095296472103,0.10884954850010743,0.1547062755491471,0.901950251101306,0.998583521559951,0.9033486607110951,0.2575665702267183,0.3463865528462881,0.984534099799013,0.4848237840638688,3.8790034280921595,0.7360828187349714,2669,1
1.0,7.5,0.20000000000000004,0.11101265248554015,0.11804478402621826,0.1562644015078858,0.8890754026476496,1.0,0.8890754026476495,0.2575665702267183,0.3463865528462881,0.984534099799013,0.4848237840638688,3.8790034280921595,0.7360828187349714,2669,1
1.0,7.5,0.25000000000000006,0.13883950340746712,0.14561089341003725,0.18287661142496617,0.8612456370603854,1.0,0.8612456370603854,0.2575665702267183,0.3463865528462881,0.984534099799013,0.4848237840638688,3.8790034280921595,0.7360828187349714,2669,1
1.0,7.5,0.30000000000000004,0.1574297565344042,0.16276420743040662,0.19820770571671908,0.8426536239827614,1.0,0.8426536239827614,0.2575665702267183,0.3463865528462881,0.984534099799013,0.4848237840638688,3.8790034280921595,0.7360828187349714,2669,1
1.0,7.5,0.3500000000000001,0.18191076706028594,0.18660709325008276,0.2382922238657442,0.8181703069463749,1.0,0.818170306946375,0.2575665702267183,0.3463865528462881,0.984534099799013,0.4848237840638688,3.8790034280921595,0.7360828187349714,2669,1
1.0,7.5,0.40000000000000013,0.20332407109203615,0.20704775882097196,0.24983044987675213,0.7967548067936672,1.0,0.7967548067936672,0.2575665702267183,0.3463865528462881,0.984534099799013,0.4848237840638688,3.8790034280921595,0.7360828187349714,2669,1
1.0,7.5,0.45000000000000007,0.22412042686787442,0.2255693909105241,0.262083931632486,0.7759566987556948,1.0,0.7759566987556948,0.2575665702267183,0.3463865528462881,0.984534099799013,0.4848237840638688,3.8790034280921595,0.7360828187349714,2669,1
1.0,7.5,0.5000000000000001,0.2434360796220192,0.24449519521312185,0.27001030322154784,0.7566390047210356,1.0,0.7566390047210356,0.2575665702267183,0.3463865528462881,0.984534099799013,0.4848237840638688,3.8790034280921595,0.7360828187349714,2669,1
1.0,7.5,0.5500000000000002,0.2797862756490797,0.280766035682492,0.3115889842118542,0.7202851183973707,1.0,0.7202851183973707,0.2575665702267183,0.3463865528462881,0.984534099799013,0.4848237840638688,3.8790034280921595,0.7360828187349714,2669,1
1.0,7.5,0.6000000000000002,0.301905993828598,0.30245850685422415,0.32488360118709747,0.6981633061592438,1.0,0.6981633061592438,0.2575665702267183,0.3463865528462881,0.984534099799013,0.4848237840638688,3.8790034280921595,0.7360828187349714,2669,1
1.0,7.5,0.6500000000000001,0.3347394434197101,0.3354757298262458,0.3573811313089287,0.6653265338523553,1.0,0.6653265338523553,0.2575665702267183,0.3463865528462881,0.984534099799013,0.4848237840638688,3.8790034280921595,0.7360828187349714,2669,1
1.0,7.5,0.7000000000000002,0.3486474488917413,0.3492373248384838,0.37190857981084935,0.651417138868354,1.0,0.651417138868354,0.2575665702267183,0.3463865528462881,0.984534099799013,0.4848237840638688,3.8790034280921595,0.7360828187349714,2669,1
1.0,7.5,0.7500000000000002,0.38132743375128914,0.38251569728309975,0.40484622031322853,0.6187337504289369,1.0,0.6187337504289369,0.2575665702267183,0.3463865528462881,0.984534099799013,0.4848237840638688,3.8790034280921595,0.7360828187349714,2669,1
1.0,7.5,0.8000000000000002,0.4096937586649875,0.41043764028267893,0.4355192233346813,0.5903647531680896,1.0,0.5903647531680896,0.2575665702267183,0.3463865528462881,0.984534099799013,0.4848237840638688,3.8790034280921595,0.7360828187349714,2669,1
1.0,7.5,0.8500000000000002,0.43729684631100485,0.43755397406657615,0.45649677414748396,0.5627591018038708,1.0,0.5627591018038708,0.2575665702267183,0.3463865528462881,0.984534099799013,0.4848237840638688,3.8790034280921595,0.7360828187349714,2669,1
1.0,7.5,0.9000000000000002,0.47935103401953627,0.4798762699937239,0.5077849260117958,0.5207005318373228,1.0,0.5207005318373227,0.2575665702267183,0.3463865528462881,0.984534099799013,0.4848237840638688,3.8790034280921595,0.7360828187349714,2669,1
1.0,7.5,0.9500000000000003,0.5552310611320221,0.5562473333764436,0.6011656249417141,0.4448126877433857,1.0,0.44481268774338567,0.2575665702267183,0.3463865528462881,0.984534099799013,0.4848237840638688,3.8790034280921595,0.7360828187349714,2669,1
1.0,8.0,0.1,0.08453551299126628,0.09519034412484643,0.1383209037779094,0.9155975963500158,0.9971540808437472,0.9184435155062685,0.2575665702267183,0.33923854910833195,0.984534099799013,0.4848237840638688,3.8790034280921595,0.7360828187349714,2669,1
1.0,8.0,0.15000000000000002,0.0963095296472103,0.10884954850010743,0.1547062755491471,0.901950251101306,0.998583521559951,0.9033486607110951,0.2575665702267183,0.33923854910833195,0.984534099799013,0.4848237840638688,3.8790034280921595,0.7360828187349714,2669,1
1.0,8.0,0.20000000000000004,0.11101265248554015,0.11804478402621826,0.1562644015078858,0.8890754026476496,1.0,0.8890754026476495,0.2575665702267183,0.33923854910833195,0.984534099799013,0.4848237840638688,3.8790034280921595,0.7360828187349714,2669,1
1.0,8.0,0.25000000000000006,0.13883950340746712,0.14561089341003725,0.18287661142496617,0.8612456370603854,1.0,0.8612456370603854,0.2575665702267183,0.33923854910833195,0.984534099799013,0.4848237840638688,3.8790034280921595,0.7360828187349714,2669,1
1.0,8.0,0.30000000000000004,0.1574297565344042,0.16276420743040662,0.19820770571671908,0.8426536239827614,1.0,0.8426536239827614,0.2575665702267183,0.33923854910833195,0.984534099799013,0.4848237840638688,3.8790034280921595,0.7360828187349714,2669,1
1.0,8.0,0.3500000000000001,0.18191076706028594,0.18660709325008276,0.2382922238657442,0.8181703069463749,1.0,0.818170306946375,0.2575665702267183,0.33923854910833195,0.984534099799013,0.4848237840638688,3.8790034280921595,0.7360828187349714,2669,1
1.0,8.0,0.40000000000000013,0.20332407109203615,0.20704775882097196,0.24983044987675213,0.7967548067936672,1.0,0.7967548067936672,0.2575665702267183,0.33923854910833195,0.984534099799013,0.4848237840638688,3.8790034280921595,0.7360828187349714,2669,1
1.0,8.0,0.45000000000000007,0.22412042686787442,0.2255693909105241,0.262083931632486,0.7759566987556948,1.0,0.7759566987556948,0.2575665702267183,0.33923854910833195,0.984534099799013,0.4848237840638688,3.8790034280921595,0.7360828187349714,2669,1
1.0,8.0,0.5000000000000001,0.2434360796220192,0.24449519521312185,0.27001030322154784,0.7566390047210356,1.0,0.7566390047210356,0.2575665702267183,0.33923854910833195,0.984534099799013,0.4848237840638688,3.8790034280921595,0.7360828187349714,2669,1
1.0,8.0,0.5500000000000002,0.2797862756490797,0.280766035682492,0.3115889842118542,0.7202851183973707,1.0,0.7202851183973707,0.2575665702267183,0.33923854910833195,0.984534099799013,0.4848237840638688,3.8790034280921595,0.7360828187349714,2669,1
1.0,8.0,0.6000000000000002,0.301905993828598,0.30245850685422415,0.32488360118709747,0.6981633061592438,1.0,0.6981633061592438,0.2575665702267183,0.33923854910833195,0.984534099799013,0.4848237840638688,3.8790034280921595,0.7360828187349714,2669,1
1.0,8.0,0.6500000000000001,0.3347394434197101,0.3354757298262458,0.3573811313089287,0.6653265338523553,1.0,0.6653265338523553,0.2575665702267183,0.33923854910833195,0.984534099799013,0.4848237840638688,3.8790034280921595,0.7360828187349714,2669,1
1.0,8.0,0.7000000000000002,0.3486474488917413,0.3492373248384838,0.37190857981084935,0.651417138868354,1.0,0.651417138868354,0.2575665702267183,0.33923854910833195,0.984534099799013,0.4848237840638688,3.8790034280921595,0.7360828187349714,2669,1
1.0,8.0,0.7500000000000002,0.38132743375128914,0.38251569728309975,0.40484622031322853,0.6187337504289369,1.0,0.6187337504289369,0.2575665702267183,0.33923854910833195,0.984534099799013,0.4848237840638688,3.8790034280921595,0.7360828187349714,2669,1
1.0,8.0,0.8000000000000002,0.4096937586649875,0.41043764028267893,0.4355192233346813,0.5903647531680896,1.0,0.5903647531680896,0.2575665702267183,0.33923854910833195,0.984534099799013,0.4848237840638688,3.8790034280921595,0.7360828187349714,2669,1
1.0,8.0,0.8500000000000002,0.43729684631100485,0.43755397406657615,0.45649677414748396,0.5627591018038708,1.0,0.5627591018038708,0.2575665702267183,0.33923854910833195,0.984534099799013,0.4848237840638688,3.8790034280921595,0.7360828187349714,2669,1
1.0,8.0,0.9000000000000002,0.47935103401953627,0.4798762699937239,0.5077849260117958,0.5207005318373228,1.0,0.5207005318373227,0.2575665702267183,0.33923854910833195,0.984534099799013,0.4848237840638688,3.8790034280921595,0.7360828187349714,2669,1
1.0,8.0,0.9500000000000003,0.5552310611320221,0.5562473333764436,0.6011656249417141,0.4448126877433857,1.0,0.44481268774338567,0.2575665702267183,0.33923854910833195,0.984534099799013,0.4848237840638688,3.8790034280921595,0.7360828187349714,2669,1
1.0,8.5,0.1,0.08453551299126628,0.09519034412484643,0.1383209037779094,0.9155975963500158,0.9971540808437472,0.9184435155062685,0.2575665702267183,0.3289484580996293,0.984534099799013,0.4848237840638688,3.8790034280921595,0.7360828187349714,2669,1
1.0,8.5,0.15000000000000002,0.0963095296472103,0.10884954850010743,0.1547062755491471,0.901950251101306,0.998583521559951,0.9033486607110951,0.2575665702267183,0.3289484580996293,0.984534099799013,0.4848237840638688,3.8790034280921595,0.7360828187349714,2669,1
1.0,8.5,0.20000000000000004,0.11101265248554015,0.11804478402621826,0.1562644015078858,0.8890754026476496,1.0,0.8890754026476495,0.2575665702267183,0.3289484580996293,0.984534099799013,0.4848237840638688,3.8790034280921595,0.7360828187349714,2669,1
1.0,8.5,0.25000000000000006,0.13883950340746712,0.14561089341003725,0.18287661142496617,0.8612456370603854,1.0,0.8612456370603854,0.2575665702267183,0.3289484580996293,0.984534099799013,0.4848237840638688,3.8790034280921595,0.7360828187349714,2669,1
1.0,8.5,0.30000000000000004,0.1574297565344042,0.16276420743040662,0.19820770571671908,0.8426536239827614,1.0,0.8426536239827614,0.2575665702267183,0.3289484580996293,0.984534099799013,0.4848237840638688,3.8790034280921595,0.7360828187349714,2669,1
1.0,8.5,0.3500000000000001,0.18191076706028594,0.18660709325008276,0.2382922238657442,0.8181703069463749,1.0,0.818170306946375,0.2575665702267183,0.3289484580996293,0.984534099799013,0.4848237840638688,3.8790034280921595,0.7360828187349714,2669,1
1.0,8.5,0.40000000000000013,0.20332407109203615,0.20704775882097196,0.24983044987675213,0.7967548067936672,1.0,0.7967548067936672,0.2575665702267183,0.3289484580996293,0.984534099799013,0.4848237840638688,3.8790034280921595,0.7360828187349714,2669,1
1.0,8.5,0.45000000000000007,0.22412042686787442,0.2255693909105241,0.262083931632486,0.7759566987556948,1.0,0.7759566987556948,0.2575665702267183,0.3289484580996293,0.984534099799013,0.4848237840638688,3.8790034280921595,0.7360828187349714,2669,1
1.0,8.5,0.5000000000000001,0.2434360796220192,0.24449519521312185,0.27001030322154784,0.7566390047210356,1.0,0.7566390047210356,0.2575665702267183,0.3289484580996293,0.984534099799013,0.4848237840638688,3.8790034280921595,0.7360828187349714,2669,1
1.0,8.5,0.5500000000000002,0.2797862756490797,0.280766035682492,0.3115889842118542,0.7202851183973707,1.0,0.7202851183973707,0.2575665702267183,0.3289484580996293,0.984534099799013,0.4848237840638688,3.8790034280921595,0.7360828187349714,2669,1
1.0,8.5,0.6000000000000002,0.301905993828598,0.30245850685422415,0.32488360118709747,0.6981633061592438,1.0,0.6981633061592438,0.2575665702267183,0.3289484580996293,0.984534099799013,0.4848237840638688,3.8790034280921595,0.7360828187349714,2669,1
1.0,8.5,0.6500000000000001,0.3347394434197101,0.3354757298262458,0.3573811313089287,0.6653265338523553,1.0,0.6653265338523553,0.2575665702267183,0.3289484580996293,0.984534099799013,0.4848237840638688,3.8790034280921595,0.7360828187349714,2669,1
1.0,8.5,0.7000000000000002,0.3486474488917413,0.3492373248384838,0.37190857981084935,0.651417138868354,1.0,0.651417138868354,0.2575665702267183,0.3289484580996293,0.984534099799013,0.4848237840638688,3.8790034280921595,0.7360828187349714,2669,1
1.0,8.5,0.7500000000000002,0.38132743375128914,0.38251569728309975,0.40484622031322853,0.6187337504289369,1.0,0.6187337504289369,0.2575665702267183,0.3289484580996293,0.984534099799013,0.4848237840638688,3.8790034280921595,0.7360828187349714,2669,1
1.0,8.5,0.8000000000000002,0.4096937586649875,0.41043764028267893,0.4355192233346813,0.5903647531680896,1.0,0.5903647531680896,0.2575665702267183,0.3289484580996293,0.984534099799013,0.4848237840638688,3.8790034280921595,0.7360828187349714,2669,1
1.0,8.5,0.8500000000000002,0.43729684631100485,0.43755397406657615,0.45649677414748396,0.5627591018038708,1.0,0.5627591018038708,0.2575665702267183,0.3289484580996293,0.984534099799013,0.4848237840638688,3.8790034280921595,0.7360828187349714,2669,1
1.0,8.5,0.9000000000000002,0.47935103401953627,0.4798762699937239,0.5077849260117958,0.5207005318373228,1.0,0.5207005318373227,0.2575665702267183,0.3289484580996293,0.984534099799013,0.4848237840638688,3.8790034280921595,0.7360828187349714,2669,1
1.0,8.5,0.9500000000000003,0.5552310611320221,0.5562473333764436,0.6011656249417141,0.4448126877433857,1.0,0.44481268774338567,0.2575665702267183,0.3289484580996293,0.984534099799013,0.4848237840638688,3.8790034280921595,0.7360828187349714,2669,1
1.0,9.0,0.1,0.08453551299126628,0.09519034412484643,0.1383209037779094,0.9155975963500158,0.9971540808437472,0.9184435155062685,0.2575665702267183,0.31334461936244784,0.984534099799013,0.4848237840638688,3.8790034280921595,0.7360828187349714,2669,1
1.0,9.0,0.15000000000000002,0.0963095296472103,0.10884954850010743,0.1547062755491471,0.901950251101306,0.998583521559951,0.9033486607110951,0.2575665702267183,0.31334461936244784,0.984534099799013,0.4848237840638688,3.8790034280921595,0.7360828187349714,2669,1
1.0,9.0,0.20000000000000004,0.11101265248554015,0.11804478402621826,0.1562644015078858,0.8890754026476496,1.0,0.8890754026476495,0.2575665702267183,0.31334461936244784,0.984534099799013,0.4848237840638688,3.8790034280921595,0.7360828187349714,2669,1
1.0,9.0,0.25000000000000006,0.13883950340746712,0.14561089341003725,0.18287661142496617,0.8612456370603854,1.0,0.8612456370603854,0.2575665702267183,0.31334461936244784,0.984534099799013,0.4848237840638688,3.8790034280921595,0.7360828187349714,2669,1
1.0,9.0,0.30000000000000004,0.1574297565344042,0.16276420743040662,0.19820770571671908,0.8426536239827614,1.0,0.8426536239827614,0.2575665702267183,0.31334461936244784,0.984534099799013,0.4848237840638688,3.8790034280921595,0.7360828187349714,2669,1
1.0,9.0,0.3500000000000001,0.18191076706028594,0.18660709325008276,0.2382922238657442,0.8181703069463749,1.0,0.818170306946375,0.2575665702267183,0.31334461936244784,0.984534099799013,0.4848237840638688,3.8790034280921595,0.7360828187349714,2669,1
1.0,9.0,0.40000000000000013,0.20332407109203615,0.20704775882097196,0.24983044987675213,0.7967548067936672,1.0,0.7967548067936672,0.2575665702267183,0.31334461936244784,0.984534099799013,0.4848237840638688,3.8790034280921595,0.7360828187349714,2669,1
1.0,9.0,0.45000000000000007,0.22412042686787442,0.2255693909105241,0.262083931632486,0.7759566987556948,1.0,0.7759566987556948,0.2575665702267183,0.31334461936244784,0.984534099799013,0.4848237840638688,3.8790034280921595,0.7360828187349714,2669,1
1.0,9.0,0.5000000000000001,0.2434360796220192,0.24449519521312185,0.27001030322154784,0.7566390047210356,1.0,0.7566390047210356,0.2575665702267183,0.31334461936244784,0.984534099799013,0.4848237840638688,3.8790034280921595,0.7360828187349714,2669,1
1.0,9.0,0.5500000000000002,0.2797862756490797,0.280766035682492,0.3115889842118542,0.7202851183973707,1.0,0.7202851183973707,0.2575665702267183,0.31334461936244784,0.984534099799013,0.4848237840638688,3.8790034280921595,0.7360828187349714,2669,1
1.0,9.0,0.6000000000000002,0.301905993828598,0.30245850685422415,0.32488360118709747,0.6981633061592438,1.0,0.6981633061592438,0.2575665702267183,0.31334461936244784,0.984534099799013,0.4848237840638688,3.8790034280921595,0.7360828187349714,2669,1
1.0,9.0,0.6500000000000001,0.3347394434197101,0.3354757298262458,0.3573811313089287,0.6653265338523553,1.0,0.6653265338523553,0.2575665702267183,0.31334461936244784,0.984534099799013,0.4848237840638688,3.8790034280921595,0.7360828187349714,2669,1
1.0,9.0,0.7000000000000002,0.3486474488917413,0.3492373248384838,0.37190857981084935,0.651417138868354,1.0,0.651417138868354,0.2575665702267183,0.31334461936244784,0.984534099799013,0.4848237840638688,3.8790034280921595,0.7360828187349714,2669,1
1.0,9.0,0.7500000000000002,0.38132743375128914,0.38251569728309975,0.40484622031322853,0.6187337504289369,1.0,0.6187337504289369,0.2575665702267183,0.31334461936244784,0.984534099799013,0.4848237840638688,3.8790034280921595,0.7360828187349714,2669,1
1.0,9.0,0.8000000000000002,0.4096937586649875,0.41043764028267893,0.4355192233346813,0.5903647531680896,1.0,0.5903647531680896,0.2575665702267183,0.31334461936244784,0.984534099799013,0.4848237840638688,3.8790034280921595,0.7360828187349714,2669,1
1.0,9.0,0.8500000000000002,0.43729684631100485,0.43755397406657615,0.45649677414748396,0.5627591018038708,1.0,0.5627591018038708,0.2575665702267183,0.31334461936244784,0.984534099799013,0.4848237840638688,3.8790034280921595,0.7360828187349714,2669,1
1.0,9.0,0.9000000000000002,0.47935103401953627,0.4798762699937239,0.5077849260117958,0.5207005318373228,1.0,0.5207005318373227,0.2575665702267183,0.31334461936244784,0.984534099799013,0.4848237840638688,3.8790034280921595,0.7360828187349714,2669,1
1.0,9.0,0.9500000000000003,0.5552310611320221,0.5562473333764436,0.6011656249417141,0.4448126877433857,1.0,0.44481268774338567,0.2575665702267183,0.31334461936244784,0.984534099799013,0.4848237840638688,3.8790034280921595,0.7360828187349714,2669,1
1.0,9.5,0.1,0.08453551299126628,0.09519034412484643,0.1383209037779094,0.9155975963500158,0.9971540808437472,0.9184435155062685,0.2575665702267183,0.3022724570478815,0.984534099799013,0.4848237840638688,3.8790034280921595,0.7360828187349714,2669,1
1.0,9.5,0.15000000000000002,0.0963095296472103,0.10884954850010743,0.1547062755491471,0.901950251101306,0.998583521559951,0.9033486607110951,0.2575665702267183,0.3022724570478815,0.984534099799013,0.4848237840638688,3.8790034280921595,0.7360828187349714,2669,1
1.0,9.5,0.20000000000000004,0.11101265248554015,0.11804478402621826,0.1562644015078858,0.8890754026476496,1.0,0.8890754026476495,0.2575665702267183,0.3022724570478815,0.984534099799013,0.4848237840638688,3.8790034280921595,0.7360828187349714,2669,1
1.0,9.5,0.25000000000000006,0.13883950340746712,0.14561089341003725,0.18287661142496617,0.8612456370603854,1.0,0.8612456370603854,0.2575665702267183,0.3022724570478815,0.984534099799013,0.4848237840638688,3.8790034280921595,0.7360828187349714,2669,1
1.0,9.5,0.30000000000000004,0.1574297565344042,0.16276420743040662,0.19820770571671908,0.8426536239827614,1.0,0.8426536239827614,0.2575665702267183,0.3022724570478815,0.984534099799013,0.4848237840638688,3.8790034280921595,0.7360828187349714,2669,1
1.0,9.5,0.3500000000000001,0.18191076706028594,0.18660709325008276,0.2382922238657442,0.8181703069463749,1.0,0.818170306946375,0.2575665702267183,0.3022724570478815,0.984534099799013,0.4848237840638688,3.8790034280921595,0.7360828187349714,2669,1
1.0,9.5,0.40000000000000013,0.20332407109203615,0.20704775882097196,0.24983044987675213,0.7967548067936672,1.0,0.7967548067936672,0.2575665702267183,0.3022724570478815,0.984534099799013,0.4848237840638688,3.8790034280921595,0.7360828187349714,2669,1
1.0,9.5,0.45000000000000007,0.22412042686787442,0.2255693909105241,0.262083931632486,0.7759566987556948,1.0,0.7759566987556948,0.2575665702267183,0.3022724570478815,0.984534099799013,0.4848237840638688,3.8790034280921595,0.7360828187349714,2669,1
1.0,9.5,0.5000000000000001,0.2434360796220192,0.24449519521312185,0.27001030322154784,0.7566390047210356,1.0,0.7566390047210356,0.2575665702267183,0.3022724570478815,0.984534099799013,0.4848237840638688,3.8790034280921595,0.7360828187349714,2669,1
1.0,9.5,0.5500000000000002,0.2797862756490797,0.280766035682492,0.3115889842118542,0.7202851183973707,1.0,0.7202851183973707,0.2575665702267183,0.3022724570478815,0.984534099799013,0.4848237840638688,3.8790034280921595,0.7360828187349714,2669,1
1.0,9.5,0.6000000000000002,0.301905993828598,0.30245850685422415,0.32488360118709747,0.6981633061592438,1.0,0.6981633061592438,0.2575665702267183,0.3022724570478815,0.984534099799013,0.4848237840638688,3.8790034280921595,0.7360828187349714,2669,1
1.0,9.5,0.6500000000000001,0.3347394434197101,0.3354757298262458,0.3573811313089287,0.6653265338523553,1.0,0.6653265338523553,0.2575665702267183,0.3022724570478815,0.984534099799013,0.4848237840638688,3.8790034280921595,0.7360828187349714,2669,1
1.0,9.5,0.7000000000000002,0.3486474488917413,0.3492373248384838,0.37190857981084935,0.651417138868354,1.0,0.651417138868354,0.2575665702267183,0.3022724570478815,0.984534099799013,0.4848237840638688,3.8790034280921595,0.7360828187349714,2669,1
1.0,9.5,0.7500000000000002,0.38132743375128914,0.38251569728309975,0.40484622031322853,0.6187337504289369,1.0,0.6187337504289369,0.2575665702267183,0.3022724570478815,0.984534099799013,0.4848237840638688,3.8790034280921595,0.7360828187349714,2669,1
1.0,9.5,0.8000000000000002,0.4096937586649875,0.41043764028267893,0.4355192233346813,0.5903647531680896,1.0,0.5903647531680896,0.2575665702267183,0.3022724570478815,0.984534099799013,0.4848237840638688,3.8790034280921595,0.7360828187349714,2669,1
1.0,9.5,0.8500000000000002,0.43729684631100485,0.43755397406657615,0.45649677414748396,0.5627591018038708,1.0,0.5627591018038708,0.2575665702267183,0.3022724570478815,0.984534099799013,0.4848237840638688,3.8790034280921595,0.7360828187349714,2669,1
1.0,9.5,0.9000000000000002,0.47935103401953627,0.4798762699937239,0.5077849260117958,0.5207005318373228,1.0,0.5207005318373227,0.2575665702267183,0.3022724570478815,0.984534099799013,0.4848237840638688,3.8790034280921595,0.7360828187349714,2669,1
1.0,9.5,0.9500000000000003,0.5552310611320221,0.5562473333764436,0.6011656249417141,0.4448126877433857,1.0,0.44481268774338567,0.2575665702267183,0.3022724570478815,0.984534099799013,0.4848237840638688,3.8790034280921595,0.7360828187349714,2669,1
1.0,10.0,0.1,0.08453551299126628,0.09519034412484643,0.1383209037779094,0.9155975963500158,0.9971540808437472,0.9184435155062685,0.2575665702267183,0.2936534508535808,0.984534099799013,0.4848237840638688,3.8790034280921595,0.7360828187349714,2669,1
1.0,10.0,0.15000000000000002,0.0963095296472103,0.10884954850010743,0.1547062755491471,0.901950251101306,0.998583521559951,0.9033486607110951,0.2575665702267183,0.2936534508535808,0.984534099799013,0.4848237840638688,3.8790034280921595,0.7360828187349714,2669,1
1.0,10.0,0.20000000000000004,0.11101265248554015,0.11804478402621826,0.1562644015078858,0.8890754026476496,1.0,0.8890754026476495,0.2575665702267183,0.2936534508535808,0.984534099799013,0.4848237840638688,3.8790034280921595,0.7360828187349714,2669,1
1.0,10.0,0.25000000000000006,0.13883950340746712,0.14561089341003725,0.18287661142496617,0.8612456370603854,1.0,0.8612456370603854,0.2575665702267183,0.2936534508535808,0.984534099799013,0.4848237840638688,3.8790034280921595,0.7360828187349714,2669,1
1.0,10.0,0.30000000000000004,0.1574297565344042,0.16276420743040662,0.19820770571671908,0.8426536239827614,1.0,0.8426536239827614,0.2575665702267183,0.2936534508535808,0.984534099799013,0.4848237840638688,3.8790034280921595,0.7360828187349714,2669,1
1.0,10.0,0.3500000000000001,0.18191076706028594,0.18660709325008276,0.2382922238657442,0.8181703069463749,1.0,0.818170306946375,0.2575665702267183,0.2936534508535808,0.984534099799013,0.4848237840638688,3.8790034280921595,0.7360828187349714,2669,1
1.0,10.0,0.40000000000000013,0.20332407109203615,0.20704775882097196,0.24983044987675213,0.7967548067936672,1.0,0.7967548067936672,0.2575665702267183,0.2936534508535808,0.984534099799013,0.4848237840638688,3.8790034280921595,0.7360828187349714,2669,1
1.0,10.0,0.45000000000000007,0.22412042686787442,0.2255693909105241,0.262083931632486,0.7759566987556948,1.0,0.7759566987556948,0.2575665702267183,0.2936534508535808,0.984534099799013,0.4848237840638688,3.8790034280921595,0.7360828187349714,2669,1
1.0,10.0,0.5000000000000001,0.2434360796220192,0.24449519521312185,0.27001030322154784,0.7566390047210356,1.0,0.7566390047210356,0.2575665702267183,0.2936534508535808,0.984534099799013,0.4848237840638688,3.8790034280921595,0.7360828187349714,2669,1
1.0,10.0,0.5500000000000002,0.2797862756490797,0.280766035682492,0.3115889842118542,0.7202851183973707,1.0,0.7202851183973707,0.2575665702267183,0.2936534508535808,0.984534099799013,0.4848237840638688,3.8790034280921595,0.7360828187349714,2669,1
1.0,10.0,0.6000000000000002,0.301905993828598,0.30245850685422415,0.32488360118709747,0.6981633061592438,1.0,0.6981633061592438,0.2575665702267183,0.2936534508535808,0.984534099799013,0.4848237840638688,3.8790034280921595,0.7360828187349714,2669,1
1.0,10.0,0.6500000000000001,0.3347394434197101,0.3354757298262458,0.3573811313089287,0.6653265338523553,1.0,0.6653265338523553,0.2575665702267183,0.2936534508535808,0.984534099799013,0.4848237840638688,3.8790034280921595,0.7360828187349714,2669,1
1.0,10.0,0.7000000000000002,0.3486474488917413,0.3492373248384838,0.37190857981084935,0.651417138868354,1.0,0.651417138868354,0.2575665702267183,0.2936534508535808,0.984534099799013,0.4848237840638688,3.8790034280921595,0.7360828187349714,2669,1
1.0,10.0,0.7500000000000002,0.38132743375128914,0.38251569728309975,0.40484622031322853,0.6187337504289369,1.0,0.6187337504289369,0.2575665702267183,0.2936534508535808,0.984534099799013,0.4848237840638688,3.8790034280921595,0.7360828187349714,2669,1
1.0,10.0,0.8000000000000002,0.4096937586649875,0.41043764028267893,0.4355192233346813,0.5903647531680896,1.0,0.5903647531680896,0.2575665702267183,0.2936534508535808,0.984534099799013,0.4848237840638688,3.8790034280921595,0.7360828187349714,2669,1
1.0,10.0,0.8500000000000002,0.43729684631100485,0.43755397406657615,0.45649677414748396,0.5627591018038708,1.0,0.5627591018038708,0.2575665702267183,0.2936534508535808,0.984534099799013,0.4848237840638688,3.8790034280921595,0.7360828187349714,2669,1
1.0,10.0,0.9000000000000002,0.47935103401953627,0.4798762699937239,0.5077849260117958,0.5207005318373228,1.0,0.5207005318373227,0.2575665702267183,0.2936534508535808,0.984534099799013,0.4848237840638688,3.8790034280921595,0.7360828187349714,2669,1
1.0,10.0,0.9500000000000003,0.5552310611320221,0.5562473333764436,0.6011656249417141,0.4448126877433857,1.0,0.44481268774338567,0.2575665702267183,0.2936534508535808,0.984534099799013,0.4848237840638688,3.8790034280921595,0.7360828187349714,2669,1
