state,bootstrap_id,fit_status,g0_1_over_b,lambda_a_over_b_per_mmhg,a_per_mmhg,b_dimensionless,pstar_b_over_a_mmhg
primary_0p26,0,success,0.5449447325771337,0.034706614278454236,0.06368831957384177,1.83504847412844,28.81295167477045
primary_0p26,1,success,0.49105016788018124,0.02939508976511695,0.05986168356690086,2.0364518035232706,34.01928716634492
primary_0p26,2,success,0.49839222148306406,0.030292600249599278,0.060780644126944214,2.0064518603928114,33.01136223897545
primary_0p26,3,success,0.5430032233113304,0.034714541229902404,0.06393063565664849,1.8416096941410804,28.806372331909724
primary_0p26,4,success,0.5191657206457854,0.0321005411175911,0.061831010486712294,1.9261672337613303,31.152122836085148
primary_0p26,5,success,0.4801508575133876,0.027900379670927733,0.05810752857012197,2.0826787755390357,35.84180616158434
primary_0p26,6,success,0.5219289465033085,0.03202159382249894,0.061352400622784686,1.915969609847384,31.22892650325801
primary_0p26,7,success,0.5499208391631094,0.03568858899777617,0.06489768427777429,1.8184435445687752,28.020160731552377
primary_0p26,8,success,0.5403016002751642,0.0343282936347257,0.0635354283926663,1.8508181347060997,29.130489579255503
primary_0p26,9,success,0.5378356911805238,0.033975907944781274,0.06317153826330449,1.8593039034004002,29.432620362205824
primary_0p26,10,success,0.4964118990201039,0.029718424962328023,0.059866463759210724,2.014456144129417,33.649158771625025
primary_0p26,11,success,0.5225160598767549,0.03259354162886782,0.06237806668862124,1.9138167738535512,30.680924809788344
primary_0p26,12,success,0.5156006577582523,0.031542864737902424,0.06117692881744113,1.9394855009453194,31.702890917145634
primary_0p26,13,success,0.526799963877909,0.033045095155628104,0.06272797536350369,1.8982537368430037,30.26167712002137
primary_0p26,14,success,0.46950724970535396,0.026998859390268755,0.05750466985805284,2.129892564231041,37.03860172553925
primary_0p26,15,success,0.5203307099801986,0.032387588638137337,0.062244238168010224,1.9218546605447435,30.876025108657537
primary_0p26,16,success,0.5362848134163662,0.034388335987797884,0.06412327018684215,1.86468080949294,29.07962747470052
primary_0p26,17,success,0.5125030244390831,0.031359984987389164,0.06118985350713117,1.9512079974444356,31.88777036730507
primary_0p26,18,success,0.4761672509342103,0.02770608982627554,0.058185626524961405,2.100102428375876,36.09314797830595
primary_0p26,19,success,0.5338711915792541,0.03369742160915012,0.06311901099115155,1.87311099713375,29.675861007966923
primary_0p26,20,success,0.5057524535554162,0.03060627417528914,0.06051631378182836,1.9772519005494615,32.67303933411728
primary_0p26,21,success,0.516963162905452,0.03175876924350874,0.06143333127454797,1.9343738040826155,31.48736628716784
primary_0p26,22,success,0.5279326234996243,0.03306432681728767,0.06262982309770293,1.894181104723322,30.244075602263596
primary_0p26,23,success,0.49676947858838083,0.029469699262585684,0.059322684932912394,2.0130061187365977,33.933159313559266
primary_0p26,24,success,0.507500331007876,0.030656595207684788,0.06040704475364968,1.970442064567798,32.61940842502062
primary_0p26,25,success,0.48321784467021545,0.028056093606304084,0.05806096342624038,2.069459998279815,35.642880795610985
primary_0p26,26,success,0.5083833265249724,0.03100121861682062,0.06098000661966596,1.967019663755394,32.2567964943617
primary_0p26,27,success,0.5580068747624727,0.0363139117533294,0.06507789311518282,1.7920926161092028,27.53765572799565
primary_0p26,28,success,0.5204694501262728,0.0325428785084966,0.06252601089382147,1.9213423568998849,30.72868921963712
primary_0p26,29,success,0.5350761119765842,0.033914933091685494,0.06338338104162958,1.8688929997378796,29.485536571651313
primary_0p26,30,success,0.4847348451563118,0.028780076170194582,0.05937282301402101,2.0629835259264913,34.74625967236413
primary_0p26,31,success,0.5382973478210671,0.0341420205307758,0.0634259497450186,1.8577093200399817,29.289420615824262
primary_0p26,32,success,0.4487878137846929,0.025000099749265186,0.055705834653654494,2.2282244955959354,39.99984040181249
primary_0p26,33,success,0.5162666759984699,0.031581359275835934,0.061172569805628005,1.936983436062342,31.664248244220982
primary_0p26,34,success,0.5439260502074621,0.03473111527147574,0.06385264184024415,1.838485212500089,28.792625637947435
primary_0p26,35,success,0.5189454612696857,0.03207252320907951,0.06180326373913897,1.9269847693692803,31.179336701420077
primary_0p26,36,success,0.4979270287276447,0.029957220798006313,0.06016387757570851,2.0083264058898442,33.38093365678805
primary_0p26,37,success,0.5116039102175612,0.03132699336968748,0.0612329044873124,1.954637132415088,31.92135256004544
primary_0p26,38,success,0.5102736493739376,0.03130123258584327,0.061342051709405765,1.9597327850005875,31.947623700041575
primary_0p26,39,success,0.46301014987532174,0.02649841999554767,0.057230754018422925,2.1597798671784574,37.73809910809861
primary_0p26,40,success,0.5231019626565339,0.03234845776735997,0.06183967959722569,1.9116731944984022,30.913374825832143
primary_0p26,41,success,0.5301747228179473,0.03354296371471719,0.06326775357458009,1.8861706470743653,29.812511753731634
primary_0p26,42,success,0.5256209553666321,0.03280822881311798,0.06241803809026891,1.902511666991051,30.480158063277162
primary_0p26,43,success,0.5371412216194441,0.03437730958522503,0.06400050527043855,1.861707796294368,29.08895466414825
primary_0p26,44,success,0.5239594315716033,0.032586918785886314,0.06219359137813907,1.9085447073650814,30.687160285712835
primary_0p26,45,success,0.550143172966723,0.035899997696720816,0.06525573607162136,1.817708642292809,27.855154990479072
primary_0p26,46,success,0.5459522866617256,0.03506828260529129,0.06423323697336165,1.8316618950615449,28.51579620409226
primary_0p26,47,success,0.5378766712915903,0.03456037985931779,0.06425335342454765,1.8591622454989989,28.93486715338839
primary_0p26,48,success,0.5014050608089516,0.03026011148467969,0.060350630358335336,1.994395506073733,33.04680488392408
primary_0p26,49,success,0.5248394434799163,0.03284365020810559,0.0625784715995005,1.9053446009498833,30.44728565989924
primary_0p26,50,success,0.5457532679604588,0.03517420667754015,0.06445074861207906,1.8323298433688033,28.429923357405297
primary_0p26,51,success,0.5280251744184175,0.03294612986048907,0.06239499830055814,1.8938490974439421,30.35257871666616
primary_0p26,52,success,0.5133229515154807,0.03170789109845441,0.06176986827657593,1.9480913468756953,31.53789058045379
primary_0p26,53,success,0.5251618237708501,0.03275644966885013,0.06237401156399199,1.9041749699542927,30.528339002225685
primary_0p26,54,success,0.48721252876972987,0.02879615550314812,0.059103889581538206,2.052492374375347,34.72685789221675
primary_0p26,55,success,0.46993429202267056,0.027073795497457427,0.057611874589801874,2.1279570718192193,36.93608456538399
primary_0p26,56,success,0.5421167166440001,0.03422614034663619,0.06313426481019581,1.8446212214051407,29.217434097803025
primary_0p26,57,success,0.5305034573773937,0.03332873126654331,0.0628247201843091,1.8850018526620311,30.00414243202349
primary_0p26,58,success,0.5074457945161553,0.030911936416616773,0.060916725984675874,1.970653832994104,32.34996302148344
primary_0p26,59,success,0.4647689604320943,0.026423481621165392,0.056852939569371326,2.1516066801670726,37.845126328810245
primary_0p26,60,success,0.5314824468953607,0.03334109172517607,0.06273225375539133,1.8815296833253308,29.993019072164746
primary_0p26,61,success,0.4053638976231442,0.020582113795458375,0.05077441261084629,2.4669192443222285,48.585874606361315
primary_0p26,62,success,0.5214413451180401,0.032539305417985644,0.06240261866964085,1.9177612388477314,30.732063489199867
primary_0p26,63,success,0.501144338556759,0.03048401397880021,0.060828810451278054,1.9954330979371948,32.80407890822513
primary_0p26,64,success,0.5081433789304886,0.031145959338719935,0.06129364394016938,1.967948499308883,32.10689351786391
primary_0p26,65,success,0.5350737825602007,0.033780992381435726,0.06313333503241687,1.8689011358681005,29.60244591717643
primary_0p26,66,success,0.536561937641706,0.03434876839084172,0.06401640888246982,1.8637177366609237,29.113125356384717
primary_0p26,67,success,0.531426462268684,0.03342766015126284,0.06290176068492831,1.8817278984018864,29.915345419778706
primary_0p26,68,success,0.49469492161543915,0.029400879457802065,0.059432345417641905,2.021447878895692,34.012588005581975
primary_0p26,69,success,0.5222520281298401,0.0323366184528518,0.061917650312719154,1.914784330433245,30.924693052183038
primary_0p26,70,success,0.5176410345556955,0.03231431121223783,0.06242610043458789,1.931840664174403,30.94604101050087
primary_0p26,71,success,0.5307280057906766,0.03333203434448246,0.0628043630273939,1.884204317633858,30.001169135526606
primary_0p26,72,success,0.5590729501459618,0.03621089167673528,0.06476952903423677,1.7886753414539582,27.616000426812978
primary_0p26,73,success,0.5648141591911616,0.03699664094848403,0.06550232558168305,1.7704938584260057,27.029480903210914
primary_0p26,74,success,0.5058698419185006,0.030785387369421754,0.060856340541410474,1.9767930742965845,32.48294354721264
primary_0p26,75,success,0.5157169890847767,0.03181828819767258,0.061697188324432134,1.9390480072697662,31.428466352037983
primary_0p26,76,success,0.4914745586683615,0.02903356275461726,0.05907439610563566,2.034693317003989,34.44289660389572
primary_0p26,77,success,0.5428331757162127,0.03496471545799186,0.064411530138812,1.8421865956895551,28.600261346369134
primary_0p26,78,success,0.4946732435723971,0.02954823600719826,0.05973283655652942,2.021536464714099,33.84296780885294
primary_0p26,79,success,0.5333363013675559,0.03352351856884587,0.06285624751753524,1.8749895655627544,29.829804349037563
primary_0p26,80,success,0.5321907816350298,0.03371350147572313,0.06334852582779883,1.8790254068808512,29.661706919410122
primary_0p26,81,success,0.5279476755635121,0.03289969714726635,0.06231620796919016,1.8941271006310172,30.395416575531925
primary_0p26,82,success,0.535108701841935,0.0335453178371298,0.0626887914953749,1.8687791780582714,29.81041958985838
primary_0p26,83,success,0.5077294338715134,0.03100442004959711,0.06106484671015375,1.969552941563481,32.25346574457195
primary_0p26,84,success,0.5333931617462898,0.03393820742977201,0.06362700136361107,1.874789689327988,29.465315811664183
primary_0p26,85,success,0.5253479761966298,0.03301825672662603,0.06285025968058132,1.9035002423340739,30.28627490177568
primary_0p26,86,success,0.47746684993892746,0.02796286019850856,0.05856502959752132,2.0943862388098973,35.76172082902079
primary_0p26,87,success,0.5078979619894948,0.031093584050998713,0.061220139433522364,1.9688994145258722,32.16097566494206
primary_0p26,88,success,0.5375681190727407,0.03414418987171774,0.06351602459352233,1.8602293635361318,29.287559721202186
primary_0p26,89,success,0.503894115169703,0.030251011749766618,0.06003446128673004,1.984543914872308,33.056745614721954
primary_0p26,90,success,0.4972235710366483,0.03018235070916741,0.06070176972149776,2.011167728664042,33.131945541149186
primary_0p26,91,success,0.5497131496264699,0.03528167749461402,0.06418197839834816,1.8191305787018195,28.34332353252355
primary_0p26,92,success,0.511390119848657,0.031253285970623705,0.06111437190040538,1.9554542827224435,31.99663551985998
primary_0p26,93,success,0.5375435629242195,0.03401803842613395,0.0632842447988344,1.860314342822808,29.396168805305425
primary_0p26,94,success,0.4989438570417257,0.030131454117869806,0.060390470175384826,2.0042335142255734,33.18791041707272
primary_0p26,95,success,0.5285145758396106,0.033194318906589075,0.06280681824877925,1.8920954042021956,30.12563694450438
primary_0p26,96,success,0.5428417663916639,0.03508370709542437,0.06462971213256137,1.8421574423926943,28.503259284433497
primary_0p26,97,success,0.4555111151914582,0.025468749034543273,0.05591246444960706,2.1953361106889453,39.26380516937442
primary_0p26,98,success,0.5497958787370509,0.035511191959552546,0.06458977473808306,1.818856849740532,28.160136137897197
primary_0p26,99,success,0.4883104667925379,0.028962434264269768,0.05931151640985541,2.0478774632223007,34.527484495102506
primary_0p26,100,success,0.5343937201062517,0.03356756493660059,0.06281429529135646,1.871279474993032,29.790662560382632
primary_0p26,101,success,0.533798812948082,0.033721412839124255,0.06317251372832118,1.8733649752369559,29.654748001536284
primary_0p26,102,success,0.5304872516111068,0.03299578817124225,0.06219902188230345,1.8850594372682246,30.30689840806889
primary_0p26,103,success,0.5290864111423849,0.03348125064670923,0.0632812522521939,1.890050432103964,29.867462555443307
primary_0p26,104,success,0.5017104402526891,0.03015505397563061,0.06010449764697513,1.9931815640438832,33.161936994314
primary_0p26,105,success,0.4489888928667938,0.024947901205619506,0.05556462888497569,2.2272265882013267,40.083532147976854
primary_0p26,106,success,0.5048734732525101,0.030701416465054466,0.06081011994405041,1.9806942788215272,32.57178707497872
primary_0p26,107,success,0.5090496595472571,0.03131005165796472,0.06150687083419626,1.964444885179549,31.93862504361655
primary_0p26,108,success,0.5438069034373121,0.034478274542198706,0.06340168601072793,1.8388880201394429,29.00377160046331
primary_0p26,109,success,0.507416635537692,0.030974871176881736,0.06104425635170342,1.970767077709887,32.28423434885358
primary_0p26,110,success,0.5070755137582085,0.031122942983020246,0.061377333628972595,1.9720928596777705,32.13063753468206
primary_0p26,111,success,0.4852898555057726,0.028526940022766203,0.0587833017713408,2.06062415823177,35.05458346397967
primary_0p26,112,success,0.5195140007467675,0.03214982403906108,0.061884422735186746,1.924875938978671,31.10436930494642
primary_0p26,113,success,0.5427157199895708,0.03476369395263943,0.06405507095557776,1.8425852857536846,28.76564272376685
primary_0p26,114,success,0.49067632865181776,0.029226118867476003,0.05956292806660897,2.0380033468245755,34.21596978149706
primary_0p26,115,success,0.5054549085261884,0.030836919042176163,0.06100824924638843,1.97841584507669,32.428661197711854
primary_0p26,116,success,0.5374478360060518,0.0338008090640284,0.06289132972459822,1.8606456906242705,29.58509064400541
primary_0p26,117,success,0.5371101187850185,0.034115631451329634,0.06351701496240963,1.861815603589952,29.312076530860335
primary_0p26,118,success,0.5316322934040353,0.033526474994436964,0.06306327777751675,1.8809993531375075,29.82717390259279
primary_0p26,119,success,0.46184943686613494,0.0261742941749158,0.05667278572974055,2.165207793226877,38.2054237381634
primary_0p26,120,success,0.5203476181108588,0.03226325610772846,0.062003274320465616,1.921792211965026,30.995011683289345
primary_0p26,121,success,0.5417217647635612,0.03479110215196138,0.0642231942944848,1.8459660752904363,28.742981341383693
primary_0p26,122,success,0.5527096097931218,0.035880611609013,0.06491765472006729,1.8092683432341592,27.870204970218676
primary_0p26,123,success,0.5175705015887294,0.03205803408857068,0.06193945363996914,1.932103929668344,31.193428681159205
primary_0p26,124,success,0.5364959435024061,0.03371221329229324,0.06283777855282525,1.8639469917921478,29.662840328214354
primary_0p26,125,success,0.5502356981181643,0.03537000646769594,0.0642815553201351,1.817402984611965,28.272542186649524
primary_0p26,126,success,0.49134123975267696,0.029090915002965227,0.059207151057803574,2.035245403995323,34.37499301407571
primary_0p26,127,success,0.5074514955675693,0.03097712974203894,0.061044513638474844,1.9706316933434789,32.2818804817447
primary_0p26,128,success,0.4902858689782883,0.028992454356892464,0.059133775193868296,2.0396263960939973,34.49173318306068
primary_0p26,129,success,0.5141967854215508,0.03154282625354822,0.06134388068507402,1.9447807305527516,31.702929596789414
primary_0p26,130,success,0.5225983489985192,0.03232609236645507,0.06185647625638914,1.9135154213869006,30.93476281215185
primary_0p26,131,success,0.4881434489469669,0.02878646850898122,0.05897133019213919,2.0485781426693745,34.73854389912418
primary_0p26,132,success,0.47099479430659985,0.027252667468963026,0.05786192925780527,2.123165716666154,36.693655809614235
primary_0p26,133,success,0.5054176183871844,0.030850462188591284,0.06103954643891683,1.9785618142696637,32.4144252324948
primary_0p26,134,success,0.5137551767331149,0.031355527008551175,0.06103204099652259,1.9464524062975606,31.89230401795777
primary_0p26,135,success,0.5330718217932088,0.03372762120596923,0.06327031335573571,1.8759198275310898,29.649289343388872
primary_0p26,136,success,0.49619185676849403,0.029719998295645974,0.05989618307966771,2.0153494789548017,33.64737743428813
primary_0p26,137,success,0.5174063569460716,0.03196106592676269,0.06177169162630512,1.9327168802145744,31.288067872687783
primary_0p26,138,success,0.5084281237201054,0.03083289137038794,0.06064355988962119,1.9668463512268446,32.43289732342147
primary_0p26,139,success,0.49981549713713747,0.03022812946962654,0.06047857588003651,2.00073828388243,33.081769118555876
primary_0p26,140,success,0.5071473158366756,0.030838078787363676,0.06080694469710046,1.9718136501427235,32.427441634585996
primary_0p26,141,success,0.527155122976294,0.032817405843798386,0.06225379288455512,1.8969748303953593,30.47163461852282
primary_0p26,142,success,0.49778384375991075,0.02981313328036227,0.059891725402686294,2.0089040906725697,33.54226443078004
primary_0p26,143,success,0.5511448780797771,0.03571352882495051,0.06479880380886177,1.8144049591535025,28.000593413814958
primary_0p26,144,success,0.4931269217127528,0.029504365471157472,0.05983117970659856,2.0278754940548582,33.89328948550234
primary_0p26,145,success,0.5002665561724816,0.03025536925681225,0.060478496680439336,1.9989343434247493,33.051984641530744
primary_0p26,146,success,0.5319760650199696,0.03375863290564165,0.06345893194344072,1.8797838206545279,29.62205261081182
primary_0p26,147,success,0.49773568677384095,0.0299973919614201,0.060267713886165836,2.0090984564150327,33.3362314059205
primary_0p26,148,success,0.49043304578722263,0.02921080179395505,0.0595612429563491,2.0390143131461334,34.23391138160892
primary_0p26,149,success,0.5091345562861871,0.031102588083708645,0.06108913193907373,1.964117319583185,32.15166523469454
primary_0p26,150,success,0.5025103808024606,0.03030571021060935,0.06030862519141208,1.9900086410216968,32.9970818387197
primary_0p26,151,success,0.5485486692572001,0.03524269433154886,0.06424716038281826,1.8229922995786654,28.37467506293386
primary_0p26,152,success,0.5147167461779711,0.0319063763602959,0.06198822283754448,1.9428161361088392,31.34169761892466
primary_0p26,153,success,0.4277443732047439,0.022909535633877286,0.05355894096802395,2.3378448967260654,43.64994629228793
primary_0p26,154,success,0.5131322625489524,0.03149377870374889,0.06137555753619061,1.9488152918558708,31.75230287247062
primary_0p26,155,success,0.5338885286644535,0.0334635429317633,0.0626788948162529,1.873050171168775,29.883267352746707
primary_0p26,156,success,0.47718987169476634,0.027663387092020993,0.05797144644703572,2.0956018962607996,36.14886335767727
primary_0p26,157,success,0.526759266902387,0.03284237325311622,0.062347974334169984,1.8984003943215082,30.448469490709414
primary_0p26,158,success,0.4989470498759423,0.03005134732745762,0.060229532041385064,2.0042206888459186,33.27637823034676
primary_0p26,159,success,0.5185628023373903,0.032145787157417574,0.061990152422276325,1.9284067339434314,31.108275404892428
primary_0p26,160,success,0.5153859283917914,0.03167830462880309,0.06146521059985469,1.9402935643206185,31.567345908112863
primary_0p26,161,success,0.5086043687519177,0.031280791694703707,0.06150319111781275,1.9661647863032232,31.96850034231437
primary_0p26,162,success,0.5041544967985856,0.030587487628986047,0.06067086145857791,1.983518953713725,32.6931068066001
primary_0p26,163,success,0.4170600991872311,0.02175395998002447,0.05216025225721353,2.397735966468155,45.96864207336264
primary_0p26,164,success,0.5267200557933885,0.0327549965120249,0.06218672737396845,1.898541718700494,30.529693374654563
primary_0p26,165,success,0.5014384492486956,0.030190789647042592,0.06020836593659182,1.9942627086101958,33.12268449056474
primary_0p26,166,success,0.5154404089021534,0.03191598441055496,0.06191983371760363,1.9400884810911887,31.332262453082578
primary_0p26,167,success,0.4898881185439952,0.028938485678255108,0.05907162183125337,2.041282411527181,34.55605836180356
primary_0p26,168,success,0.4913746523868541,0.029141172307053275,0.05930540406490226,2.0351070107961338,34.31570938407175
primary_0p26,169,success,0.5319531963116247,0.033559496080490955,0.06308730977307896,1.879864632703866,29.797825259400337
primary_0p26,170,success,0.529562810357558,0.03328530945986137,0.06285431833362184,1.8883501266352243,30.04328384586288
primary_0p26,171,success,0.4870760266627967,0.028880768987469486,0.05929417053297857,2.0530675813619976,34.625116818526216
primary_0p26,172,success,0.5468783151980421,0.03495578681629873,0.06391876555507622,1.8285603436988869,28.607566617088217
primary_0p26,173,success,0.5151050699301996,0.031906463813743596,0.06194166137418751,1.941351499676575,31.341611713462697
primary_0p26,174,success,0.4572438399754631,0.02566853917171395,0.05613752866105619,2.187016888086809,38.95819677584042
primary_0p26,175,success,0.4989546123430854,0.030152026535748225,0.060430399458889936,2.004190311627767,33.16526664681727
primary_0p26,176,success,0.5354618193819697,0.03399987460150438,0.06349635654834747,1.8675467863501463,29.411873182489717
primary_0p26,177,success,0.4825585811068962,0.028422850847848045,0.05890031171480054,2.072287260349185,35.18295913922062
primary_0p26,178,success,0.569302361158545,0.03721923484308319,0.06537691986265626,1.756535837942028,26.867827998507057
primary_0p26,179,success,0.5154712392178328,0.031582493877909346,0.06126916785082341,1.9399724444711655,31.663110705119422
primary_0p26,180,success,0.5357681667350938,0.03403563293040632,0.06352679207840088,1.8664789401241935,29.38097264254583
primary_0p26,181,success,0.501875153569155,0.03050855161570538,0.06078912534071386,1.9925274102301356,32.77769500815023
primary_0p26,182,success,0.5375146141208227,0.033976510759110345,0.06321039440887294,1.8604145333529847,29.43209816599144
primary_0p26,183,success,0.4951254179937075,0.029733177743328853,0.060051810435849465,2.019690291910461,33.63246298907177
primary_0p26,184,success,0.530246429755582,0.0332730610451738,0.0627501840238907,1.8859155741245663,30.054343321233084
primary_0p26,185,success,0.4829523917383584,0.02829885063082847,0.05859552849291923,2.0705974690394626,35.337124219123254
primary_0p26,186,success,0.5037640630770656,0.030559067904243845,0.0606614686200213,1.9850562461558925,32.72351117296763
primary_0p26,187,success,0.5356757744084303,0.034256667502367284,0.0639503765877753,1.8668008668197529,29.191397555845025
primary_0p26,188,success,0.5020605043695765,0.030275853361769856,0.060303196722846,1.9917918085503905,33.029622255428386
primary_0p26,189,success,0.540605269666258,0.034546184709806735,0.06390278942551518,1.8497784910926762,28.946756592664393
primary_0p26,190,success,0.5046407915598771,0.030794597058727047,0.06102280587254742,1.9816075448616348,32.47322892691024
primary_0p26,191,success,0.5155697320581435,0.03199384645245264,0.062055323389008654,1.9396018381607103,31.256010479582095
primary_0p26,192,success,0.5147835662029182,0.03184810817983364,0.06186698696453667,1.9425639543547868,31.39903928840597
primary_0p26,193,success,0.5043019711660303,0.030298353170966838,0.06007978335066189,1.982938907987675,33.00509418308062
primary_0p26,194,success,0.5017842183139937,0.0303794931072423,0.06054294256068492,1.9928885036680162,32.916941585230255
primary_0p26,195,success,0.4950506915101741,0.029581059850163006,0.05975359767688571,2.01999515837349,33.80541485211489
primary_0p26,196,success,0.4737590385646761,0.027487834691563344,0.05802070768895904,2.110777670922437,36.37972984124949
primary_0p26,197,success,0.5297103351453696,0.033394580809018345,0.06304309845088032,1.8878242194869914,29.944978369961927
primary_0p26,198,success,0.5010033301102836,0.030236924289950135,0.060352741135062345,1.9959947168013323,33.07214683645488
primary_0p26,199,success,0.4961305636874443,0.029957768308763573,0.06038283166049123,2.0155984597433245,33.38032358396567
primary_0p26,200,success,0.5189727999186747,0.032387436544347954,0.0624068092767544,1.9268832589235974,30.87617010474741
primary_0p26,201,success,0.5202336393381902,0.03249811777516101,0.062468312922830505,1.922213260319228,30.77101286045313
primary_0p26,202,success,0.5298999607663814,0.03359194815862675,0.06339299989764773,1.8871486583122679,29.769038558818746
primary_0p26,203,success,0.5116705142914452,0.03126877670589467,0.061111156168917165,1.9543826975935623,31.980784199066026
primary_0p26,204,success,0.4868036321117375,0.028407480155758152,0.058355111346494015,2.0542163904201662,35.20199590097405
primary_0p26,205,success,0.5147987983752308,0.03158224794470124,0.06134872117879598,1.9425064766198459,31.663357268011584
primary_0p26,206,success,0.5225099565076338,0.03251668118961077,0.06223169680238563,1.913839128892064,30.753446028787977
primary_0p26,207,success,0.5255306360875934,0.03289133794344327,0.0625869087068048,1.9028386383802063,30.403141450782645
primary_0p26,208,success,0.47046388557697527,0.026835709739048395,0.057040955877276686,2.125561665107628,37.263780601446484
primary_0p26,209,success,0.4987984986104756,0.030156012480575204,0.0604573040307501,2.0048175822215644,33.16088294644869
primary_0p26,210,success,0.5149868396672637,0.031857441821724265,0.0618606911242772,1.9417971935867457,31.389839949988666
primary_0p26,211,success,0.5226390060175766,0.03247683557811561,0.06214009135212423,1.9133665656144492,30.791177225217286
primary_0p26,212,success,0.47799557774008067,0.027863835973956707,0.05829308318226368,2.0920695641744396,35.88881304550683
primary_0p26,213,success,0.48726184909229736,0.028726443413155268,0.0589548380745768,2.0522846224527207,34.81113152845264
primary_0p26,214,success,0.5030179327822447,0.030416089546188418,0.06046720715890555,1.9880006950624913,32.87733613755469
primary_0p26,215,success,0.4921711892556336,0.02950160632169932,0.05994175800155623,2.031813364598634,33.89645936887409
primary_0p26,216,success,0.47058746368695126,0.027186295214707966,0.05777097205630853,2.1250034842943237,36.78323920572279
primary_0p26,217,success,0.5497288802731953,0.03576080286681451,0.06505170848772342,1.8190785237680005,27.963577991365096
primary_0p26,218,success,0.46328152578742254,0.026021810891546707,0.056168462248345416,2.1585147352904626,38.42930087255588
primary_0p26,219,success,0.5503632909175864,0.035689409520627324,0.06484700217037477,1.816981649217124,28.019516529743434
primary_0p26,220,success,0.4691226001418462,0.02683270896731368,0.05719764718050337,2.131638935531213,37.26794790709175
primary_0p26,221,success,0.5279613000023334,0.03277927892529624,0.06208651832085299,1.8940782212551948,30.50707742165389
primary_0p26,222,success,0.5186087634646754,0.032397482689325276,0.062469986956809304,1.928235831032412,30.866595704038833
primary_0p26,223,success,0.5226561867395417,0.03261549262833429,0.06240334172986219,1.9133036695466035,30.660275820309483
primary_0p26,224,success,0.5025236992523588,0.03065270725252749,0.06099753563489992,1.989955899568066,32.623545834358374
primary_0p26,225,success,0.513944400793237,0.03179260144618303,0.0618600015821038,1.9457357614103206,31.453858901504216
primary_0p26,226,success,0.48840100317531127,0.028762623111933578,0.058891408750053796,2.047497841934306,34.76734358018623
primary_0p26,227,success,0.5008977361664676,0.030107101027414002,0.060106282886869054,1.9964154912204704,33.21475551862169
primary_0p26,228,success,0.5180867932485709,0.03202867068799924,0.06182105219700578,1.9301785203395714,31.22202634449915
primary_0p26,229,success,0.5161880364847514,0.031691024299085,0.06139434093610803,1.937278528983383,31.554675878017377
primary_0p26,230,success,0.5050520292576142,0.03066831192089435,0.060723074345378436,1.979994024516483,32.60694630273077
primary_0p26,231,success,0.5305547605400369,0.033357134216826456,0.0628721796462125,1.88481957825075,29.97859448895842
primary_0p26,232,success,0.5011650471194641,0.03017996260814865,0.060219607854963934,1.9953506449575429,33.134567228721416
primary_0p26,233,success,0.5209155185858085,0.03209230907702478,0.06160751202834118,1.9196970800847308,31.160113708237667
primary_0p26,234,success,0.5210112386222155,0.03244594660397002,0.06227494571858272,1.919344393883792,30.820490836832047
primary_0p26,235,success,0.5523301710843262,0.03607319718532753,0.06531093008102233,1.8105112708885975,27.721413071939782
primary_0p26,236,success,0.5215970843358416,0.03246984741006047,0.06225082230167155,1.917188630901411,30.797804109487736
primary_0p26,237,success,0.530785492931907,0.03349634841959635,0.06310712870951336,1.8840002473999176,29.85400042635604
primary_0p26,238,success,0.5535400094244596,0.03617698464561422,0.06535568166649608,1.806554147801791,27.641883639443435
primary_0p26,239,success,0.50344438761391,0.030347694142829933,0.060280132005570176,1.9863167106490758,32.951432662183464
primary_0p26,240,success,0.517206481198911,0.032081737509314395,0.06202887758665996,1.9334637835201698,31.170381582657946
primary_0p26,241,success,0.4421198369849631,0.024236498052276526,0.05481884327461387,2.2618302015568936,41.26008624856058
primary_0p26,242,success,0.5396942133665803,0.034321141745400185,0.06359368119088576,1.8529010970157707,29.136559832949693
primary_0p26,243,success,0.4918794312319,0.029342362652751943,0.05965356709318931,2.0330185336181357,34.08041853460674
primary_0p26,244,success,0.5403053648441571,0.03488846529629696,0.06457175435664979,1.8508052391603307,28.662768382252096
primary_0p26,245,success,0.5454791891784899,0.034870106138510354,0.0639256397499342,1.8332505067810814,28.67785936836038
primary_0p26,246,success,0.5110030859398105,0.031030329036446327,0.06072434764141776,1.9569353444526694,32.226535491307914
primary_0p26,247,success,0.48427158309432455,0.02841796655399618,0.05868187923068994,2.0649570094746275,35.18900615566311
primary_0p26,248,success,0.5372804576191358,0.034430359325459375,0.06408265708756927,1.8612253355190411,29.04413487374076
primary_0p26,249,success,0.5141920320207845,0.03180733102875149,0.06185885631822818,1.94479870889866,31.439293007516838
primary_0p26,250,success,0.5576961214579319,0.03644354472529943,0.06534659884316309,1.793091186264296,27.43970180556534
primary_0p26,251,success,0.5454786223719073,0.03516219521185011,0.0644611791731712,1.8332524117108298,28.439635067579264
primary_0p26,252,success,0.5415767192338169,0.03426807568149812,0.06327464690501852,1.846460463468088,29.18167945274838
primary_0p26,253,success,0.5409594544314533,0.03427618372874974,0.06336183506539118,1.84856737747748,29.17477651285994
primary_0p26,254,success,0.5008802571025722,0.030363427287226838,0.060620131971000996,1.9964851595163116,32.93435851428656
primary_0p26,255,success,0.5047842570987748,0.030534791589436106,0.060490776326768726,1.9810443490204226,32.74952760266956
primary_0p26,256,success,0.5293402702795964,0.03298384851693082,0.062311239799512745,1.8891440083933198,30.317869046927427
primary_0p26,257,success,0.5569072068975419,0.03683614965362576,0.06614414250236622,1.7956312786305475,27.147245556419616
primary_0p26,258,success,0.5470978275132253,0.03536729852372749,0.06464529147279886,1.8278266695837435,28.274706911219475
primary_0p26,259,success,0.4947143229616195,0.029667240587211503,0.059968428667291934,2.021368603224332,33.707213081052934
primary_0p26,260,success,0.49491720487791474,0.029684976516758214,0.05997968190271512,2.0205399815241383,33.687073979508284
primary_0p26,261,success,0.5039617680397082,0.030411713536243976,0.060345279076502834,1.9842775055928608,32.882066931487536
primary_0p26,262,success,0.5120193459358872,0.03153587874579769,0.06159118595051383,1.9530512038996581,31.709913906656393
primary_0p26,263,success,0.49199240838663827,0.029145587955502726,0.05923991398785631,2.0325516876962415,34.31051044592836
primary_0p26,264,success,0.5111339896435391,0.03119403837141074,0.061029082400028266,1.956434164547328,32.05740751144609
primary_0p26,265,success,0.5324740682456472,0.03359026549923609,0.06308338283948099,1.8780257286419968,29.770529798960414
primary_0p26,266,success,0.5085045925056515,0.031022909769298803,0.06100812111928766,1.9665505773950036,32.234242610911686
primary_0p26,267,success,0.5281729278271272,0.03348034436595397,0.06338898228595351,1.893319303800636,29.868271038959087
primary_0p26,268,success,0.512216994918436,0.03152389714700984,0.0615440281360239,1.9522975807533236,31.721966206670416
primary_0p26,269,success,0.4769072469761386,0.02785036088240959,0.05839785631062772,2.0968437916189466,35.906177453937566
primary_0p26,270,success,0.47945848365508803,0.02789936922955545,0.05818933271733627,2.0856863192338007,35.84310425701814
primary_0p26,271,success,0.4505994226590238,0.025026566625115668,0.055540609611596625,2.2192660480985946,39.9575385221415
primary_0p26,272,success,0.5361689262942468,0.03379070518635035,0.06302249818894984,1.8650838401090126,29.59393698607826
primary_0p26,273,success,0.5348689200626923,0.033502748983524434,0.06263730743524518,1.869616951911862,29.848296940999308
primary_0p26,274,success,0.5143504028528986,0.03174824871126141,0.06172494185902531,1.9441998965168392,31.497800369860727
primary_0p26,275,success,0.5758430784844901,0.03851679156094277,0.06688765220954235,1.7365842142824925,25.962702485687597
primary_0p26,276,success,0.5394241554788337,0.0344676951889927,0.06389720378464804,1.8538287354082694,29.01267388250988
primary_0p26,277,success,0.47126459970038753,0.0271865672504331,0.05768854114592377,2.1219501754126298,36.782871143250695
primary_0p26,278,success,0.48923617388938445,0.029026284372000426,0.05932980004574074,2.044002576608529,34.45153320983199
primary_0p26,279,success,0.4886752067751164,0.02889737083648149,0.059134104689251774,2.0463489576220515,34.6052243181082
primary_0p26,280,success,0.5094139952713076,0.03090729722942294,0.06067225776347604,1.9630399032665218,32.35481875290041
primary_0p26,281,success,0.5197856098888191,0.032020005745000774,0.061602332068888516,1.9238701129373275,31.23047534606168
primary_0p26,282,success,0.4958467112176537,0.029747541460891546,0.05999342294282911,2.016752309487531,33.61622342184744
primary_0p26,283,success,0.504859749768922,0.030823156348561476,0.06105290897654143,1.9807481195672805,32.443140757279075
primary_0p26,284,success,0.5167031575600836,0.03186961911617621,0.061678777553184065,1.935347182165647,31.3778459778462
primary_0p26,285,success,0.5094533058247691,0.03138596471121549,0.06160714701890847,1.9628884307288383,31.861375273982226
primary_0p26,286,success,0.5094633504107596,0.03123041123402637,0.061300604270840206,1.9628497303952102,32.02007147797251
primary_0p26,287,success,0.4771363798108858,0.027594868967278276,0.05783434283132125,2.095836834735495,36.238621070670426
primary_0p26,288,success,0.5593547955162148,0.03681515335392185,0.06581717659173021,1.7877740711548287,27.162728086082296
primary_0p26,289,success,0.5260173814351453,0.032917246069121615,0.06257824785050398,1.9010778641414414,30.3792120975169
primary_0p26,290,success,0.5530000126759969,0.036188235514178865,0.06543984572271896,1.8083182225637684,27.633289818957635
primary_0p26,291,success,0.5452013111768623,0.03475905829022906,0.06375453906227545,1.8341848772179525,28.769479070757935
primary_0p26,292,success,0.5116033871421432,0.031177174749843578,0.06094012575640231,1.9546391308823792,32.074747247744675
primary_0p26,293,success,0.5122491563774005,0.031549576351377305,0.06159029440769463,1.9521750061472978,31.69614668871282
primary_0p26,294,success,0.5176200430296513,0.03218764818319976,0.062183929344783756,1.9319190079019335,31.067818136584044
primary_0p26,295,success,0.4900487446283834,0.02895482889029345,0.059085609763679006,2.0406133286971806,34.53655360178042
primary_0p26,296,success,0.45282557919104405,0.025284881239401917,0.05583801446148959,2.208355812819723,39.54932556462558
primary_0p26,297,success,0.5488772911665656,0.03556013848270658,0.06478704631253417,1.82190084394753,28.12137530022035
primary_0p26,298,success,0.5181885687093671,0.032280806164589525,0.0622954810543006,1.9297994212621528,30.97816067236113
primary_0p26,299,success,0.48459711144150164,0.028400199732864447,0.05860579657271191,2.0635698735911996,35.211019971905664
primary_0p26,300,success,0.5011208048499629,0.030163361759674965,0.0601917970033313,1.9955268077512827,33.1528033236961
primary_0p26,301,success,0.5221975920131164,0.032730764151428636,0.06267888755528102,1.9149839357644571,30.552296163129814
primary_0p26,302,success,0.5037711550600767,0.030384168497394264,0.06031343436837075,1.9850283009569016,32.911876462433376
primary_0p26,303,success,0.5405531684867254,0.03439609849094438,0.06363129567297886,1.8499567818638314,29.07306479144065
primary_0p26,304,success,0.5176590250218124,0.03185032995978633,0.06152762420870431,1.9317735259379731,31.39684898908685
primary_0p26,305,success,0.5606045367796971,0.037119773799567664,0.0662138305422861,1.783788632436583,26.93981933725165
primary_0p26,306,success,0.5264398970690823,0.03313766825093061,0.0629467265597123,1.8995520772027932,30.177138367963376
primary_0p26,307,success,0.4923560006164577,0.029346472297076053,0.059604173119313264,2.0310507006067624,34.07564595420334
primary_0p26,308,success,0.4852546088015624,0.02866275480974234,0.05906745508410729,2.0607738326683984,34.888481816831664
primary_0p26,309,success,0.5127706436368181,0.031411321869464,0.0612580346774138,1.9501896460131083,31.835654804840722
primary_0p26,310,success,0.5083310481942351,0.031017297088670733,0.06101790791425141,1.9672219581163501,32.24007550178369
primary_0p26,311,success,0.5136555501328257,0.03169288931105415,0.06170066555858048,1.946829932512967,31.552818999409133
primary_0p26,312,success,0.5176365816515098,0.03190675785181421,0.06163930251995772,1.9318572825929703,31.34132288352012
primary_0p26,313,success,0.5080997054801588,0.031141667337992847,0.06129046524158814,1.9681176533156832,32.11131854780298
primary_0p26,314,success,0.5327221761971984,0.03336711337303818,0.06263511237926508,1.8771510642534783,29.96962874253413
primary_0p26,315,success,0.4912513449986543,0.029394071910827976,0.05983509706402635,2.035617836329261,34.02046518201608
primary_0p26,316,success,0.5001700318955536,0.03013875585819073,0.06025702048555431,1.999320103625924,33.17986995565488
primary_0p26,317,success,0.5006715666020084,0.030298387973482544,0.0605154955755001,1.997317336766031,33.0050562714825
primary_0p26,318,success,0.5330615295720965,0.03390129101223086,0.0635973318867043,1.8759560473304613,29.49740172547474
primary_0p26,319,success,0.5080016390976159,0.030829120958581105,0.06068705017043673,1.968497585512403,32.43686387761426
primary_0p26,320,success,0.4997982032718044,0.029926166082697898,0.059876497928151216,2.0008075128196725,33.415573422823435
primary_0p26,321,success,0.5316278757976488,0.03365501515217561,0.063305587769791,1.8810149834592678,29.713253596183733
primary_0p26,322,success,0.5500178200078606,0.035635774284491634,0.06479021767691516,1.818122910973518,28.06168857218267
primary_0p26,323,success,0.49934337963347236,0.030162438767912556,0.06040420279538374,2.002629935204146,33.15381782270939
primary_0p26,324,success,0.4880251953986942,0.028842288174210435,0.059099998209411315,2.049074534324085,34.67131296795509
primary_0p26,325,success,0.49588405191832724,0.029615117991406315,0.05972186013411854,2.016600445470066,33.76653776257717
primary_0p26,326,success,0.5324931895541153,0.03379457348096331,0.0634647994451559,1.877958290578989,29.590549517167485
primary_0p26,327,success,0.4823202922462784,0.028398003503424907,0.058877894958905344,2.07331106751235,35.2137431027289
primary_0p26,328,success,0.5213546629700501,0.03254544742457204,0.06242477479565894,1.9180800921645278,30.72626370608729
primary_0p26,329,success,0.476651711754883,0.027873406014953396,0.058477511624435805,2.097967919423412,35.87649099875073
primary_0p26,330,success,0.5095181030947341,0.031156572466590086,0.06114909809357094,1.9626388030693214,32.09595667406366
primary_0p26,331,success,0.5115424204691941,0.03132389407779221,0.06123420624444299,1.954872088775718,31.92451096650122
primary_0p26,332,success,0.4961504703113062,0.029742914064252394,0.05994736646241695,2.015517589598488,33.62145342718407
primary_0p26,333,success,0.5241316167288737,0.0325892385562234,0.062177585774378846,1.9079177215849712,30.684975909295527
primary_0p26,334,success,0.4836688499961596,0.028682929416655654,0.05930282551147009,2.0675302947625016,34.86394243327595
primary_0p26,335,success,0.5005435579556896,0.02999796105772332,0.05993077042134039,1.9978281292524886,33.335598978735874
primary_0p26,336,success,0.5599312190318081,0.03687966900093648,0.0658646414906211,1.7859336397229761,27.115210821838104
primary_0p26,337,success,0.4915623737590566,0.029115178424041727,0.05922987595936864,2.034329829504319,34.34634627463779
primary_0p26,338,success,0.48506150439114887,0.0287729908671208,0.059318232031702396,2.0615942327874563,34.754815883346716
primary_0p26,339,success,0.5259400553898773,0.032484435173484594,0.061764520196895836,1.901357369061202,30.783973760339524
primary_0p26,340,success,0.5078067325349477,0.03074472547859998,0.06054414703232416,1.969253134963466,32.52590434401683
primary_0p26,341,success,0.5121887099179632,0.03135555461487288,0.061218753962567964,1.952405394020046,31.89227593906663
primary_0p26,342,success,0.5039186216964638,0.030718406966664683,0.06095906292021882,1.9844474027045413,32.55377145973716
primary_0p26,343,success,0.5123736164604904,0.03144905667557165,0.0613791492482063,1.9517008055724332,31.79745613091026
primary_0p26,344,success,0.5127102222276225,0.03159794113996373,0.061629239617414004,1.9504194701935171,31.64763158366804
primary_0p26,345,success,0.5457290740946903,0.035308157729525176,0.06469905930538493,1.8324110762449288,28.322066749004748
primary_0p26,346,success,0.5286758572814446,0.0331604897256009,0.06272366946377818,1.8915181887483892,30.15637007399109
primary_0p26,347,success,0.5278054364312457,0.032875011625029905,0.06228623154644667,1.8946375519765313,30.41824019428283
primary_0p26,348,success,0.5583056149600547,0.036439244771910816,0.06526755919250059,1.791133696678919,27.442939782628255
primary_0p26,349,success,0.5114977906586584,0.031362034148405285,0.06131411458888264,1.9550426575885982,31.88568685525931
primary_0p26,350,success,0.4996643428364419,0.030076489869612283,0.06019338842327078,2.0013435305855634,33.24856073083009
primary_0p26,351,success,0.5211959256283659,0.03235001318074451,0.062068814413202826,1.9186642696686025,30.911888487118876
primary_0p26,352,success,0.5399766926116705,0.034183418612514775,0.06330535943538977,1.8519317846171552,29.253949446527663
primary_0p26,353,success,0.49620803183660905,0.02958107309347191,0.05961425691555984,2.0152837838974746,33.80539971758782
primary_0p26,354,success,0.5404267808065839,0.03420221512860034,0.06328741717343046,1.8503894246460282,29.237872349495483
primary_0p26,355,success,0.5100522924597264,0.031163947414743882,0.061099514452637387,1.9605832868184976,32.0883611659187
primary_0p26,356,success,0.550776613950056,0.03550659791663924,0.06446642253379871,1.8156181193464385,28.16377965435478
primary_0p26,357,success,0.5502695275303845,0.03580852965242046,0.06507452777392475,1.817291254502154,27.926307215253267
primary_0p26,358,success,0.5244026472034594,0.032747874803715785,0.06244795860271499,1.9069316399007743,30.536332693153376
primary_0p26,359,success,0.5404141274555592,0.034478748830566654,0.06380060601469381,1.8504327499880817,29.003372625675556
primary_0p26,360,success,0.4842003307287197,0.02860266948113227,0.05907197427578242,2.0652608776516193,34.961771685669035
primary_0p26,361,success,0.486600329855382,0.02864018803143925,0.058857724243530904,2.055074644723732,34.91597188196767
primary_0p26,362,success,0.555711076247219,0.03658827282653177,0.0658404598908062,1.7994962539762844,27.331161674154124
primary_0p26,363,success,0.5393301689530648,0.034452376826930156,0.06387993628060583,1.854151793401761,29.02557362075341
primary_0p26,364,success,0.5066557056847247,0.030811142877305547,0.060812781799556626,1.9737269091809404,32.455790555454094
primary_0p26,365,success,0.5556741072666019,0.03625975957536797,0.06525364255990287,1.7996159744046143,27.578781870338748
primary_0p26,366,success,0.47864367469263003,0.028090702280113768,0.058688130158938666,2.089236843341069,35.59896758821617
primary_0p26,367,success,0.5653886768566121,0.036898727095351386,0.06526258590903697,1.768694777475371,27.101205887559818
primary_0p26,368,success,0.5129275142674783,0.03148258817485302,0.06137824019796231,1.9495932118754038,31.763589271823538
primary_0p26,369,success,0.501019953905621,0.030505614189506716,0.060887024462209685,1.9959284898828074,32.780851216035465
primary_0p26,370,success,0.5225746158887358,0.03210847074576552,0.06144284427432256,1.9136023250944043,31.144429391171816
primary_0p26,371,success,0.5139817359071513,0.03182369772223494,0.06191600887542773,1.9455944251307906,31.423124010548555
primary_0p26,372,success,0.5054929006535779,0.030785640574533656,0.060902221445106965,1.978267150155914,32.48267638215769
primary_0p26,373,success,0.4746365246204716,0.027731727814864278,0.058427294100552196,2.1068753627833825,36.05977985489954
primary_0p26,374,success,0.49014162016705237,0.029237811749241796,0.05965176297266253,2.0402266586934106,34.20228601841013
primary_0p26,375,success,0.515809316557659,0.031736917584118285,0.06152839153026546,1.9387009266790092,31.50904612426563
primary_0p26,376,success,0.5267996003674397,0.03311368725699639,0.06285822395062522,1.8982550467056274,30.198992707727406
primary_0p26,377,success,0.5139986806223975,0.03149486732485751,0.06127421822702072,1.945530285776428,31.751205353093965
primary_0p26,378,success,0.4968335257439593,0.02985498042297986,0.060090510957920895,2.012746620716866,33.49524889422751
primary_0p26,379,success,0.5291451241248036,0.0333284962860096,0.06298554926899179,1.8898407155390153,30.00435397440277
primary_0p26,380,success,0.5054879773498532,0.030711588955635485,0.060756319302881646,1.9782864178941495,32.5609984375785
primary_0p26,381,success,0.5167957179534629,0.03222417665825827,0.06235379965195461,1.9350005529458534,31.032600478986154
primary_0p26,382,success,0.46303629341781766,0.02632754743682661,0.05685849643122926,2.159657923612603,37.98302908387182
primary_0p26,383,success,0.5006978502927889,0.03015929872493554,0.060234528083752584,1.9972124893590781,33.15726964079591
primary_0p26,384,success,0.48679877546100647,0.028561087041156542,0.058671238468315214,2.0542368847435646,35.012672961606796
primary_0p26,385,success,0.5392608501703285,0.03416371968362059,0.06335286470885063,1.854390133613713,29.270817383489966
primary_0p26,386,success,0.5153129963008611,0.03174127810498629,0.06159611407598657,1.9405681734759868,31.504717506725363
primary_0p26,387,success,0.5393823766721175,0.034343068665202925,0.06367109892817199,1.853972326959961,29.117957097794807
primary_0p26,388,success,0.4648672894169244,0.026591293196308416,0.05720190213783691,2.1511515711382576,37.606294384314744
primary_0p26,389,success,0.5148392406040692,0.03168246396572585,0.0615385570232609,1.9423538866747685,31.563201684117814
primary_0p26,390,success,0.5268316998483599,0.032976348881217366,0.06259370666326472,1.898139387375198,30.32476407870548
primary_0p26,391,success,0.46967329749142006,0.02721646037811884,0.0579476425921702,2.129139564333584,36.74247077345766
primary_0p26,392,success,0.5459351245877673,0.03489612316077485,0.06391990840875962,1.8317194753773989,28.656478411448713
primary_0p26,393,success,0.5749014350342031,0.03849163816118804,0.06695345639361297,1.7394286029926262,25.979668514298826
primary_0p26,394,success,0.5029471507502725,0.030671504678750433,0.060983553904214685,1.9882804754102847,32.60355207460074
primary_0p26,395,success,0.5122993167420814,0.031288426379382034,0.06107450343357433,1.9519838643537621,31.96069971288056
primary_0p26,396,success,0.5052473092078127,0.030868218527827805,0.0610952655566374,1.9792287495165881,32.39577946807965
primary_0p26,397,success,0.4998128443945587,0.02971848807686963,0.059459232411021176,2.0007489027444585,33.64908730933441
primary_0p26,398,success,0.5155745940919364,0.031939822987007274,0.06194995516267006,1.939583547093249,31.308877334942892
primary_0p26,399,success,0.5113452567058506,0.031325337044721034,0.06126063874440281,1.955625845523871,31.923040399289835
primary_0p26,400,success,0.5265337215898027,0.03268261678619159,0.062071269979652045,1.8992135906901177,30.597305183423995
primary_0p26,401,success,0.49977363451279133,0.03021969185152851,0.06046675887772359,2.0009058720651773,33.09100585515799
primary_0p26,402,success,0.49942529747226616,0.03026759699643951,0.06060485351789837,2.0023014554154246,33.0386320432915
primary_0p26,403,success,0.5269200130523719,0.03289921117950388,0.06243682222074557,1.897821254135222,30.395865558715805
primary_0p26,404,success,0.5367634600797732,0.03411794020874314,0.06356233750276626,1.863018022596734,29.31009298573475
primary_0p26,405,success,0.5027383586702652,0.03036198576359662,0.06039321495957377,1.9891062274320659,32.935922168798946
primary_0p26,406,success,0.5107764647331402,0.031470407251601294,0.06161287652132385,1.957803597161547,31.775883673990823
primary_0p26,407,success,0.5021744304633856,0.030104428225007633,0.05994815028162331,1.9913399395449938,33.21770446944758
primary_0p26,408,success,0.5212080541934279,0.03253247245148879,0.06241744000259735,1.9186196221535854,30.738518306321865
primary_0p26,409,success,0.4980083751280568,0.029683238337155343,0.059603893869300206,2.007998358949008,33.68904661417187
primary_0p26,410,success,0.4709378050623136,0.027196372248370255,0.05774939271390982,2.1234226457306438,36.76960996369378
primary_0p26,411,success,0.466312747221352,0.026691812309777307,0.057240151526690056,2.14448351660718,37.46467225208595
primary_0p26,412,success,0.5184302874529408,0.032406566220718656,0.06250901423975982,1.9288996499664814,30.857943824997566
primary_0p26,413,success,0.47030686212525186,0.02671930760713176,0.05681249787934391,2.12627133587024,37.42611952014378
primary_0p26,414,success,0.5262928692023062,0.032833925422870766,0.06238717517232682,1.9000827457831306,30.456303567755594
primary_0p26,415,success,0.4979994876919855,0.029714751314584786,0.059668236713053546,2.0080341942409863,33.653318831888505
primary_0p26,416,success,0.4657426005584804,0.026821115080991338,0.057587850131874674,2.147108722287551,37.284057615811804
primary_0p26,417,success,0.48966466291842253,0.029166507551581167,0.05956424827094429,2.042213938902507,34.2859013281413
primary_0p26,418,success,0.5092635009358613,0.031245029202023128,0.06135336450502518,1.9636200084284936,32.00509090691615
primary_0p26,419,success,0.5194948751764134,0.0322270989544966,0.06203545115541846,1.9249468046444418,31.029786497753356
primary_0p26,420,success,0.5481043407832387,0.03501472592117342,0.06388332168859953,1.8244701338635714,28.55941246695007
primary_0p26,421,success,0.5114677764516408,0.03125110113902741,0.06110082116186297,1.9551573843763936,31.998872473365967
primary_0p26,422,success,0.5030587156764631,0.03044462313361542,0.06051902528450687,1.987839528145934,32.8465225406535
primary_0p26,423,success,0.5237640799677303,0.032355354136988895,0.0617746717930377,1.909256549364002,30.906785806334046
primary_0p26,424,success,0.5196698143894323,0.03217096901246826,0.06190655705155092,1.9242987995654794,31.083925374222872
primary_0p26,425,success,0.5422358282170181,0.034869556167636644,0.06430699402932272,1.8442160181266587,28.67831168233011
primary_0p26,426,success,0.5128484653553427,0.03142893759166624,0.061283087919332555,1.9498937162795633,31.81781112019396
primary_0p26,427,success,0.48750936142802526,0.028778903319311957,0.05903251423728979,2.0512426614142827,34.74767571594552
primary_0p26,428,success,0.5320951741120274,0.03341654006023255,0.06280181006339483,1.8793630325041433,29.92530041103965
primary_0p26,429,success,0.5276135258410886,0.033097687611027424,0.0627309308613064,1.8953266946783869,30.213591104981663
primary_0p26,430,success,0.5149210642556542,0.0317027742796081,0.06156822177285783,1.942045236478242,31.542980787117468
primary_0p26,431,success,0.47168474012693945,0.027295087634005323,0.05786722637382691,2.1200601056775352,36.636629030425226
primary_0p26,432,success,0.49876156784431197,0.029987000029188603,0.06012291636421558,2.0049660288022615,33.34778400729065
primary_0p26,433,success,0.5068677547237146,0.03084149000448274,0.060847212546187586,1.972901196970172,32.423855003589395
primary_0p26,434,success,0.49532676363044786,0.0296187186422895,0.05979632197784362,2.0188693069411396,33.76243287487135
primary_0p26,435,success,0.48050639064075845,0.028248429686524294,0.05878887406441114,2.0811377735611245,35.400197855141045
primary_0p26,436,success,0.5466040535134288,0.03542583675628295,0.06481078310447,1.829477834224353,28.22798532267964
primary_0p26,437,success,0.4928771031461621,0.029757687578379897,0.06037547167119121,2.02890333841183,33.60476170623346
primary_0p26,438,success,0.5400781773592978,0.03406234976449172,0.06306929476587805,1.851583792719568,29.35792765073564
primary_0p26,439,success,0.45881191104508395,0.02588582467188842,0.05641925165570695,2.179542370036112,38.6311818408468
primary_0p26,440,success,0.4946555417637372,0.02956038915589304,0.059759543076163484,2.021608807685472,33.82905396563915
primary_0p26,441,success,0.48153090705943724,0.028237307478327076,0.05864069588131678,2.076709896165743,35.41414140733949
primary_0p26,442,success,0.4977916511302821,0.029714255206023648,0.05969215260753103,2.0088725829961334,33.653880706970604
primary_0p26,443,success,0.5116256434000034,0.031020209022096713,0.0606306767892872,1.9545541020080806,32.23704905687989
primary_0p26,444,success,0.5101755372881432,0.03103373687972588,0.0608295275086823,1.9601096620891245,32.2229966657123
primary_0p26,445,success,0.5693108362981031,0.03798452510507619,0.06672018637844213,1.7565096889818888,26.326510525897337
primary_0p26,446,success,0.5344019695252599,0.033489750946682675,0.06266771616959713,1.871250588556696,29.859881657288195
primary_0p26,447,success,0.5289263504265048,0.03327353639438248,0.06290769285279896,1.890622388530351,30.053913961752155
primary_0p26,448,success,0.4847182987225877,0.028662249432341858,0.05913176685897253,2.0630539483146615,34.889096976164815
primary_0p26,449,success,0.5141608931399055,0.03186460772299491,0.061974001033805584,1.9449164908150558,31.382780817300187
primary_0p26,450,success,0.483991149674924,0.028514851622817475,0.05891606001880338,2.0661534837396447,35.06944427513008
primary_0p26,451,success,0.5227658888899082,0.03278255340037553,0.06270981733331757,1.9129021637649255,30.504030231780078
primary_0p26,452,success,0.5417301137614661,0.03467989260350099,0.06401691861414814,1.8459376257608577,28.835152733404037
primary_0p26,453,success,0.524737570521902,0.03284655149267834,0.06259614965250017,1.905714506025181,30.444596298728804
primary_0p26,454,success,0.5501365756732436,0.03513572247331817,0.06386727228655892,1.8177304404387666,28.461062690809708
primary_0p26,455,success,0.4473450624151626,0.02482177128644433,0.05548685650498644,2.235410836102939,40.28721352960496
primary_0p26,456,success,0.5126257689777979,0.0312705594820411,0.06100075605718417,1.9507407947791064,31.978960932064776
primary_0p26,457,success,0.4797050793796595,0.028238196949323304,0.058865745148748705,2.0846141577095048,35.41302590227751
primary_0p26,458,success,0.4834036725166777,0.02839418501599885,0.05873804157956461,2.0686644658569477,35.218478693315014
primary_0p26,459,success,0.5157594677937152,0.03187978343835836,0.06181133925612995,1.93888830442171,31.36784168981465
primary_0p26,460,success,0.5157533352712892,0.03154253295007236,0.06115817541631759,1.9389113586129196,31.703224391740104
primary_0p26,461,success,0.5632345109128973,0.03695556915736384,0.06561311219631376,1.7754593879185205,27.059521008641752
primary_0p26,462,success,0.48013576651393236,0.02815294616943033,0.05863538634881807,2.0827442355744235,35.52026114715634
primary_0p26,463,success,0.5400930572005571,0.03417153042405751,0.0632697087445957,1.8515327806346193,29.264126821079632
primary_0p26,464,success,0.533921878659866,0.033319669257421115,0.06240551396967075,1.8729331761230341,30.0123027114765
primary_0p26,465,success,0.5204780584468682,0.03233382614811037,0.06212332224838848,1.9213105793240324,30.92736366612899
primary_0p26,466,success,0.5199590797133696,0.03242933418496946,0.06236901219774124,1.9232282674076113,30.836279101391046
primary_0p26,467,success,0.4989224545908503,0.029891425074423328,0.05991196587641318,2.004319490530982,33.45441033708535
primary_0p26,468,success,0.518032778795464,0.03229296165116962,0.062337680110238575,1.9303797769809312,30.96650009379926
primary_0p26,469,success,0.5343690984391044,0.034059187013908705,0.06373719422286171,1.87136569633425,29.36065384037591
primary_0p26,470,success,0.4477311663555045,0.02433634933154718,0.05435482530654075,2.233483114744768,41.09079740664723
primary_0p26,471,success,0.5141880332165949,0.031528426677710684,0.06131692035008865,1.9448138334615097,31.71740887111755
primary_0p26,472,success,0.5443522061922498,0.034847702647625184,0.0640168300067805,1.8370459210499246,28.696296284201345
primary_0p26,473,success,0.503836318835996,0.03088307152524602,0.061295842262016016,1.9847715669054626,32.380198944348166
primary_0p26,474,success,0.5184700232221972,0.03218353064923062,0.06207404325753651,1.9287518182539878,31.071792927228323
primary_0p26,475,success,0.5384541347206575,0.034495124337593774,0.06406325462704333,1.8571683928451697,28.98960416009202
primary_0p26,476,success,0.5122319323384552,0.03130910362191135,0.061122904772801204,1.9522406489473874,31.939592141506107
primary_0p26,477,success,0.5148812845653716,0.03162817574086141,0.06142809359940088,1.9421952787507768,31.617378384175012
primary_0p26,478,success,0.48709677389241085,0.028541510609242964,0.0585951542671214,2.0529801337195437,35.03668792065116
primary_0p26,479,success,0.4799791939494944,0.02798458917456582,0.058303754677979824,2.083423641286469,35.73395320410363
primary_0p26,480,success,0.5307500116276973,0.033756540080519454,0.06360158142436084,1.8841261951803125,29.623889107553694
primary_0p26,481,success,0.5281563399653347,0.03328513744989652,0.06302137252026772,1.8933787674794067,30.043439102670998
primary_0p26,482,success,0.43114969500567724,0.0231044509873182,0.05358800262403982,2.3193800473100934,43.28170362277337
primary_0p26,483,success,0.4674603933825396,0.026885272841270055,0.05751347755203054,2.1392186678405163,37.195084680894766
primary_0p26,484,success,0.5299011921740624,0.033333912619214076,0.06290590229180787,1.8871442728732701,29.99947865176762
primary_0p26,485,success,0.5398128928193578,0.03431218650166126,0.06356311040007605,1.8524937312578016,29.14416427386765
primary_0p26,486,success,0.526949528635677,0.032816805757424135,0.06227694299753906,1.8977149530602981,30.47219182122167
primary_0p26,487,success,0.5479276309504628,0.03540705452638888,0.0646199470995285,1.8250585360430716,28.242959302211936
primary_0p26,488,success,0.5643367607889552,0.0371745298531138,0.0658729546541377,1.7719916005506675,26.900138453700936
primary_0p26,489,success,0.503320956222969,0.030403370312942744,0.060405532368642684,1.9868038229606404,32.89109035304218
primary_0p26,490,success,0.49133607803112966,0.029266877641271834,0.05956590397055591,2.035266785226064,34.16831861113229
primary_0p26,491,success,0.57089908253356,0.03778832102488636,0.06619089464496554,1.7516230636808134,26.46320272714491
primary_0p26,492,success,0.5258268265401462,0.0327895362477193,0.06235805134452541,1.9017667975972907,30.49753410494044
primary_0p26,493,success,0.5440769063315328,0.03502704647779392,0.06437885172147009,1.8379754559746941,28.549366862375035
primary_0p26,494,success,0.5530505465364275,0.03619714342941342,0.06544997316448586,1.8081529911916172,27.626489420361562
primary_0p26,495,success,0.5046386941922314,0.030522230288520018,0.060483333204118556,1.9816157807729886,32.76300553882259
primary_0p26,496,success,0.48593073641267287,0.028495814773755016,0.058641721213443,2.0579064567563345,35.09287268813285
primary_0p26,497,success,0.5244308379148038,0.03241240755580294,0.06180492299933835,1.9068291330389968,30.85238263397578
primary_0p26,498,success,0.5366182236944861,0.03369697073043219,0.06279505473823965,1.8635222507264904,29.67625808265568
primary_0p26,499,success,0.5298382721396119,0.03341973535607571,0.06307535169386488,1.8873683774517915,29.922439221775583
primary_0p26,500,success,0.5164614850563235,0.0318907468033008,0.0617485480060975,1.9362528067140252,31.357058088601946
primary_0p26,501,success,0.4714145429762803,0.027116784149805638,0.05752216293244489,2.1212752446848375,36.877529226015085
primary_0p26,502,success,0.5176183867992168,0.0322199841217377,0.06224659892971649,1.9319251894888698,31.036638510486874
primary_0p26,503,success,0.4791530688629354,0.028092659994464326,0.05862982378706292,2.08701574712455,35.59648677615614
primary_0p26,504,success,0.5250831312682165,0.033023234691186364,0.06289144084942588,1.9044603424694524,30.281709510028463
primary_0p26,505,success,0.5362865534438638,0.034145702797679485,0.0636706301480179,1.864674759376893,29.28626204958239
primary_0p26,506,success,0.47010424492048014,0.026980239491745522,0.057392035454411454,2.12718776910673,37.064163211225214
primary_0p26,507,success,0.4860113328204433,0.028556643826789387,0.05875715626026282,2.0575651892657607,35.0181206890246
primary_0p26,508,success,0.5369618110510748,0.033769007124748444,0.06288902940536381,1.8623298331822744,29.61295238281156
primary_0p26,509,success,0.48907668749040195,0.02908061690947739,0.059460239372067986,2.0446691195429856,34.38716596394141
primary_0p26,510,success,0.5239103149104299,0.032827652118933924,0.06265891543774298,1.9087236336833042,30.462123711346155
primary_0p26,511,success,0.5164425342286135,0.03221820928223985,0.06238488727572121,1.9363238573942287,31.03834825951192
primary_0p26,512,success,0.4903819693042692,0.029080224594614217,0.059301170138600055,2.039226689796023,34.3876298735741
primary_0p26,513,success,0.5062082198771629,0.03099061048277773,0.061221073198491224,1.9754716749614638,32.26783804584054
primary_0p26,514,success,0.5035705459420268,0.030528772986601362,0.06062461999140825,1.9858190834599059,32.755984016746616
primary_0p26,515,success,0.540754608099935,0.03447789677452223,0.06375885893172174,1.8492676438093216,29.004089389204257
primary_0p26,516,success,0.486405582153094,0.028724996008168774,0.05905564627983177,2.055897458194167,34.812885603730685
primary_0p26,517,success,0.4446979886111648,0.024432617893998036,0.05494204723143337,2.2487171644807695,40.92889285702183
primary_0p26,518,success,0.5112348727568614,0.03137182743027909,0.06136480334587668,1.9560480970467575,31.87573316289608
primary_0p26,519,success,0.4957926127234231,0.02975530495455991,0.060015627887458754,2.0169723677545957,33.607452571133976
primary_0p26,520,success,0.4998390377872557,0.030148481335035383,0.060316379986045325,2.0006440561883956,33.16916659539682
primary_0p26,521,success,0.5028460050466295,0.030625341965360424,0.06090401764755097,1.9886804110281613,32.65269661743126
primary_0p26,522,success,0.525090088014614,0.03293507695668643,0.06272271693646939,1.9044351108988533,30.362764942529804
primary_0p26,523,success,0.49599062976649455,0.029214621915221603,0.058901560154423556,2.016167120880461,34.22943493507863
primary_0p26,524,success,0.5179904702401847,0.03221173063465733,0.06218595222364074,1.9305374470235221,31.044590908259906
primary_0p26,525,success,0.5156069907038614,0.031676730996233755,0.06143580588965922,1.9394616792043253,31.568914106663854
primary_0p26,526,success,0.5481947203891381,0.03544560824540264,0.0646587917159097,1.8241693376582435,28.21223980913635
primary_0p26,527,success,0.5419933818862034,0.03459193721560158,0.06382354171044931,1.8450409791349802,28.908470600165813
primary_0p26,528,success,0.49995914156009846,0.030128560765256347,0.06026204595687884,2.0001634471159946,33.19109756989056
primary_0p26,529,success,0.47914563682568945,0.028001159658918723,0.05843976759221829,2.0870481188661945,35.712806618760425
primary_0p26,530,success,0.5109649607330843,0.03135138520662392,0.06135721158187425,1.9570813594836218,31.896517280158964
primary_0p26,531,success,0.5319167612073137,0.03371976285328439,0.0633929315871702,1.8799933992120463,29.656199076815202
primary_0p26,532,success,0.504124921459826,0.03054657296576357,0.060593261045908925,1.9836353201984889,32.736896578244455
primary_0p26,533,success,0.5214562794654036,0.03263455306513262,0.06258348849224622,1.9177063147560498,30.642368473813086
primary_0p26,534,success,0.5083884661874464,0.030880972549889564,0.06074286614225338,1.9669997777473045,32.38239982191158
primary_0p26,535,success,0.5192374041011099,0.03212133555202811,0.06186252241907673,1.9259013162412166,31.131955842255163
primary_0p26,536,success,0.5307069189146435,0.033488173124500725,0.06310106752138804,1.8842791837821045,29.861288529602614
primary_0p26,537,success,0.48484285341826405,0.02858739510248124,0.058962187234343905,2.0625239558544557,34.98045192348445
primary_0p26,538,success,0.5301224196520535,0.033508953906192296,0.06320984109328169,1.8863567412529942,29.842769869793063
primary_0p26,539,success,0.5333358664509463,0.03384917794613182,0.06346690720685874,1.8749910945506891,29.54281494195864
primary_0p26,540,success,0.48136365749596993,0.028097259195719034,0.05837012985541865,2.0774314479866445,35.59066003677549
primary_0p26,541,success,0.5393357366719315,0.034241875918174944,0.06348898022124516,1.8541326524562984,29.204007467044725
primary_0p26,542,success,0.5569497410437378,0.0360578007654666,0.06474157021402573,1.795494146610024,27.733249914612745
primary_0p26,543,success,0.5359669314482217,0.03390775995762785,0.06326464930589394,1.8657867516153042,29.491774191206673
primary_0p26,544,success,0.492984480268232,0.029626452090285426,0.06009611514375813,2.0284614222660755,33.75361980410412
primary_0p26,545,success,0.5224244715603887,0.03228779389645548,0.06180375471313126,1.9141522927001837,30.971456371622185
primary_0p26,546,success,0.5096998191402706,0.03100471798344642,0.060829368226465556,1.96193909130032,32.253155811122205
primary_0p26,547,success,0.4783393761863245,0.027889375615132637,0.05830457830481651,2.0905659240782977,35.85594793514864
primary_0p26,548,success,0.5413461902145497,0.03455233672041494,0.06382669231812815,1.8472467675512296,28.94160265025314
primary_0p26,549,success,0.538102754240501,0.03412845957750292,0.06342368499056122,1.8583811216715265,29.301058775567714
primary_0p26,550,success,0.46522070494914197,0.026716180825578268,0.05742689553875055,2.1495173997239014,37.43049976075146
primary_0p26,551,success,0.5049487464727277,0.030708024119161514,0.06081414070966518,1.9803990147225963,32.564778382338496
primary_0p26,552,success,0.5019537263680116,0.030034531596765408,0.059835259744132945,1.992215512046705,33.29500900582367
primary_0p26,553,success,0.5400784498470861,0.03427525826946009,0.06346348068352763,1.8515828585331127,29.17556425507723
primary_0p26,554,success,0.5645348948248465,0.0374533235328473,0.06634368198704108,1.771369687094828,26.699900187041624
primary_0p26,555,success,0.49024690633878304,0.02918815713339901,0.05953766715506545,2.039788496511091,34.26047062271479
primary_0p26,556,success,0.5309503675097969,0.033478123561805996,0.06305320724952371,1.8834152139117757,29.870252380000906
primary_0p26,557,success,0.5055130581238733,0.030923517938370084,0.06117254033582737,1.9781882662167658,32.33784726540424
primary_0p26,558,success,0.5129283835445008,0.03121178999900474,0.06085019078749589,1.9495899078340666,32.039174941004255
primary_0p26,559,success,0.48012018871393186,0.028041673276824206,0.05840552831560301,2.0828118115146084,35.661210018678766
primary_0p26,560,success,0.5006172440583276,0.030004636758240364,0.05993528412046566,1.9975340679305258,33.32818217588866
primary_0p26,561,success,0.5115439832689188,0.031240463636874508,0.061070923827973925,1.9548661165159278,32.00976821674489
primary_0p26,562,success,0.5062378900707801,0.03070704058249175,0.06065733360693017,1.9753558941630862,32.56582142175468
primary_0p26,563,success,0.5305436659692548,0.033513331415035735,0.06316790410419836,1.8848589930351751,29.838871809424194
primary_0p26,564,success,0.47598944612927485,0.027656334525406872,0.05810283137642434,2.1008869169935505,36.15808158096064
primary_0p26,565,success,0.4392008977884513,0.023888506555743528,0.05439084181300977,2.276862376728718,41.86113508881406
primary_0p26,566,success,0.4938073049913984,0.02954384998790082,0.05982870178158957,2.025081423243463,33.847992066353335
primary_0p26,567,success,0.5276901997567861,0.03281397357470043,0.06218416334020318,1.895051301807202,30.474821884143893
primary_0p26,568,success,0.5113303236825996,0.03138065618076109,0.061370614507580336,1.9556829581277377,31.86676512561524
primary_0p26,569,success,0.4938685696133698,0.02972965121585118,0.06019749594335463,2.0248302109665746,33.63645246758975
primary_0p26,570,success,0.5373575764851843,0.033860502463295375,0.06301298045293115,1.860958221787669,29.53293445907943
primary_0p26,571,success,0.541134304734484,0.034400549886964976,0.06357118664625068,1.8479700718487357,29.069302766550226
primary_0p26,572,success,0.5341355821863444,0.03390128128908532,0.0634694306459032,1.8721838300057851,29.497410185554106
primary_0p26,573,success,0.5425827668836419,0.03445662034364619,0.06350481888975196,1.84303678818176,29.021998966430854
primary_0p26,574,success,0.513356136590218,0.031844019951067795,0.06203104956060359,1.9479654156705664,31.40307038924801
primary_0p26,575,success,0.4874843909291145,0.028836743185012104,0.05915418774753196,2.0513477325788076,34.67797988088162
primary_0p26,576,success,0.5225971836355527,0.032619065309376395,0.06241722368738248,1.9135196884210095,30.656917680364945
primary_0p26,577,success,0.5231742375814851,0.03261111181559932,0.06233317597279453,1.9114091026782425,30.664394567549095
primary_0p26,578,success,0.5012037123996629,0.030213960935311854,0.06028279557358717,1.9951967139513003,33.09728248279006
primary_0p26,579,success,0.5467707934429361,0.035194748757691574,0.06436837735255639,1.8289199276778219,28.4133296954267
primary_0p26,580,success,0.5118435246279466,0.03158694066841457,0.061712103696876436,1.9537220886537325,31.658653191442255
primary_0p26,581,success,0.50549457369702,0.030652660601808195,0.060638950835069864,1.978260602653617,32.62359548459588
primary_0p26,582,success,0.5223824580470705,0.032196396207036924,0.06163376221974091,1.914306241711303,31.059376756627113
primary_0p26,583,success,0.5585646464822925,0.03673404261110547,0.06576506916871261,1.7903030675102023,27.22270485137617
primary_0p26,584,success,0.49938128438766943,0.029705264605391794,0.05948413673895639,2.0024779287156877,33.664066396449144
primary_0p26,585,success,0.519664372652844,0.0326475776758425,0.06282435239725842,1.9243189501236768,30.630143832690774
primary_0p26,586,success,0.5026287705042811,0.030408349197386723,0.06049862439604961,1.9895399123227917,32.885704959147844
primary_0p26,587,success,0.4923993921067478,0.029678954034474844,0.060274148405204994,2.030871719238859,33.693909793397964
primary_0p26,588,success,0.445592073365397,0.024696327575206654,0.05542362409789778,2.24420509199672,40.491850335024246
primary_0p26,589,success,0.49280370486246355,0.029283387385942602,0.05942201143580139,2.0292055236863322,34.1490547804605
primary_0p26,590,success,0.490748794802582,0.02908126887325007,0.0592589715578392,2.037702406181719,34.38639504893934
primary_0p26,591,success,0.528846035548882,0.03308083142640947,0.06255285887143945,1.8909095138854806,30.228986300557988
primary_0p26,592,success,0.5441517684793186,0.03502749953284817,0.06437082733505708,1.8377225949197789,28.54899759722265
primary_0p26,593,success,0.5046902427221229,0.03062388595791115,0.06067857740370926,1.9814133806240224,32.654249084338275
primary_0p26,594,success,0.517537043040786,0.031990905264162935,0.06181374974861809,1.9322288393590257,31.258884102921172
primary_0p26,595,success,0.543911990776688,0.03491273711777315,0.06418821005934976,1.8385327349963985,28.64284162615616
primary_0p26,596,success,0.5584308934277007,0.03628403195294215,0.06497497251670192,1.7907318734855573,27.560332911649123
primary_0p26,597,success,0.5204563038092073,0.03269155827974898,0.06281326220948857,1.9213908884973125,30.588936490661478
primary_0p26,598,success,0.48915202353009435,0.029223814354525667,0.05974382798955694,2.0443542127930634,34.218667962662366
primary_0p26,599,success,0.5084877607754784,0.03109504720434823,0.061152007192712306,1.9666156732561901,32.15946235515485
primary_0p26,600,success,0.539668008439603,0.03413489833019311,0.06325166175569831,1.852991069252746,29.295531814005045
primary_0p26,601,success,0.473225887815735,0.02760245629743343,0.05832828889568546,2.1131557375605383,36.22865984187731
primary_0p26,602,success,0.5329399316895242,0.03357926556240533,0.06300759910399745,1.8763840735855608,29.780282065477333
primary_0p26,603,success,0.5294086759483113,0.033362083619658645,0.06301763672440447,1.8888999093351366,29.974147040706683
primary_0p26,604,success,0.5104697063246,0.031125605605910756,0.060974442205427276,1.9589801071645083,32.127888936885455
primary_0p26,605,success,0.5562325650209786,0.03654900449381493,0.06570813503599247,1.797809159128043,27.360526335791903
primary_0p26,606,success,0.5068296581742979,0.0307044125832891,0.06058132567437461,1.9730494928063218,32.568608739456906
primary_0p26,607,success,0.4811787797192258,0.028414219105415892,0.05905127221527925,2.078229635528635,35.19364710640227
primary_0p26,608,success,0.49624582047672366,0.029830790626495067,0.060112930720177774,2.015130321983044,33.52241020094927
primary_0p26,609,success,0.5324844518020999,0.03344670940528881,0.06281255591988519,1.8779891067535888,29.898307420396748
primary_0p26,610,success,0.5277026566725108,0.03321191513205422,0.06293679728935939,1.8950065673453567,30.109675880595567
primary_0p26,611,success,0.5367058086220667,0.033853133341329736,0.06307577223403626,1.8632181428544443,29.539363163738404
primary_0p26,612,success,0.4828027878931861,0.028386197419459625,0.05879460129741361,2.0712390754074046,35.228388826552326
primary_0p26,613,success,0.5492702895643111,0.035422592130987515,0.06449027519599725,1.8205972888015005,28.230570939081694
primary_0p26,614,success,0.5332803228584152,0.03386258620744847,0.06349866056550321,1.8751863834764027,29.531117141313867
primary_0p26,615,success,0.5071069639914495,0.03100011891168544,0.06113132162035965,1.971970552581213,32.25794077915784
primary_0p26,616,success,0.48286328366481945,0.02855934441846655,0.05914581908507891,2.070979579168318,35.014809350924644
primary_0p26,617,success,0.5534247186596122,0.03608174136969271,0.06519719873930141,1.8069304934951003,27.71484861980531
primary_0p26,618,success,0.5219049361307563,0.03256183415108116,0.062390354826847676,1.916057754528429,30.710800729472936
primary_0p26,619,success,0.5089086121380287,0.030958095605262755,0.06083232797967692,1.964989344155125,32.30172852848235
primary_0p26,620,success,0.5241173642366207,0.032712379884265674,0.06241422650041638,1.907969604205929,30.569466469206354
primary_0p26,621,success,0.5465952517425898,0.03526543332832112,0.06451836750482567,1.8295072941301982,28.35637919687536
primary_0p26,622,success,0.5176580306472233,0.03188080088546474,0.061586605438351746,1.9317772367014356,31.366840613339964
primary_0p26,623,success,0.5012085864135839,0.030333246816775676,0.06052020583650874,1.9951773116169778,32.96712699568165
primary_0p26,624,success,0.5306874628986401,0.033260708109402654,0.0626747576204855,1.8843482650559569,30.06550542191567
primary_0p26,625,success,0.4917442938639032,0.029410942206273456,0.05980942244428631,2.033577232065988,34.000950836138
primary_0p26,626,success,0.5142301594272676,0.031725628639210794,0.06169538689552115,1.9446545125119978,31.520258002518055
primary_0p26,627,success,0.4770646198134405,0.02803747289567415,0.058770807415226896,2.0961520902368678,35.66655253563484
primary_0p26,628,success,0.5483078008921296,0.03541647061342375,0.06459231576825833,1.823793129284209,28.235450418398678
primary_0p26,629,success,0.53511372246835,0.0338638540310323,0.06328347154848982,1.8687616445103337,29.530011530395086
primary_0p26,630,success,0.5551657817940157,0.036248895361462995,0.06529382132365014,1.8012637536277987,27.587047550781982
primary_0p26,631,success,0.4714068734162401,0.027082496012364652,0.057450363029500226,2.1213097567990395,36.92421848944222
primary_0p26,632,success,0.5376508310329597,0.0343474328508595,0.0638842737113781,1.859943186693776,29.11425736945509
primary_0p26,633,success,0.507735824559568,0.030858563566014963,0.06077680965841442,1.9695281515095833,32.405915390738286
primary_0p26,634,success,0.48519394289145146,0.028636145874975597,0.05901999869232113,2.0610315001886206,34.92090047194077
primary_0p26,635,success,0.47803625341458167,0.0279773530551259,0.0585255884993774,2.0918915518583905,35.74319550636631
primary_0p26,636,success,0.5107260860901287,0.031264210390542,0.06121522131341604,1.9579967172922674,31.98545517409
primary_0p26,637,success,0.5312689614981756,0.033516475222208325,0.0630875839757174,1.8822857581967622,29.836072957259862
primary_0p26,638,success,0.46191411707249946,0.026324383920804998,0.05698978002153866,2.164904606808208,37.987593670128334
primary_0p26,639,success,0.5465415653489696,0.03525727863266808,0.06450978455802557,1.8296870053451377,28.362937775731712
primary_0p26,640,success,0.5074938500791704,0.03092347715234275,0.060933698304952086,1.970467228014679,32.33788991689249
primary_0p26,641,success,0.4478883207234228,0.024630457201092523,0.05499240784245001,2.232699433610625,40.60013956848692
primary_0p26,642,success,0.5168977172264667,0.032146676285850086,0.06219156172393342,1.9346187198615026,31.107414997057326
primary_0p26,643,success,0.4990845096069729,0.02974925780753703,0.05960765608807305,2.0036686788525975,33.614283975402174
primary_0p26,644,success,0.5230741097186392,0.032685609090202544,0.06248752993678866,1.9117749883241182,30.594504059578572
primary_0p26,645,success,0.5069218348739164,0.030838193437334713,0.060834218050609144,1.9726907211418974,32.42732107612164
primary_0p26,646,success,0.4898318429926767,0.0290806445496741,0.05936862816431654,2.041516929341302,34.38713328007053
primary_0p26,647,success,0.5211869082926595,0.03205651169380126,0.06150674774010388,1.91869746551361,31.194910087280928
primary_0p26,648,success,0.4913001896937848,0.029431548740060834,0.05990542922119527,2.035415456735881,33.9771450300489
primary_0p26,649,success,0.5267002544074404,0.03301964780933538,0.06269153571319963,1.898613094700403,30.28499897316524
primary_0p26,650,success,0.5287463817311177,0.03341250349117462,0.06319192839066237,1.8912658971319978,29.92891569062265
primary_0p26,651,success,0.4458470638293745,0.024776786647615425,0.05557238940817045,2.2429215781102454,40.36035884000488
primary_0p26,652,success,0.494936983354255,0.029457420568360263,0.05951751750035597,2.0204592375030543,33.94730362352513
primary_0p26,653,success,0.5345517204083371,0.03387927951461186,0.06337886161648104,1.8707263709414554,29.516566300316633
primary_0p26,654,success,0.5083635901536001,0.031025805430123565,0.06103073868989956,1.9670960300242073,32.23123416577222
primary_0p26,655,success,0.5639319015286469,0.03710858024176114,0.06580330025872118,1.773263752749766,26.947945555584017
primary_0p26,656,success,0.5407542844656849,0.03446926793933303,0.06374294005528194,1.8492687505714214,29.011350103519188
primary_0p26,657,success,0.4982223746066,0.029929869241100616,0.06007331417970431,2.0071358713859593,33.411438985733
primary_0p26,658,success,0.5196389093605228,0.031855184604184086,0.061302539187039824,1.9244132454026939,31.392064193803257
primary_0p26,659,success,0.4823143531481877,0.02839851280262601,0.058879675915223625,2.0733365977453238,35.2131115791222
primary_0p26,660,success,0.5264869658063203,0.03301680641973887,0.06271153620901761,1.8993822543517096,30.287605266454747
primary_0p26,661,success,0.5428685385727289,0.034667528836552254,0.0638598967766628,1.842066594297633,28.84543645192369
primary_0p26,662,success,0.563116118933432,0.037205696847425036,0.06607109190533268,1.775832668214233,26.8776043652898
primary_0p26,663,success,0.46294611492791304,0.026415328923613916,0.05705918695899876,2.16007860905305,37.85680666296957
primary_0p26,664,success,0.5119033274413349,0.03135254482876478,0.06124700338533713,1.953493846188374,31.895337538359488
primary_0p26,665,success,0.535927127754434,0.03406695942657033,0.06356640233778216,1.865925324941207,29.35395517628896
primary_0p26,666,success,0.5026955032975517,0.030527639544690646,0.06072789460903722,1.989275801037129,32.75720019348563
primary_0p26,667,success,0.5068972873320557,0.031138154050973022,0.06142892224746745,1.972786252740242,32.11494163600721
primary_0p26,668,success,0.5271037221635256,0.0330836300328301,0.06276493343100777,1.8971598149514979,30.226429173813855
primary_0p26,669,success,0.49757259739824883,0.02990903732979469,0.06010989649788932,2.0097569786376654,33.43471035103571
primary_0p26,670,success,0.506762389698018,0.03105324967369656,0.06127773154633936,1.9733113986535278,32.20274884296709
primary_0p26,671,success,0.48016602914596007,0.02817848902177834,0.05868488670866112,2.082612969890091,35.48806322536063
primary_0p26,672,success,0.48056563314849554,0.02800729245548774,0.058279848835618764,2.0808812179272054,35.704986534821586
primary_0p26,673,success,0.5321491386539671,0.03382804768225101,0.06356873520046771,1.8791724487789796,29.561268489185753
primary_0p26,674,success,0.5028297948006845,0.03023777641827182,0.060135212214816554,1.9887445221824767,33.07121483297061
primary_0p26,675,success,0.5121376496128087,0.03155081866786469,0.06160613009357552,1.952600049529711,31.694898649920784
primary_0p26,676,success,0.5154429283357854,0.03174730748224739,0.06159228449355231,1.9400789981321651,31.49873420160701
primary_0p26,677,success,0.5686198904861615,0.037889180384545765,0.06663358250122253,1.7586440726598835,26.392758825891097
primary_0p26,678,success,0.5229272803512904,0.03265735001538944,0.06245103524423318,1.9123117832525838,30.620978111474454
primary_0p26,679,success,0.5176988888602979,0.03196742582483325,0.061749071733974155,1.9316247755552978,31.281843132429202
primary_0p26,680,success,0.5066608410018213,0.03071970174301765,0.06063168742679133,1.9737069042531457,32.55239938087264
primary_0p26,681,success,0.5053044624958608,0.030515329472982838,0.06038998611304131,1.9790048856103095,32.77041464963908
primary_0p26,682,success,0.5552271183130089,0.036401106939308314,0.06556075115694766,1.8010647661417913,27.471692046818887
primary_0p26,683,success,0.5243733915608197,0.03259526740547431,0.06216041456347186,1.9070380307121562,30.6793003892354
primary_0p26,684,success,0.5067227704892967,0.030868130730358528,0.060917196794910054,1.973465686245735,32.395871610602875
primary_0p26,685,success,0.5051833924154657,0.030599449731809066,0.06057097321727453,1.9794791654148327,32.68032623999998
primary_0p26,686,success,0.5041715924532546,0.030627494975996667,0.06074815684669176,1.983451695749235,32.65040124188147
primary_0p26,687,success,0.5172694291715079,0.03200944637729483,0.06188157384163071,1.9332284948709701,31.240777744576274
primary_0p26,688,success,0.5054521015636632,0.03048444359836167,0.06031124117212136,1.9784268319518443,32.803616597868405
primary_0p26,689,success,0.524672321445286,0.03273988960826167,0.06240064182931339,1.905951503683966,30.543780445357925
primary_0p26,690,success,0.4865406275492857,0.028412574383419494,0.05839712610750343,2.0553268183111837,35.195684365143705
primary_0p26,691,success,0.5215407288920474,0.03267918652883812,0.06265893480315765,1.9173957940435136,30.600516910588905
primary_0p26,692,success,0.5148648884525142,0.031764800075074665,0.06169540939283592,1.942257128866595,31.481388128889378
primary_0p26,693,success,0.524850034473283,0.0330185086371353,0.06291036766391996,1.9053061528395574,30.286043836495956
primary_0p26,694,success,0.49722133776418564,0.029845811146507834,0.060025201815982074,2.0111767618353182,33.505539356634536
primary_0p26,695,success,0.527097206596853,0.033121282562503,0.06283714303163743,1.8971832661690498,30.19206753581795
primary_0p26,696,success,0.5319912217428753,0.033619323938513954,0.06319526068188211,1.8797302645781722,29.744798016429183
primary_0p26,697,success,0.5044833082217908,0.030637226510445568,0.06072991120050345,1.9822261385115254,32.64003024748524
primary_0p26,698,success,0.4901581063460555,0.029126099422686687,0.05942184581993515,2.040158036872274,34.33346791438497
primary_0p26,699,success,0.49830016339818056,0.03001386983836355,0.06023251052875962,2.006822540816472,33.31792952343006
primary_0p26,700,success,0.5303604187600661,0.033412932415970834,0.0630004261895848,1.8855102391273995,29.928531490460156
primary_0p26,701,success,0.4883087278143446,0.028763215678849253,0.05890375092739496,2.047884756178679,34.766627318910665
primary_0p26,702,success,0.5337399786642159,0.03364796751105397,0.06304187217765532,1.8735714767004845,29.719477102784342
primary_0p26,703,success,0.5268413772366691,0.032710020517815276,0.06208703782793657,1.89810452103267,30.571671437972874
primary_0p26,704,success,0.49091550450735405,0.029164258697520637,0.05940789897599119,2.037010424031168,34.288545111726556
primary_0p26,705,success,0.49233431163555863,0.029201010044989924,0.05931134465924738,2.031140175215396,34.24539077447329
primary_0p26,706,success,0.4844697542855337,0.028743341140810855,0.0593294852497031,2.0641123437617663,34.79066664870644
primary_0p26,707,success,0.5372472428446665,0.03375998157623794,0.06283881774335864,1.861340403917398,29.620869245493097
primary_0p26,708,success,0.49554623942888193,0.029644420204170283,0.05982170349700472,2.017975156369872,33.733161016902706
primary_0p26,709,success,0.5346512478634912,0.034108704384461,0.06379617464798239,1.870378127790928,29.318029460408727
primary_0p26,710,success,0.5003979548423556,0.030381516778541676,0.060714710131285425,1.9984094465674587,32.91474903275058
primary_0p26,711,success,0.5084206513724164,0.031149969882855982,0.061268105059797684,1.9668752583134224,32.10275977025488
primary_0p26,712,success,0.5133271081531047,0.03141906938540521,0.061206721574567954,1.9480755723146819,31.82780456459096
primary_0p26,713,success,0.5045252589758481,0.030617506095607573,0.06068577449969308,1.9820613184559517,32.6610533489356
primary_0p26,714,success,0.4902761146966039,0.029186880628104563,0.05953151653362961,2.0396669754528567,34.26196902443498
primary_0p26,715,success,0.5299625885254006,0.03338393748368149,0.06299300782074249,1.886925646548862,29.954525300941903
primary_0p26,716,success,0.5129977780754711,0.03134203082688389,0.06109584128115447,1.9493261817849088,31.906037152584307
primary_0p26,717,success,0.4762010809809313,0.027791391821073097,0.05836062312967735,2.0999532339155764,35.98236484297775
primary_0p26,718,success,0.5213706268130381,0.03245385347068773,0.06224718425176181,1.9180213624857636,30.812981913016845
primary_0p26,719,success,0.48521362127552864,0.028528859592138453,0.0587964936292222,2.060947912738315,35.052224810120514
primary_0p26,720,success,0.5121877866629684,0.031033356120472276,0.06058980110139361,1.9524089133699385,32.22339202108772
primary_0p26,721,success,0.5525272871277668,0.035655570730024046,0.06453178252132012,1.8098653646562062,28.046108350691533
primary_0p26,722,success,0.5225539926902876,0.03263478396003325,0.0624524631263808,1.9136778476261491,30.64215167548427
primary_0p26,723,success,0.49443859163160553,0.02963070804271777,0.05992798406964743,2.0224958506982325,33.748771664798824
primary_0p26,724,success,0.4916196314717029,0.029285638847514187,0.059569709939868085,2.0340928961815856,34.14642942251819
primary_0p26,725,success,0.553534346056593,0.035530713251376224,0.06418881412598666,1.806572631172846,28.14466439007572
primary_0p26,726,success,0.5618976585214113,0.036877657601412886,0.06563055930585916,1.7796835150219703,27.116689753138964
primary_0p26,727,success,0.5293572541377132,0.0332720000811226,0.06285358294620977,1.8890833972397936,30.055301681949864
primary_0p26,728,success,0.5042491603159055,0.030540509280053595,0.060566306666570084,1.9831465844653327,32.74339634713011
primary_0p26,729,success,0.5114890440284477,0.0313388165671905,0.0612697709424398,1.955076089458492,31.909309589147934
primary_0p26,730,success,0.510501617257251,0.03133989102112417,0.06139038538115234,1.9588576533266533,31.908215613320593
primary_0p26,731,success,0.5364038983522841,0.033825846309714226,0.06306040357577537,1.8642668389841726,29.56319232470516
primary_0p26,732,success,0.5241465233237971,0.03250543471744093,0.06201593117762675,1.907863460886183,30.764086334875124
primary_0p26,733,success,0.5005844529813072,0.030428114636038565,0.06078517711610754,1.997664917566551,32.86434312350119
primary_0p26,734,success,0.5212182461906132,0.032305451906119304,0.06198066192468821,1.9185821051135898,30.954527517709167
primary_0p26,735,success,0.5034539348757031,0.030469351148062984,0.06052063364165683,1.9862790430804524,32.81986528497416
primary_0p26,736,success,0.5174340239611926,0.03180591252938747,0.061468537159382663,1.9326135385233183,31.44069515616122
primary_0p26,737,success,0.4980151164614586,0.02992350952500355,0.06008554466703488,2.007971177873654,33.41853999994279
primary_0p26,738,success,0.5213014315735202,0.03227813135372738,0.061918363155646035,1.9182759521330186,30.980727757789577
primary_0p26,739,success,0.5338503846821319,0.03369015799253625,0.06310786497343489,1.8731840019098713,29.682259139940538
primary_0p26,740,success,0.5295906900098902,0.033304899353410015,0.0628880000756585,1.8882507167588705,30.025612429830453
primary_0p26,741,success,0.4922510594124342,0.029481273957322633,0.059890727289672825,2.031483692881495,33.919836756295176
primary_0p26,742,success,0.5531968584039272,0.036164533309888024,0.06537371418599382,1.8076747631669141,27.651400653539813
primary_0p26,743,success,0.5157096413500337,0.031789855112989526,0.06164293347273766,1.9390756344639641,31.456576207904575
primary_0p26,744,success,0.5135926872925858,0.03135358637056957,0.061047571638627944,1.947068221067399,31.894278000001375
primary_0p26,745,success,0.5371422021123864,0.034169948218264176,0.06361434287584573,1.8617043979552546,29.26548186764562
primary_0p26,746,success,0.5161538542273685,0.03175169357991036,0.06151594785132336,1.937406825135311,31.494383047104954
primary_0p26,747,success,0.5248003814056796,0.03297599060965429,0.06283530229404176,1.9054864200393615,30.325093545703304
primary_0p26,748,success,0.5374022476848386,0.034196682068844846,0.06363330673841842,1.8608035308896838,29.242603068531547
primary_0p26,749,success,0.5413303114474082,0.03438985080704161,0.06352840415510833,1.8473009525851258,29.078346562505054
primary_0p26,750,success,0.4792260969041831,0.027999366805476458,0.058426214653904116,2.086697712123847,35.71509337862626
primary_0p26,751,success,0.5272039307547073,0.03290050432423503,0.06240565065047416,1.896799211205561,30.39467085808117
primary_0p26,752,success,0.4983880791764114,0.030176128641169073,0.06054745268192462,2.0064685368327924,33.13877707413095
primary_0p26,753,success,0.5419318541818154,0.0348299840975426,0.06427004397098479,1.8452504540626338,28.7108945326953
primary_0p26,754,success,0.4937629787200341,0.029589944016306068,0.05992742528613856,2.025263219596309,33.795265021418494
primary_0p26,755,success,0.4752573608231967,0.02753242128488759,0.057931604125391105,2.1041231181940936,36.32081572676265
primary_0p26,756,success,0.5268943496147184,0.033090361782474834,0.06280265067687961,1.8979136912954775,30.22028004932891
primary_0p26,757,success,0.48753146962661087,0.029098255563455643,0.059684876518312405,2.051149643254572,34.366321301263675
primary_0p26,758,success,0.507301523575656,0.030770981352402072,0.06065619739423681,1.9712142651408098,32.49815105171929
primary_0p26,759,success,0.520519480268905,0.03186486702313973,0.061217434180711267,1.9211576855555743,31.382525440128678
primary_0p26,760,success,0.5494134560270281,0.035344316616030894,0.06433099922891614,1.820122876551472,28.29309195205762
primary_0p26,761,success,0.46833608707951807,0.026672876331786572,0.05695242597706938,2.1352187618850125,37.491269691386115
primary_0p26,762,success,0.5163050037734674,0.031888078129449014,0.061762093910366474,1.9368396445732632,31.35968232204274
primary_0p26,763,success,0.5391469151636238,0.03409855136131876,0.06324537969575567,1.8547820118687195,29.326759057993165
primary_0p26,764,success,0.5495542915414198,0.03540544429077164,0.0644257443454122,1.8196564295679425,28.24424378881889
primary_0p26,765,success,0.5050911510220505,0.03029656693550067,0.05998237520929768,1.9798406643563302,33.00704010883253
primary_0p26,766,success,0.5113431929607777,0.03130407075349521,0.06121929691141184,1.955633738291896,31.94472718498908
primary_0p26,767,success,0.516180712867627,0.03145938846143781,0.06094646250276592,1.9373060152606807,31.787013318004476
primary_0p26,768,success,0.5226827331934297,0.032977325479207814,0.06309243329644078,1.9132064950573544,30.3238660342695
primary_0p26,769,success,0.5022625465503464,0.030130091530153363,0.05998872847894731,1.9909905822527039,33.1894112900131
primary_0p26,770,success,0.5416831135833045,0.03461815167253737,0.06390849336899905,1.8460977920926307,28.88657977639232
primary_0p26,771,success,0.5514653579436898,0.03566564876196835,0.06467432314326836,1.813350531625071,28.038183370053776
primary_0p26,772,success,0.552749541351184,0.03568279008474487,0.06455507859403932,1.8091376386410418,28.024714368608766
primary_0p26,773,success,0.5318107977415039,0.03372342562650834,0.06341245000990035,1.8803679884778643,29.652978053746377
primary_0p26,774,success,0.5402579352370119,0.03454408883053732,0.06393999343180916,1.8509677225958718,28.948512867301048
primary_0p26,775,success,0.46352962974599665,0.026468654103544518,0.057102399512300256,2.157359391562469,37.780538295903995
primary_0p26,776,success,0.5374147009148649,0.033942321101687045,0.06315852737914598,1.8607604114618668,29.461744734666855
primary_0p26,777,success,0.47909316558835663,0.027964146744483272,0.058368911838142246,2.0872766965313247,35.76007554020144
primary_0p26,778,success,0.5001113099446035,0.030285046319473683,0.060556611532797185,1.999554859318755,33.019596187871336
primary_0p26,779,success,0.5353885223119172,0.033690931363231626,0.06292800454097762,1.8678024618118358,29.681577787764674
primary_0p26,780,success,0.4764256425101234,0.027147426454966685,0.05698145530525225,2.098963428440465,36.83590419367533
primary_0p26,781,success,0.5005651354318366,0.03026762275351182,0.06046690153000768,1.997742010412495,33.03860392815205
primary_0p26,782,success,0.4831532658233001,0.0284304873577601,0.05884362037647441,2.069736604793482,35.173508896148064
primary_0p26,783,success,0.5431081219641299,0.0344547032647647,0.06343986007824845,1.8412539963194399,29.02361376661908
primary_0p26,784,success,0.5395961117872126,0.034437926579105396,0.0638216729639554,1.853237964758252,29.03775283052994
primary_0p26,785,success,0.5301255761967261,0.03316374593606721,0.06255828321657955,1.886345509255163,30.1534091452694
primary_0p26,786,success,0.509386178097641,0.03127377895470601,0.06139502856457825,1.9631471033128747,31.975668864587988
primary_0p26,787,success,0.541116900685952,0.034564703272302585,0.06387659159875862,1.8480295084709801,28.93124793006167
primary_0p26,788,success,0.5458923805566622,0.03520785385153213,0.06449596130217033,1.8318629012192313,28.402753664477718
primary_0p26,789,success,0.5561511198530187,0.03625025332552794,0.06518058137706936,1.7980724380529578,27.586014117473376
primary_0p26,790,success,0.48655216470861873,0.028831070756575917,0.05925586781397215,2.0552780822563386,34.68480267150382
primary_0p26,791,success,0.5219521710724422,0.03262663790541253,0.06250886520574363,1.915884357651631,30.649802253578418
primary_0p26,792,success,0.4965485576127744,0.02961638646222852,0.05964449198002584,2.0139017316003045,33.76509154063604
primary_0p26,793,success,0.5534131402831818,0.03555458591533887,0.06424600958543479,1.8069682976596824,28.12576702147957
primary_0p26,794,success,0.5020624179332767,0.030348202239884412,0.060447070236429534,1.9917842170231879,32.95088098120598
primary_0p26,795,success,0.5131274941223242,0.031691738127952236,0.061761917829328515,1.9488334019412543,31.55396513635824
primary_0p26,796,success,0.479388163959417,0.02790490588093873,0.05820941770957249,2.0859922609283608,35.83599257659849
primary_0p26,797,success,0.521870728741665,0.032089854531248276,0.06149004487878321,1.916183347571918,31.162497138347128
primary_0p26,798,success,0.5355578804976763,0.03407782501820993,0.06363051737104967,1.867211811113176,29.34459577351656
primary_0p26,799,success,0.5153961594532112,0.03167819512736672,0.061463778001323154,1.9402550478080973,31.56745502637877
primary_0p26,800,success,0.554094872989531,0.03551413337792949,0.06409395774827985,1.804745087433599,28.157803806116725
primary_0p26,801,success,0.5524951006072548,0.0356272685275523,0.06448431576749529,1.8099708013716076,28.068388100722665
primary_0p26,802,success,0.5040659886066101,0.030587343970027034,0.06068122956396968,1.9838672368359955,32.69326035565278
primary_0p26,803,success,0.5032384872741075,0.030367352836184323,0.0603438600268338,1.9871294133656217,32.930101131780134
primary_0p26,804,success,0.5105996015186948,0.031058170361325105,0.06082685977221226,1.9584817477837115,32.19764681454773
primary_0p26,805,success,0.5454444609034033,0.03502725930895475,0.06421782934772159,1.8333672292569074,28.549193391912027
primary_0p26,806,success,0.5459556709879636,0.034973813443126084,0.06405980430579158,1.8316505407671577,28.59282135836247
primary_0p26,807,success,0.5240651881423242,0.03243935554571541,0.06189946647802453,1.9081595622574015,30.826752972658234
primary_0p26,808,success,0.5322231182138976,0.03332599127788609,0.06261657965878242,1.8789112418790224,30.006609305679184
primary_0p26,809,success,0.5157318205116311,0.03171648096861007,0.061498010607811196,1.9389922440852132,31.52934907847135
primary_0p26,810,success,0.5397643019451869,0.034685346579304735,0.06426017143836059,1.852660497176692,28.830618650835603
primary_0p26,811,success,0.48473591554703604,0.028248238105545616,0.0582755211642752,2.062978970459567,35.400437941072255
primary_0p26,812,success,0.49987425961122006,0.03013375712148098,0.060282674176737314,2.000503088072099,33.18537399663136
primary_0p26,813,success,0.5171351450405772,0.03206867074114018,0.06201216654618184,1.933730494997656,31.183082332038243
primary_0p26,814,success,0.5015223845848154,0.03065547568584006,0.061124840342307266,1.9939289466169066,32.62059966865579
primary_0p26,815,success,0.47315995600870137,0.027347740992193177,0.057798088458039874,2.113450192267771,36.56609152051956
primary_0p26,816,success,0.5199598909311893,0.03197922020233181,0.061503244308057384,1.9232252668741683,31.27030595721292
primary_0p26,817,success,0.5395324849694424,0.03431915828036141,0.06360906754725834,1.8534565162589556,29.138243771329147
primary_0p26,818,success,0.49833924748020264,0.030084058918677284,0.060368632554618176,2.0066651484032003,33.240195503644735
primary_0p26,819,success,0.5429742593669771,0.034732781075020064,0.06396763838402403,1.8417079313591096,28.791244727569584
primary_0p26,820,success,0.4350915619768336,0.023559884348095684,0.054149255942936736,2.2983667976839435,42.445030086950695
primary_0p26,821,success,0.5300154079513025,0.03328564297144848,0.0628012742122145,1.886737602337552,30.042982821686
primary_0p26,822,success,0.52736111140214,0.032841315821884313,0.06227481532448667,1.8962338677973705,30.449449876598266
primary_0p26,823,success,0.5034484371131751,0.030578201771950426,0.060737504613757404,1.986300733664211,32.70303490891692
primary_0p26,824,success,0.48585581394317323,0.02876095007380709,0.0591964719746485,2.0582238007693414,34.76936601307587
primary_0p26,825,success,0.535522860158098,0.03383588712537108,0.06318289963454031,1.8673339168094116,29.554419433270084
primary_0p26,826,success,0.5512897255495889,0.035682246593760486,0.0647250346597487,1.8139282371045193,28.025141224568053
primary_0p26,827,success,0.5148815445685335,0.03157905055378521,0.06133265192142048,1.9421942979874949,31.666563195014596
primary_0p26,828,success,0.48389748553771306,0.028316481106617518,0.058517520658640916,2.0665534124212015,35.31512253357998
primary_0p26,829,success,0.5300308692207817,0.03302283192964726,0.06230360125665014,1.8866825652440538,30.282078839586724
primary_0p26,830,success,0.5155311725076318,0.031843756324980425,0.061768828003332846,1.9397469121718265,31.40333036701237
primary_0p26,831,success,0.5260042923612523,0.0331694563204197,0.06305928830261215,1.9011251705018675,30.14821799730201
primary_0p26,832,success,0.5497528227141228,0.03573898705306131,0.06500919245237956,1.8189993005638652,27.980647535289965
primary_0p26,833,success,0.5091675135412015,0.031163250886391936,0.06120431892768474,1.9639901867366105,32.0890783713669
primary_0p26,834,success,0.4923968058401621,0.02928140938115605,0.0594670985551867,2.0308823861960876,34.15136160227132
primary_0p26,835,success,0.47245596914651483,0.027319776727944355,0.057825021826472325,2.1165993559283125,36.60352022486107
primary_0p26,836,success,0.4895711734338198,0.028826462846831075,0.05888104612991033,2.042603924136436,34.69034703680029
primary_0p26,837,success,0.4877564998789949,0.028850636204129705,0.05914967040170068,2.05020332942377,34.6612807053752
primary_0p26,838,success,0.5377186223799174,0.03414395033081461,0.06349780147039559,1.8597086996430343,29.287765191525274
primary_0p26,839,success,0.5068218306724988,0.03074562829588169,0.06066358320651955,1.9730799651489088,32.52494925055566
primary_0p26,840,success,0.5446905332620813,0.034781479974942235,0.06385548830202802,1.8359048651187844,28.750932988487957
primary_0p26,841,success,0.5255857801156122,0.03286576438482492,0.06253168488994412,1.9026389941143989,30.426798789494427
primary_0p26,842,success,0.5301688969571537,0.03335800640200521,0.06291958391648365,1.8861913736158238,29.9778106625667
primary_0p26,843,success,0.5289546931935841,0.03314750735405473,0.06266606153719025,1.8905210840695295,30.168180953059693
primary_0p26,844,success,0.5482793641280537,0.03506980626999551,0.06396338903939627,1.8238877211626088,28.51455728900233
primary_0p26,845,success,0.4774469411534838,0.02774921229386383,0.05811999177714567,2.0944735714172946,36.03705897702651
primary_0p26,846,success,0.5460267221686428,0.03493845593105122,0.06398671440893386,1.831412199073923,28.621757125541986
primary_0p26,847,success,0.5570237326820712,0.035577674155268885,0.06387102033150771,1.7952556441087286,28.107514719365227
primary_0p26,848,success,0.49522434659431147,0.029603000599293126,0.05977694918045689,2.019286828034732,33.78035941477765
primary_0p26,849,success,0.48425667295676583,0.028502120340573114,0.05885746533247621,2.065020588966214,35.08510903929094
primary_0p26,850,success,0.5237822941741131,0.032521170108452215,0.06208909783735776,1.9091901561445008,30.74920111008248
primary_0p26,851,success,0.5159072162397627,0.031854044079545334,0.061743745923378376,1.9383330345494918,31.393188177388666
primary_0p26,852,success,0.5252157980486939,0.03314858196630125,0.06311421341371756,1.9039792856864672,30.167202959589552
primary_0p26,853,success,0.5213060705964851,0.03226820860978502,0.06189877776190735,1.9182588816888073,30.99025459060531
primary_0p26,854,success,0.5298022813906761,0.033221934166254546,0.06270628748341818,1.8874965909454062,30.10059543781043
primary_0p26,855,success,0.5248541584931682,0.03285731139974114,0.06260274567333705,1.9052911819751097,30.434626492533962
primary_0p26,856,success,0.5108442382305043,0.03150339047376728,0.061669268469956295,1.9575438561544032,31.74261515860317
primary_0p26,857,success,0.5263473527960636,0.03317567197609632,0.06302999682597517,1.8998860632390335,30.142569552789116
primary_0p26,858,success,0.47363136098026376,0.027409744725930683,0.057871473437065855,2.1113466767283384,36.48337516452538
primary_0p26,859,success,0.5320054757070732,0.033334453054903804,0.0626581014238621,1.8796799011719356,29.998992284437403
primary_0p26,860,success,0.48641332857799024,0.02851147207090336,0.05861572945432128,2.055864716790265,35.073601163530384
primary_0p26,861,success,0.5206700080447836,0.03240641480835483,0.06223983388259134,1.9206022712066575,30.85808800244654
primary_0p26,862,success,0.5009926760777186,0.03050483520074533,0.06088878472150188,1.996037163315479,32.78168832643183
primary_0p26,863,success,0.5047814245350928,0.030632663527045825,0.06068500550561804,1.981055465582964,32.64489224442047
primary_0p26,864,success,0.5020188786388782,0.030420348318140146,0.06059602459696081,1.9919569612826038,32.872733393512256
primary_0p26,865,success,0.46385141382772954,0.02660380738051697,0.0573541582227394,2.155862783187272,37.58860473228129
primary_0p26,866,success,0.4947893736712075,0.029787209284952244,0.06020179670379531,2.02106199771483,33.57145647427854
primary_0p26,867,success,0.5130881002644396,0.03134846179703449,0.061097620040063014,1.9489830293951695,31.899491798816054
primary_0p26,868,success,0.5621741675206665,0.036631674600094956,0.06516072191941888,1.7788081661778568,27.298779291881125
primary_0p26,869,success,0.47353261723179824,0.02706672917980903,0.057159165377112,2.1117869468968204,36.945727478071866
primary_0p26,870,success,0.49958451656254804,0.030130966922824003,0.060312051162321405,2.001663315910232,33.18844704059287
primary_0p26,871,success,0.5590128806311023,0.036239325954844345,0.06482735409232726,1.7888675460770092,27.594332224778135
primary_0p26,872,success,0.5321669860452327,0.03355844635435337,0.06305999288633247,1.8791094265945365,29.79875735130017
primary_0p26,873,success,0.511859475789462,0.03165218836033843,0.06183765243677467,1.9536612044891006,31.593392172941936
primary_0p26,874,success,0.47894719547621384,0.02809345994638843,0.05865669579389707,2.087912841844093,35.595473178039626
primary_0p26,875,success,0.539857313953534,0.034519068110909934,0.0639410955797128,1.8523413023280275,28.96949583885043
primary_0p26,876,success,0.49447831750072485,0.029451429806514624,0.05956060915951376,2.022333365504007,33.954208898163614
primary_0p26,877,success,0.523036949568435,0.03237104588972406,0.0618905526969631,1.9119108139972016,30.891803848619002
primary_0p26,878,success,0.4935936375468181,0.029596333061771014,0.059960929012104126,2.025958043077791,33.78796954044553
primary_0p26,879,success,0.554545234445641,0.035806701164110104,0.06456948674332182,1.8032794042485356,27.927733287039676
primary_0p26,880,success,0.49955097204036975,0.030166569556369656,0.06038737034812903,2.0017977262972635,33.149277982416486
primary_0p26,881,success,0.5318758347054555,0.03361854468933258,0.06320750539070834,1.8801380599548845,29.745487475467897
primary_0p26,882,success,0.5261843752715987,0.0328126414234863,0.06235958908234308,1.9004745237519332,30.476059122879093
primary_0p26,883,success,0.5204743374338938,0.03216788664396854,0.061804942780784515,1.9213243152973156,31.086903876151887
primary_0p26,884,success,0.47966940083075704,0.028084174071205656,0.05854902151891624,2.0847692145216334,35.607242622288375
primary_0p26,885,success,0.49344174419144393,0.029460744670398466,0.059704605492332204,2.0265816821773055,33.943473296001876
primary_0p26,886,success,0.5286975916309445,0.03324498889186873,0.06288091608156081,1.8914404298971093,30.079721285290802
primary_0p26,887,success,0.5224544148057346,0.0325540384720041,0.06230981603267482,1.914042587565907,30.718155010475346
primary_0p26,888,success,0.5172792633031935,0.032052811957891995,0.06196423137709435,1.9331917417572348,31.198510798793787
primary_0p26,889,success,0.4828188555370267,0.028560664870096522,0.05915399645759329,2.071170147006223,35.01319050338412
primary_0p26,890,success,0.5065147589698792,0.03069033486620038,0.060591195661537346,1.9742761336979457,32.58354802447306
primary_0p26,891,success,0.541707549213374,0.03449055479907761,0.06367006487017235,1.8460145173389644,28.99344489601377
primary_0p26,892,success,0.4725520099489744,0.02739290778433779,0.05796802723851634,2.116169181267431,36.50579952566268
primary_0p26,893,success,0.5222807184465131,0.03239108520530458,0.062018535360925366,1.9146791460623491,30.872692089866547
primary_0p26,894,success,0.5021396476377196,0.03040474665558193,0.06055038035458643,1.9914778781249982,32.88960146018558
primary_0p26,895,success,0.5295295834987109,0.033026949410588945,0.06237035746402136,1.8884686166026725,30.27830356258652
primary_0p26,896,success,0.5269058443975315,0.03300821247028343,0.06264537169449182,1.8978722871130955,30.295490884284572
primary_0p26,897,success,0.5094219925656296,0.031215586534533823,0.06127647999121725,1.9630090859714278,32.035278238123105
primary_0p26,898,success,0.4902044653613765,0.029125901050944186,0.05941582157859925,2.039965097549253,34.33370175401261
primary_0p26,899,success,0.517059339891621,0.032149533014908444,0.06217764680867614,1.9340139957816185,31.10465086806325
primary_0p26,900,success,0.4719198303780584,0.02722410195276816,0.057687980458373055,2.1190039825173117,36.73215747336413
primary_0p26,901,success,0.5255389391567337,0.0328077549732665,0.06242687749438506,1.9028085751449253,30.48059828582764
primary_0p26,902,success,0.5049945164100484,0.030595182563943748,0.0605851777984474,1.9802195222017303,32.68488422678982
primary_0p26,903,success,0.483365064046565,0.028245083455329462,0.05843426750554002,2.0688296990857102,35.40439176189843
primary_0p26,904,success,0.5101878935926216,0.03138036903833896,0.06150747485865624,1.9600621899477821,31.867056718748277
primary_0p26,905,success,0.5407402939939172,0.03450069279490663,0.06380270377131306,1.8493165963534595,28.984925199752247
primary_0p26,906,success,0.5216663672729881,0.032522889666383246,0.062344233223998534,1.9169340075103976,30.747575331033197
primary_0p26,907,success,0.5164764430862462,0.032179153438027554,0.062305171646819854,1.9361967295631535,31.076019508277522
primary_0p26,908,success,0.48566309678418473,0.028867853693817037,0.059440080757556746,2.0590405295800607,34.64060787498662
primary_0p26,909,success,0.5337002882817969,0.033911522438896134,0.06354038621202814,1.873710811023572,29.488502080726736
primary_0p26,910,success,0.5264427661508811,0.032946852684894036,0.06258392137437273,1.8995417247568276,30.351912808305812
primary_0p26,911,success,0.517345550835131,0.03212698909057469,0.06209967214120877,1.932944041725571,31.126477404425575
primary_0p26,912,success,0.5315783756793772,0.033617384068735115,0.06324069150813524,1.8811901419465424,29.74651442109148
primary_0p26,913,success,0.5137334871509338,0.031721025103721594,0.06174607242296048,1.9465345845874402,31.524832401544217
primary_0p26,914,success,0.5462982923811622,0.035060655512629664,0.06417859254110062,1.8305017861968382,28.52199952849646
primary_0p26,915,success,0.5197232797137791,0.03201184691505865,0.06159402159681619,1.9241008417993475,31.238435028551613
primary_0p26,916,success,0.5058933131194042,0.030851478750850772,0.06098416000127878,1.9767013598852878,32.41335717084302
primary_0p26,917,success,0.5015898180339258,0.030379640508199104,0.06056670094954825,1.9936608839463394,32.91678187337707
primary_0p26,918,success,0.5305629495408887,0.033337651993818794,0.06283448933376674,1.884790486907027,29.99611370907022
primary_0p26,919,success,0.5256250604243132,0.032860221468040664,0.06251646647424706,1.902496808642924,30.43193123249593
primary_0p26,920,success,0.5276937343151981,0.03323478947950233,0.06298120920960333,1.8950386085173554,30.08895243993507
primary_0p26,921,success,0.545098680996151,0.03494298064294767,0.06410395376318001,1.8345302141853121,28.618050938989484
primary_0p26,922,success,0.5453066372049042,0.035298548643982214,0.06473155878848848,1.833830604237154,28.32977667399032
primary_0p26,923,success,0.49918123637238354,0.02999724852809998,0.06009290081913731,2.0032804262979376,33.33639080475158
primary_0p26,924,success,0.5475734504655929,0.03549840216702241,0.06482856708417599,1.826239017157819,28.170282011424955
primary_0p26,925,success,0.5133055916948229,0.03162745440348923,0.061615253983620714,1.9481572306629633,31.618099491740228
primary_0p26,926,success,0.5199170369290439,0.03230260874839916,0.06213031398085861,1.9233837881263272,30.95725202223977
primary_0p26,927,success,0.521890554943271,0.03231849746765196,0.06192581406491434,1.9161105533107399,30.942032531088863
primary_0p26,928,success,0.505728524342341,0.0308394763733668,0.06098029849803518,1.9773454568346114,32.42597208503862
primary_0p26,929,success,0.5000311013022839,0.030214494684495816,0.06042523076225661,1.9998756025287112,33.096697808192616
primary_0p26,930,success,0.5320719928227077,0.03314501655201507,0.06229423273376346,1.879444912510573,30.17044805003135
primary_0p26,931,success,0.5387287952562556,0.03380855244568237,0.06275616366413225,1.8562215511876117,29.57831458790269
primary_0p26,932,success,0.5361649274255713,0.03384173535365847,0.06311814447869918,1.8650977504283266,29.549312100861126
primary_0p26,933,success,0.5148056603490535,0.0316870401775196,0.06155146032394992,1.942480584463602,31.558643356959884
primary_0p26,934,success,0.5361482656713062,0.0342931800689728,0.06396212067576984,1.8651557116349324,29.16031694898902
primary_0p26,935,success,0.5269510247340777,0.03307320786227264,0.06276334291021222,1.8977095651434461,30.235954255308954
primary_0p26,936,success,0.4933472217293529,0.029515491652652617,0.05982701503657119,2.0269699634562723,33.88051304610838
primary_0p26,937,success,0.4948889713765674,0.029542186980431172,0.05969457532718413,2.0206552536792888,33.84989745892553
primary_0p26,938,success,0.5228764905778199,0.03245493253811984,0.062069978518740763,1.9124975362631447,30.811957437454325
primary_0p26,939,success,0.5269433655002059,0.03298523026677487,0.06259729683751371,1.8977371487555226,30.316599032727474
primary_0p26,940,success,0.4989920928153873,0.03017608446837421,0.06047407344296033,2.004039772169238,33.13882558381759
primary_0p26,941,success,0.5189575175951431,0.03196559005027722,0.06159577415586202,1.9269400020140666,31.283639639598253
primary_0p26,942,success,0.5394752898578994,0.03438818999485931,0.06374377221970137,1.8536530195171779,29.079750930464495
primary_0p26,943,success,0.507755279142122,0.0306118492305627,0.060288588790810706,1.9694526892749398,32.66708889319909
primary_0p26,944,success,0.5225784978789139,0.03266387533662886,0.06250520346552293,1.913588109841651,30.614860903495202
primary_0p26,945,success,0.47153446596566556,0.02705971778893577,0.05738651093832472,2.1207357514197365,36.95530041369766
primary_0p26,946,success,0.5172746346374393,0.0320189651174623,0.061899352826191786,1.9332090403019775,31.23149034740746
primary_0p26,947,success,0.5456449980755448,0.03497878334321649,0.06410538622471466,1.8326934243453827,28.58875879666444
primary_0p26,948,success,0.5646690351163121,0.036521051928303724,0.06467691631219165,1.7709488883059035,27.38146759745993
primary_0p26,949,success,0.5206883311730359,0.032627889762903886,0.06266299398221185,1.9205346848221927,30.648626290779767
primary_0p26,950,success,0.5111050184550793,0.031353777053046865,0.06134507766685631,1.9565450619575346,31.894084030390303
primary_0p26,951,success,0.5240049411552633,0.03268204771352767,0.062369731937019925,1.908378951151338,30.59783795573135
primary_0p26,952,success,0.4813683251248183,0.028173590403962955,0.0585281351793506,2.0774113039961675,35.494233630206324
primary_0p26,953,success,0.5330763863791103,0.03384464723623797,0.0634893011602441,1.8759037645475927,29.54676977484596
primary_0p26,954,success,0.5135530444445614,0.03170214486518909,0.06173100365800941,1.947218521665197,31.543607041492695
primary_0p26,955,success,0.5167868323404445,0.032049915320826024,0.062017670178779724,1.9350338232713102,31.201330486829722
primary_0p26,956,success,0.5116340676666699,0.031557382745612934,0.06167959629727511,1.9545219194658887,31.68830596824506
primary_0p26,957,success,0.4986572004768088,0.030031487770750733,0.06022471497861669,2.0053856618210157,33.29838360435654
primary_0p26,958,success,0.5065359154916276,0.030776136151201148,0.06075805329880866,1.9741936739657087,32.49270782683912
primary_0p26,959,success,0.5017291546679999,0.030222091566182538,0.06023586886470819,1.9931072186979282,33.08837834105979
primary_0p26,960,success,0.5251895614637316,0.03273386412906209,0.06232771275543071,1.9040744016559394,30.549402785361064
primary_0p26,961,success,0.5200386853549215,0.032336660788010466,0.06218126016133012,1.922933866578617,30.92465256557264
primary_0p26,962,success,0.5210098008371675,0.032345487486055986,0.06208230139640886,1.9193496905301644,30.916213596443587
primary_0p26,963,success,0.5255466813442276,0.03246945108754872,0.061782239789811504,1.9027805435708014,30.798180027856297
primary_0p26,964,success,0.5543459911654188,0.03595469633226269,0.06485966689625375,1.803927539725991,27.81277835748775
primary_0p26,965,success,0.5307439183168936,0.03350036480257628,0.06311963952184954,1.884147826264729,29.85042120864
primary_0p26,966,success,0.5183030701616554,0.03201881016307614,0.061776230947444846,1.9293730976513535,31.23164149157525
primary_0p26,967,success,0.5100992163696025,0.031060789913343566,0.06089166365399364,1.9604029332117814,32.194931384227445
primary_0p26,968,success,0.5362474185612093,0.03390432687395953,0.06322515633721333,1.8648108417623204,29.494760468701635
primary_0p26,969,success,0.5347526977914656,0.033567405597844734,0.06277183029927381,1.8700232913831212,29.790803971582694
primary_0p26,970,success,0.5208001893223752,0.03258103822482686,0.06255957446409299,1.9201221898577312,30.69269902019257
primary_0p26,971,success,0.525642046714976,0.03247841155085202,0.06178807755929598,1.9024353288507752,30.78968312333509
primary_0p26,972,success,0.5237292860358359,0.03293003457629109,0.06287606107640478,1.909383390738198,30.36741421219091
primary_0p26,973,success,0.5096883711101945,0.031116242046682965,0.06104954283910009,1.9619831581046614,32.137556922835465
primary_0p26,974,success,0.5175452760336465,0.03217449431557224,0.06216749684617065,1.932198101900921,31.08051956285158
primary_0p26,975,success,0.5109150910985107,0.03105516769117369,0.060783422201138054,1.9572723871786901,32.20075994901853
primary_0p26,976,success,0.5255021239200866,0.032739272997458845,0.06230093373026505,1.9029418806917526,30.544355706298607
primary_0p26,977,success,0.5304006871867097,0.03330156681769135,0.06278567811502223,1.8853670897450847,30.02861713607881
primary_0p26,978,success,0.48685467377579444,0.02874752592934822,0.05904744778641477,2.054001027133034,34.78560215782272
primary_0p26,979,success,0.510993110812469,0.03130119993590402,0.06125562022966558,1.956973545905579,31.947657024258376
primary_0p26,980,success,0.5119851825546168,0.031229101200420363,0.060996103529009756,1.953181525704259,32.02141469209301
primary_0p26,981,success,0.5289718912505761,0.03330446095527625,0.0629607385688095,1.8904596190089353,30.026007667347496
primary_0p26,982,success,0.5556656725177732,0.036395999416997844,0.06549981619718231,1.7996432917457477,27.47554720349223
primary_0p26,983,success,0.5454303368175717,0.03518252697342976,0.06450416230734365,1.8334147048635228,28.423199980922668
primary_0p26,984,success,0.49666729170839535,0.02946560730405589,0.05932665145454317,2.0134202849563176,33.93787169159591
primary_0p26,985,success,0.5090486263306107,0.03125918213556593,0.06140706509885384,1.9644488724158393,31.990600255091913
primary_0p26,986,success,0.5353350968425065,0.03413445893848778,0.06376278921337004,1.8679888651018077,29.295908917204645
primary_0p26,987,success,0.5102710080187677,0.031186245208549263,0.06111702353938603,1.9597429293165332,32.06541836995062
primary_0p26,988,success,0.5148607423163799,0.031523537691552694,0.06122730886361036,1.9422727697220774,31.722327924761064
primary_0p26,989,success,0.5439586135922856,0.03480068349827888,0.0639767118833844,1.8383751539405386,28.73506780547734
primary_0p26,990,success,0.5376488897874027,0.03428134162732362,0.06376157800842695,1.8599499022408852,29.170386937335017
primary_0p26,991,success,0.5012256163339407,0.029923247155045112,0.05970015533904556,1.995109522362783,33.41883301697083
primary_0p26,992,success,0.4977115360499795,0.030121507425418484,0.060520010575751904,2.0091959449772157,33.198869693889726
primary_0p26,993,success,0.5025267814178016,0.03050941260224593,0.06071201323075427,1.989943694500529,32.77677000986855
primary_0p26,994,success,0.49418147709975185,0.02972290313834637,0.06014572483125814,2.0235481221772855,33.64408904962824
primary_0p26,995,success,0.5417282056423536,0.034445120884142706,0.06358376862304861,1.8459441276723836,29.0316879236259
primary_0p26,996,success,0.546117910675004,0.035151074556814224,0.06436535749828705,1.8311063974517807,28.44863244176826
primary_0p26,997,success,0.48306747914187836,0.027993970009084105,0.057950433878953364,2.070104163866301,35.721978685963364
primary_0p26,998,success,0.4955363596673725,0.029702944856923683,0.059940999842800054,2.0180153897712922,33.666695501638195
primary_0p26,999,success,0.49225034565169745,0.029230900669339904,0.05938218414177177,2.0314866385235044,34.21037248602104
sensitivity_0p28,0,success,0.5320210149756135,0.0294985480516848,0.055446208366481425,1.879624999485852,33.899973593543876
sensitivity_0p28,1,success,0.578510881191554,0.03386814284519078,0.05854365742513408,1.7285759568433845,29.52627206549054
sensitivity_0p28,2,success,0.5664644664914377,0.032822696532880224,0.05794308111888666,1.765335796248246,30.466722897012662
sensitivity_0p28,3,success,0.5326166658255582,0.029374752866282952,0.05515177190475622,1.8775229243906506,34.042839596033645
sensitivity_0p28,4,success,0.5361663090122109,0.02996545549773691,0.05588835962659203,1.8650929444677689,33.37176036171128
sensitivity_0p28,5,success,0.5977785662500736,0.035993725709734796,0.060212472881935424,1.6728602470193985,27.782619895043037
sensitivity_0p28,6,success,0.550890817834494,0.031572149035634184,0.057311082366087854,1.815241727809,31.67348535164145
sensitivity_0p28,7,success,0.5332169351058201,0.02938490582537602,0.055108725718819127,1.875409301847369,34.03107724566627
sensitivity_0p28,8,success,0.5353116559462328,0.02954392892822285,0.05519014689863258,1.8680706629344177,33.84790162572845
sensitivity_0p28,9,success,0.5777553369845898,0.03440971841729073,0.059557595083208244,1.7308364561704992,29.06155719941912
sensitivity_0p28,10,success,0.5403750500340755,0.030306653825354756,0.05608448025763523,1.850566564716378,32.99605445598198
sensitivity_0p28,11,success,0.5385389386657813,0.029616903502284877,0.05499491564279479,1.8568759437850095,33.76450208317194
sensitivity_0p28,12,success,0.5874777436588244,0.03475853521456982,0.059165705577360075,1.7021921439474077,28.76991201806535
sensitivity_0p28,13,success,0.5696371625272544,0.033095686274135075,0.058099591198198214,1.7555034428642196,30.215418158031053
sensitivity_0p28,14,success,0.5507104123649464,0.031150403028527333,0.056564034979394016,1.8158363770636625,32.102313382083906
sensitivity_0p28,15,success,0.5174463652145829,0.027926940773378327,0.053970696579919236,1.9325674451018786,35.80771729044025
sensitivity_0p28,16,success,0.577283132910003,0.03383236921621191,0.05860619735357189,1.7322522398309834,29.55749251875676
sensitivity_0p28,17,success,0.5438590881812649,0.03034920196021385,0.05580342890233848,1.838711573882362,32.94979556005939
sensitivity_0p28,18,success,0.5651691675999105,0.032651760359621945,0.05777342826092821,1.7693817308659536,30.626220117572196
sensitivity_0p28,19,success,0.5398794602914181,0.030180438238523646,0.055902179020170056,1.8522653176325996,33.134045042578464
sensitivity_0p28,20,success,0.5229137576520388,0.0283167396735014,0.05415183528665952,1.9123612361819469,35.314800062797936
sensitivity_0p28,21,success,0.586663710991932,0.03492102848120908,0.05952478025641733,1.7045540422283803,28.636040904067233
sensitivity_0p28,22,success,0.5686399721813122,0.03305804001578754,0.058135272990001666,1.7585819656046753,30.249827259039847
sensitivity_0p28,23,success,0.5774718114931323,0.03405093766557165,0.05896554080714052,1.7316862574025271,29.36776689738808
sensitivity_0p28,24,success,0.5512483106746903,0.03141151104623575,0.05698250758862228,1.8140645161815885,31.835463073650406
sensitivity_0p28,25,success,0.5385517114982167,0.030398145941505465,0.056444247214329245,1.8568319042531003,32.89674317388566
sensitivity_0p28,26,success,0.5604835202118674,0.03250841122738526,0.05800065489007921,1.784173778422587,30.761269537454194
sensitivity_0p28,27,success,0.5580456248758766,0.031973634241000984,0.057295735000364396,1.791968175043797,31.275769043409607
sensitivity_0p28,28,success,0.5487175368586057,0.030800863587785346,0.056132457081870445,1.8224312744312405,32.46662215005454
sensitivity_0p28,29,success,0.5445932374310126,0.030411820189849538,0.05584318368202656,1.8362328638476288,32.881951614779275
sensitivity_0p28,30,success,0.5859888631617178,0.034941135992413185,0.05962764514650909,1.706517073728116,28.61956177432615
sensitivity_0p28,31,success,0.5469346629392061,0.03099612798161591,0.05667245117550951,1.828371956946444,32.2620941748953
sensitivity_0p28,32,success,0.5710810572875923,0.033346807555883914,0.05839242456100361,1.7510649096813016,29.987878099699948
sensitivity_0p28,33,success,0.5918447093750272,0.03567098650828619,0.0602708547415315,1.6896324055274132,28.03398778353677
sensitivity_0p28,34,success,0.545182754491898,0.03077257170392134,0.056444506819737734,1.834247308376408,32.49647152085668
sensitivity_0p28,35,success,0.5772532567340841,0.03405388839893921,0.0589929775218685,1.7323418938468755,29.36522221148614
sensitivity_0p28,36,success,0.5652662748777141,0.032858226878139385,0.05812875867262329,1.7690777682010719,30.433778539197473
sensitivity_0p28,37,success,0.5536234361368285,0.031209236644532547,0.056372679708629886,1.806281914251999,32.04179619610103
sensitivity_0p28,38,success,0.5367577754134715,0.0300391202093357,0.055964015027441714,1.8630377533510103,33.28992304139504
sensitivity_0p28,39,success,0.541535092484901,0.030537643409252815,0.056390885527154024,1.8466023972913297,32.746469221557646
sensitivity_0p28,40,success,0.5817495849084906,0.0341806464511039,0.05875491334726182,1.7189526661326286,29.256322036814606
sensitivity_0p28,41,success,0.572032126637485,0.033318717925543515,0.05824623543680554,1.748153562419986,30.013159637014677
sensitivity_0p28,42,success,0.5899793036094741,0.03531799013516373,0.05986310014451256,1.6949747116246834,28.314181984109222
sensitivity_0p28,43,success,0.5025347817421615,0.02663004062590784,0.05299143779379449,1.9899120147131943,37.55157620852894
sensitivity_0p28,44,success,0.5633619807943152,0.032769280694231656,0.05816736274611296,1.77505766113298,30.516385432165713
sensitivity_0p28,45,success,0.5418366360343623,0.030497614150704382,0.056285625818720535,1.8455747239959275,32.78945018644692
sensitivity_0p28,46,success,0.5427407783196775,0.03035739956541991,0.05593351518455321,1.842500213630519,32.94089791337395
sensitivity_0p28,47,success,0.5461241723752974,0.0305746700428532,0.05598483200234952,1.8310854025205066,32.70681248884807
sensitivity_0p28,48,success,0.49924554850570063,0.026137923848835527,0.05235484608139089,2.003022366434944,38.25858571565741
sensitivity_0p28,49,success,0.5698081415966647,0.03296847041127834,0.057858896713720305,1.754976678988634,30.332010782578052
sensitivity_0p28,50,success,0.5627016593149213,0.03241813983214083,0.05761159451992607,1.777140663166839,30.84692721969674
sensitivity_0p28,51,success,0.5467394078785008,0.03091722449163276,0.056548373953141745,1.829024916788557,32.344429891196526
sensitivity_0p28,52,success,0.519679744869658,0.02807730163721669,0.0540280854014405,1.9242620284360175,35.6159581472919
sensitivity_0p28,53,success,0.5369745092235498,0.029957786799444178,0.05578996076138196,1.8622857935025112,33.380302980811436
sensitivity_0p28,54,success,0.5821779753250029,0.03375340101543754,0.057977804805471364,1.7176877903045824,29.62664412817652
sensitivity_0p28,55,success,0.5733773961555336,0.03360072125802048,0.05860140543263758,1.7440520095576653,29.76126590619838
sensitivity_0p28,56,success,0.545822010437488,0.031025265345364025,0.0568413599160221,1.8320990741990757,32.23179524391806
sensitivity_0p28,57,success,0.5410989088612099,0.030188626014657393,0.05579132672470547,1.8480909564289967,33.12505840823869
sensitivity_0p28,58,success,0.5776915439613542,0.033815482349789046,0.058535532851855615,1.731027588084095,29.572253018778493
sensitivity_0p28,59,success,0.5314755137701714,0.029612044941528495,0.055716668358749215,1.8815542279760322,33.77004195335328
sensitivity_0p28,60,success,0.5529881187711466,0.03142365683668773,0.056825193471638336,1.8083571166451202,31.82315811291831
sensitivity_0p28,61,success,0.574009193944501,0.03353613005443633,0.05842437788144352,1.7421323744453587,29.81858665197164
sensitivity_0p28,62,success,0.5139121701225702,0.02771375186369733,0.05392701997519826,1.9458577907612031,36.083169284268415
sensitivity_0p28,63,success,0.5303705993370704,0.029263791944797526,0.05517612020985969,1.885474046355391,34.17192146138732
sensitivity_0p28,64,success,0.556370934421264,0.031525436840697786,0.05666262360288553,1.7973620441553049,31.72041691454214
sensitivity_0p28,65,success,0.5663336475004827,0.03263175019254736,0.05761930327920266,1.7657435760942453,30.645000470381945
sensitivity_0p28,66,success,0.5990698500359916,0.03597970604476473,0.060059283642138056,1.6692544282439201,27.793445526092793
sensitivity_0p28,67,success,0.5543313669625536,0.03163915432610313,0.057076247551115816,1.8039751303980465,31.606407355046585
sensitivity_0p28,68,success,0.5661211580739198,0.03299907518511403,0.05828977545616704,1.7664063350012216,30.303879559967264
sensitivity_0p28,69,success,0.6059556046589847,0.03644036069954889,0.06013701403101392,1.6502859158514966,27.442099386584268
sensitivity_0p28,70,success,0.5466631380900651,0.03084317091913781,0.05642079878825901,1.8292801001615107,32.42208794360739
sensitivity_0p28,71,success,0.5387060249336183,0.02997125855864292,0.055635647591534006,1.8563000109813592,33.36529889271621
sensitivity_0p28,72,success,0.5639471371786872,0.032522593640447725,0.05766957839905287,1.7732158460858523,30.747855200463448
sensitivity_0p28,73,success,0.5778936448832918,0.03389634926808571,0.05865499572145535,1.7304222132464435,29.501702147656527
sensitivity_0p28,74,success,0.5829148087893158,0.03412586146832652,0.05854348003133457,1.7155165470524738,29.303289557338715
sensitivity_0p28,75,success,0.5257315799858492,0.02859671027078476,0.05439412688801095,1.9021113398341345,34.96905729823159
sensitivity_0p28,76,success,0.5311233226242853,0.029157215560090995,0.05489726080192623,1.8828018981712018,34.29682775912088
sensitivity_0p28,77,success,0.5724006379155859,0.03340512182272048,0.05835968657261849,1.7470281019279257,29.935529207375932
sensitivity_0p28,78,success,0.5610597152114908,0.032232767025664945,0.05744979750241887,1.7823414743349577,31.024329968437467
sensitivity_0p28,79,success,0.5452153534010288,0.030415668774985364,0.05578652285790155,1.8341376371043938,32.87779096353213
sensitivity_0p28,80,success,0.5645363351661908,0.032838444086737334,0.05816887601587274,1.771365167674487,30.452112693240426
sensitivity_0p28,81,success,0.5307351280687421,0.029003539874887567,0.054647861694074554,1.8841790322770524,34.47855000850569
sensitivity_0p28,82,success,0.5372206704915744,0.030055807741872533,0.05594685646471959,1.8614324707293326,33.27143986906865
sensitivity_0p28,83,success,0.5766482406543022,0.03363282028379956,0.05832467336696909,1.7341594571854335,29.732861876043305
sensitivity_0p28,84,success,0.499613930998033,0.02591097149353816,0.0518619875986608,2.001545469323467,38.59368994517964
sensitivity_0p28,85,success,0.5882333965861773,0.034797298662070056,0.05915559854985585,1.7000054838836374,28.737862950552124
sensitivity_0p28,86,success,0.5061192445863508,0.02699152942216277,0.053330375619727394,1.9758189610381165,37.04866013183006
sensitivity_0p28,87,success,0.5464994573529642,0.030888863850926856,0.05652130745113779,1.829827983441411,32.37412696129301
sensitivity_0p28,88,success,0.5874732323305943,0.03481859945652889,0.05926840158895119,1.7022052154322846,28.72028213680744
sensitivity_0p28,89,success,0.5662776905854275,0.03261813928340485,0.05760096119923719,1.7659180586227632,30.657788027435718
sensitivity_0p28,90,success,0.5220205052201247,0.0282475395030745,0.054111934724026076,1.9156335622837686,35.40131344505806
sensitivity_0p28,91,success,0.5673075179761629,0.03283682612832341,0.05788188079274342,1.7627124060817012,30.453613150433256
sensitivity_0p28,92,success,0.5378839224144071,0.029774829770349592,0.05535549312702803,1.8591371824450265,33.58541451665397
sensitivity_0p28,93,success,0.528409659237376,0.029097724999816388,0.05506660313857907,1.892471082839863,34.36694793171323
sensitivity_0p28,94,success,0.5327556202308494,0.02947481124051504,0.05532520000022383,1.8770332250398183,33.9272740999079
sensitivity_0p28,95,success,0.5690728203452039,0.03343313525275617,0.05875018812614417,1.757244353004581,29.910446401151134
sensitivity_0p28,96,success,0.6002563765424335,0.0359787144870958,0.059938912593213226,1.66595481377499,27.79421150132148
sensitivity_0p28,97,success,0.5569459555409917,0.03195932381989706,0.057383168872917376,1.7955063503938116,31.289773389305115
sensitivity_0p28,98,success,0.5738974779781253,0.0334925454982848,0.05835980603413874,1.742471501221889,29.857390207955717
sensitivity_0p28,99,success,0.5522129836768844,0.03136269675637347,0.05679456601608028,1.8108954869940699,31.885013197941333
sensitivity_0p28,100,success,0.5539893676792323,0.03162977254941904,0.057094548008966704,1.8050887947348009,31.615782201328777
sensitivity_0p28,101,success,0.5590488495342057,0.03207432386629702,0.05737302543958555,1.7887524512986488,31.17758628891247
sensitivity_0p28,102,success,0.5225454236166968,0.02854628096683077,0.054629281353672995,1.913709229484193,35.030832953754846
sensitivity_0p28,103,success,0.5261138355619888,0.028629942054391365,0.0544177706784867,1.9007293334755424,34.92846747996182
sensitivity_0p28,104,success,0.5589714880880214,0.03185439103620956,0.05698750600888151,1.7890000139730375,31.392846244126247
sensitivity_0p28,105,success,0.5822765259958611,0.034428278737164274,0.05912702504756133,1.7173970705580326,29.045890084552227
sensitivity_0p28,106,success,0.5478872478944627,0.03078949217630631,0.05619676729953234,1.8251930554014753,32.478612972043045
sensitivity_0p28,107,success,0.549879173499606,0.0313452049093445,0.057003804508277044,1.8185813323965005,31.90280627905177
sensitivity_0p28,108,success,0.5697722115724955,0.03333642183297786,0.058508332199939644,1.75508734839864,29.99722060784448
sensitivity_0p28,109,success,0.5748908981373565,0.033434507329347246,0.05815800430599071,1.739460484137068,29.909218944053254
sensitivity_0p28,110,success,0.5721105842422389,0.03360620218820365,0.05874074543248505,1.7479138256540054,29.756412057504583
sensitivity_0p28,111,success,0.5412747309587866,0.03031713221816168,0.05601061805427245,1.8474906416352572,32.98465015767366
sensitivity_0p28,112,success,0.5180434786079061,0.02806325450638257,0.05417162007674443,1.9303399063862638,35.633785802447285
sensitivity_0p28,113,success,0.5586344965857651,0.031904710002384755,0.05711195817189664,1.7900792129948129,31.34333457114181
sensitivity_0p28,114,success,0.5398212144967248,0.03015882387731487,0.055868170919203194,1.8524651739229991,33.157791698640764
sensitivity_0p28,115,success,0.5647144364400686,0.032489035914970564,0.05753179628234726,1.7708065093995997,30.77961447108413
sensitivity_0p28,116,success,0.5699870636281608,0.03310940535729084,0.05808799439506268,1.7544257822882177,30.202898216044087
sensitivity_0p28,117,success,0.5893054725215309,0.03532991126597007,0.05995177868415138,1.696912800964128,28.30462812294704
sensitivity_0p28,118,success,0.5674708023187953,0.03275653598279654,0.05772373811823799,1.7622052023008177,30.528258559610563
sensitivity_0p28,119,success,0.5737673800136706,0.03337812980728924,0.05817362744897414,1.7428665951281057,29.959737282273263
sensitivity_0p28,120,success,0.556728291492033,0.03182650560661462,0.05716703478696855,1.7962083394756139,31.420351714395135
sensitivity_0p28,121,success,0.6052643618839454,0.03652345677688598,0.060342982466707766,1.6521706265463916,27.379664693536185
sensitivity_0p28,122,success,0.5902971845383482,0.03521878134435133,0.059662797429560446,1.6940619508156163,28.393941011828566
sensitivity_0p28,123,success,0.5796236525644307,0.0343521928864105,0.05926637523231839,1.7252574072429532,29.11022313208987
sensitivity_0p28,124,success,0.5721898354396535,0.03326884557603934,0.05814302092674638,1.7476717307143879,30.058151483326885
sensitivity_0p28,125,success,0.6068653883303756,0.03681583193341231,0.06066556544722549,1.6478118858470854,27.162227429999948
sensitivity_0p28,126,success,0.5382302874470257,0.02994001730117631,0.05562677909336921,1.8579407798533134,33.40011429989091
sensitivity_0p28,127,success,0.5533118967170128,0.03154544527544004,0.057012049555792796,1.8072989320008106,31.700297499955028
sensitivity_0p28,128,success,0.5826489556012483,0.03447649253921865,0.05917198032843224,1.7162993091922356,29.005270732295415
sensitivity_0p28,129,success,0.5204319734822415,0.02854076570184614,0.0548405308591595,1.9214807140094414,35.037602370118464
sensitivity_0p28,130,success,0.5514335732671358,0.03121798200817301,0.05661240722651794,1.8134550532989786,32.03282005025807
sensitivity_0p28,131,success,0.5424150441176379,0.03036967047135886,0.055989727424987035,1.8436066824561046,32.92758809955095
sensitivity_0p28,132,success,0.591560166895211,0.035350863353015335,0.05975869460337987,1.690445124539868,28.28785226584014
sensitivity_0p28,133,success,0.5602355832459142,0.03239936029271422,0.057831671642485795,1.7849633795235962,30.86480692721807
sensitivity_0p28,134,success,0.5353593752752279,0.029594700183270622,0.05528006335567768,1.867904152207852,33.78983378129585
sensitivity_0p28,135,success,0.5788067413311986,0.03380362243289957,0.05840226109867788,1.7276923860632625,29.582628370228875
sensitivity_0p28,136,success,0.5415334516917543,0.03023799306040273,0.05583771965690952,1.8466079923151433,33.07097789203214
sensitivity_0p28,137,success,0.4970751820728122,0.026155218288599888,0.0526182340859026,2.0117681108720467,38.23328824733471
sensitivity_0p28,138,success,0.5398736478694834,0.030251905903640686,0.056035159380393024,1.8522852596090296,33.05576855835898
sensitivity_0p28,139,success,0.5766021476114757,0.034017312852073565,0.058996160512039944,1.7342980842898577,29.396795812431254
sensitivity_0p28,140,success,0.5321148328412216,0.029302428398321843,0.055067866163139696,1.8792936003315495,34.126864381563344
sensitivity_0p28,141,success,0.596064017813682,0.035845840452043407,0.060137568081232703,1.6776721461361228,27.897239606861962
sensitivity_0p28,142,success,0.5717466080653902,0.03320566178776725,0.05807758422935767,1.749026554584528,30.11534618377621
sensitivity_0p28,143,success,0.5261952900457011,0.02875371481670814,0.05464456896642086,1.9004351025512753,34.77811498008329
sensitivity_0p28,144,success,0.5697509232523409,0.03303322765558211,0.05797836617274211,1.7551529259340983,30.272548914275273
sensitivity_0p28,145,success,0.5675232644794739,0.032746092175127126,0.05769999967342569,1.7620423030890002,30.537995027069755
sensitivity_0p28,146,success,0.5270833129289911,0.028944950393927377,0.05491532303134562,1.897233275026334,34.54834043211209
sensitivity_0p28,147,success,0.5724932888207056,0.03326391320495526,0.05810358628566021,1.7467453671988489,30.06260850425235
sensitivity_0p28,148,success,0.5754689377972209,0.034145308187603855,0.059334754571298345,1.7377132531736612,29.28660050469367
sensitivity_0p28,149,success,0.5838126536088605,0.034139758722613454,0.05847725038430945,1.7128782560954467,29.291361082104576
sensitivity_0p28,150,success,0.5639499102503853,0.03250407578661638,0.057636458834056825,1.773207126774814,30.765372520197978
sensitivity_0p28,151,success,0.5420741801548614,0.0301671454742725,0.05565132334038536,1.844765968588131,33.148645132925544
sensitivity_0p28,152,success,0.5382820070646976,0.029736601426892807,0.055243535984138295,1.8577622637864006,33.628590760732756
sensitivity_0p28,153,success,0.5567609725122908,0.03205186788218837,0.05756845300696935,1.7961029047845563,31.19942973918574
sensitivity_0p28,154,success,0.5589646283758162,0.032134611693605465,0.05748952628179537,1.789021968895779,31.11909393941711
sensitivity_0p28,155,success,0.5461110405909128,0.030607478585369635,0.05604625490129478,1.8311294327944043,32.67175364383003
sensitivity_0p28,156,success,0.5656522992688316,0.03273685888730218,0.05787452632936912,1.767870476779836,30.546608134962987
sensitivity_0p28,157,success,0.5127715467791677,0.027502369890591648,0.05363474253464366,1.9501862111523596,36.36050289404668
sensitivity_0p28,158,success,0.5538997817617536,0.031517477321423036,0.05690104664995067,1.80538074382222,31.72842768479699
sensitivity_0p28,159,success,0.5792926926957428,0.03400106179092609,0.05869409750829395,1.7262430764429164,29.410846230304237
sensitivity_0p28,160,success,0.5915190232255183,0.03557288540376908,0.06013819337507057,1.6905627050623986,28.11129849742372
sensitivity_0p28,161,success,0.5633491838318835,0.03262858975086811,0.05791894385810496,1.7750979830982117,30.647968779386005
sensitivity_0p28,162,success,0.5777171258239283,0.03393909092596943,0.058746901223615616,1.7309509365397824,29.46454877596095
sensitivity_0p28,163,success,0.5129302291253242,0.027394906436463657,0.05340864094358195,1.9495828929896626,36.503136169465506
sensitivity_0p28,164,success,0.5909624079929874,0.03500751726944464,0.05923814577028063,1.692155011003452,28.565293342662226
sensitivity_0p28,165,success,0.6049278269783608,0.03658034913451473,0.060470600794205596,1.6530897660883628,27.337081893963337
sensitivity_0p28,166,success,0.55119728698162,0.031356769008622006,0.056888467612627454,1.814232442028231,31.891040806054836
sensitivity_0p28,167,success,0.558477435239434,0.03234234859374233,0.05791164790727187,1.7905826393348794,30.919214079384517
sensitivity_0p28,168,success,0.5460871331837925,0.030780431677188205,0.056365421938679265,1.8312095986766956,32.488173346220925
sensitivity_0p28,169,success,0.6027552361151204,0.036756100496423715,0.06098014300684342,1.6590482173911962,27.20636809928457
sensitivity_0p28,170,success,0.5766110046558095,0.03365593398900403,0.0583685252574982,1.7342714445710583,29.712442398024585
sensitivity_0p28,171,success,0.5618788463141295,0.032491420158461716,0.057826380849897205,1.7797431004208515,30.777355841110282
sensitivity_0p28,172,success,0.5638164940945246,0.03263931070093777,0.0578899536335057,1.7736267215913493,30.637901920253135
sensitivity_0p28,173,success,0.5702965902516703,0.03283119575177756,0.05756863413349401,1.7534735733887217,30.45883578412942
sensitivity_0p28,174,success,0.554178874631067,0.031624678334231465,0.05706583159685568,1.8044715267533955,31.620874983495757
sensitivity_0p28,175,success,0.5386981833290024,0.02990853073358186,0.05552001409909274,1.856327032365847,33.435276674329614
sensitivity_0p28,176,success,0.5420680788340227,0.030304784670324082,0.05590586469417098,1.844786732601889,32.99808960461773
sensitivity_0p28,177,success,0.5400105491196399,0.030268406678048,0.05605150997030246,1.851815675879415,33.03774825799617
sensitivity_0p28,178,success,0.6075741855261816,0.03730982144065111,0.06140784504914315,1.6458895453794884,26.802594099537682
sensitivity_0p28,179,success,0.5667516254703543,0.03270815819379098,0.05771162661712009,1.76444134442506,30.573412115569106
sensitivity_0p28,180,success,0.5579106553494851,0.03209369913246915,0.05752480047609969,1.7924016872801654,31.158764088627645
sensitivity_0p28,181,success,0.5922175563006074,0.03533686214354945,0.059668717631890994,1.688568650761856,28.299060509042526
sensitivity_0p28,182,success,0.5302978451239332,0.029345891359102462,0.055338507649873976,1.88573272396816,34.07632052348008
sensitivity_0p28,183,success,0.5506121573851219,0.030945551295221748,0.05620208504327864,1.8161604072620519,32.314822588228
sensitivity_0p28,184,success,0.5703755887662718,0.03305480172561655,0.057952693587596235,1.7532307127010995,30.252790753393867
sensitivity_0p28,185,success,0.5405069347775953,0.03040644831048147,0.056255426811485675,1.8501150228747285,32.88776083904834
sensitivity_0p28,186,success,0.5854987354600537,0.03474070842009855,0.05933524073762713,1.7079456187283706,28.784674967119262
sensitivity_0p28,187,success,0.5659117176013553,0.03278308392679017,0.057929678617970465,1.7670600712043025,30.503536587136182
sensitivity_0p28,188,success,0.5477503048777879,0.031056184196706388,0.05669770316902979,1.8256493717938076,32.199705980171686
sensitivity_0p28,189,success,0.5931447464771976,0.035475834724030264,0.05980974278998199,1.6859291192229133,28.188202131932645
sensitivity_0p28,190,success,0.5233788917811312,0.02864167491732195,0.05472455111792978,1.9106616940489536,34.914159276181806
sensitivity_0p28,191,success,0.5591899293898038,0.03208447963865845,0.057376712190917854,1.7883011610942539,31.167717577538777
sensitivity_0p28,192,success,0.5463835137490392,0.030529086735946228,0.05587483144663223,1.830216276363186,32.75564738143831
sensitivity_0p28,193,success,0.5724088632341856,0.03325959595968522,0.05810461384501302,1.7470029977346404,30.066510766159777
sensitivity_0p28,194,success,0.5527656165638487,0.03147574377053838,0.056942296748123955,1.8090850263377267,31.770496268177478
sensitivity_0p28,195,success,0.5622471417153809,0.03229908436490994,0.05744641807580818,1.7785772942287665,30.96062998883059
sensitivity_0p28,196,success,0.592285384767687,0.03527457435736562,0.059556719217715326,1.6883752760372968,28.349030944187476
sensitivity_0p28,197,success,0.5854802688360173,0.03465917280004737,0.059197849432146774,1.7079994890145176,28.852390845249293
sensitivity_0p28,198,success,0.570718973844554,0.03329709650822988,0.058342368195557784,1.7521758445556233,30.032648635079486
sensitivity_0p28,199,success,0.5058910858289125,0.026871077325459215,0.05311632894544964,1.9767100627232446,37.21473418754752
sensitivity_0p28,200,success,0.5904091845030479,0.03463893450944979,0.05866936934357764,1.6937405891504007,28.869248265335404
sensitivity_0p28,201,success,0.5616084857848772,0.03225920192237545,0.05744073093427626,1.7805998757345123,30.99890699113624
sensitivity_0p28,202,success,0.4918469375402844,0.025511942537886217,0.05186967853346993,2.0331528442587805,39.197328800618045
sensitivity_0p28,203,success,0.603175973065281,0.036384492991562295,0.06032152243508619,1.657890971548648,27.484236216563573
sensitivity_0p28,204,success,0.5701688011568582,0.03327587608672813,0.05836144667896982,1.7538665706910395,30.051800811905405
sensitivity_0p28,205,success,0.5236169435141086,0.02858488532231496,0.05459121534623288,1.9097930507916336,34.983523240491856
sensitivity_0p28,206,success,0.59182772528314,0.03540768562876007,0.059827689910641586,1.6896808940838042,28.242455903069388
sensitivity_0p28,207,success,0.5856749009576223,0.03456525495826915,0.05901781842068419,1.7074318847622207,28.930786166840267
sensitivity_0p28,208,success,0.5808816113302645,0.034048262003275515,0.05861480435798668,1.7215211852031629,29.370074745776975
sensitivity_0p28,209,success,0.562879673711901,0.03233543437042937,0.0574464417185184,1.77657863074983,30.925825475055195
sensitivity_0p28,210,success,0.5367863397291004,0.02963953864725197,0.055216641060966895,1.8629386144674795,33.738716783053405
sensitivity_0p28,211,success,0.5398857813667187,0.03003268585175305,0.05562785109051293,1.852243630992659,33.29705524628023
sensitivity_0p28,212,success,0.5432584910424768,0.03078451991048505,0.05666643120738272,1.8407443537257313,32.48385886503317
sensitivity_0p28,213,success,0.5609145824144695,0.03219699421882982,0.05740088638850702,1.7828026429540795,31.058799874404684
sensitivity_0p28,214,success,0.5644434843776593,0.03256186168352485,0.057688435750882505,1.7716565567278608,30.710774762180275
sensitivity_0p28,215,success,0.5799923334881475,0.0341468865769023,0.058874720587319816,1.724160721204491,29.285246774926236
sensitivity_0p28,216,success,0.5662062670049282,0.032832933604962235,0.05798758423964329,1.7661408187686065,30.457223592376895
sensitivity_0p28,217,success,0.5768463736190289,0.03424927165941646,0.05937329803174938,1.7335638147921126,29.197701193305846
sensitivity_0p28,218,success,0.5075147399303847,0.026990914579810652,0.053182523493825955,1.9703861214694358,37.049504085645374
sensitivity_0p28,219,success,0.565301172859508,0.03300675838312778,0.05838791774686591,1.7689685569580906,30.29682552865218
sensitivity_0p28,220,success,0.5172322906589724,0.028154949767129938,0.05443385936183437,1.9333673052893978,35.51773340996936
sensitivity_0p28,221,success,0.538640522697369,0.030255762055969974,0.05617060132137318,1.8565257492924319,33.051555540068875
sensitivity_0p28,222,success,0.557666243417245,0.03188363897304047,0.05717333503578265,1.7931872545704752,31.36404852801024
sensitivity_0p28,223,success,0.5875664048299255,0.03523572210688699,0.05996891894642304,1.7019352906833667,28.380289666450324
sensitivity_0p28,224,success,0.5398925026693512,0.030156814901097645,0.05585707293951204,1.852220571791186,33.16000059288761
sensitivity_0p28,225,success,0.5631881851744771,0.03245869385587171,0.057633833078042866,1.7756054305191036,30.808386943737172
sensitivity_0p28,226,success,0.6041965681040901,0.03639503724618896,0.06023708039321217,1.6550904999972154,27.476273570916955
sensitivity_0p28,227,success,0.5587200108779588,0.03182296887091911,0.056956916257417174,1.7898052343402286,31.423843704093663
sensitivity_0p28,228,success,0.5622286219262245,0.03232038753907019,0.05748620094853738,1.7786358804963505,30.940223064811942
sensitivity_0p28,229,success,0.48722295033321206,0.025090947300963805,0.0514978764522568,2.0524484721339573,39.855011769985566
sensitivity_0p28,230,success,0.5504306320054324,0.03119516019966219,0.056674099124909005,1.8167593550464514,32.056254675391244
sensitivity_0p28,231,success,0.5829833016612672,0.03484608958725592,0.059772020035494366,1.7153149964165413,28.697624664482433
sensitivity_0p28,232,success,0.5608200453881079,0.032251219284538016,0.05750725130058252,1.7831031686964105,31.00657966377796
sensitivity_0p28,233,success,0.5485111973800825,0.031149123437204992,0.056788491440076624,1.8231168384098917,32.103632130000314
sensitivity_0p28,234,success,0.535825164203725,0.02958786063502031,0.055219244282769024,1.8662803966776598,33.79764466026976
sensitivity_0p28,235,success,0.5885086860095896,0.035133236390764225,0.05969875589940186,1.699210264474678,28.463076639955624
sensitivity_0p28,236,success,0.5359643502006275,0.029765596071248745,0.05553652227075661,1.865795737394978,33.595833176205815
sensitivity_0p28,237,success,0.525386130554655,0.028857138088988717,0.05492558027469048,1.9033620071856308,34.65347107243387
sensitivity_0p28,238,success,0.574526324371727,0.033331769513293925,0.05801608751303757,1.7405642832703088,30.00140750406796
sensitivity_0p28,239,success,0.5315217188630561,0.029200505516150922,0.054937558485120504,1.8813906647860705,34.24598246927252
sensitivity_0p28,240,success,0.5334862349955598,0.029443659640782115,0.055191039073439585,1.8744626091586467,33.96316939538691
sensitivity_0p28,241,success,0.5414328561786788,0.03031286709884474,0.05598638271195194,1.8469510828319387,32.989291205585474
sensitivity_0p28,242,success,0.5114205064633512,0.027581996283975778,0.0539321281321212,1.9553380972447587,36.25553385274607
sensitivity_0p28,243,success,0.5784747946472355,0.033893314720013785,0.05859082372064724,1.7286837892562255,29.504343504340294
sensitivity_0p28,244,success,0.5269072031389892,0.02885284464700035,0.05475887305224305,1.897867393048747,34.65862767551981
sensitivity_0p28,245,success,0.5256270412126604,0.028739108735130053,0.05467585660894997,1.902489639218192,34.7957902667184
sensitivity_0p28,246,success,0.5640582112213527,0.032366868274039534,0.057382141825319234,1.7728666653654497,30.895791076644542
sensitivity_0p28,247,success,0.5520549599676609,0.031440116470558374,0.05695106239494728,1.8114138491909928,31.806497947818833
sensitivity_0p28,248,success,0.5276870673262194,0.028986194764535577,0.054930652197727886,1.8950625511195138,34.49918170092107
sensitivity_0p28,249,success,0.5636924733673274,0.0321976544515774,0.057119184613621685,1.7740169458469155,31.058162994572076
sensitivity_0p28,250,success,0.5445457158775028,0.030663995159757606,0.05631114939605101,1.8363931086824545,32.61153658517291
sensitivity_0p28,251,success,0.5571910340083851,0.03185329802785109,0.05716764284360637,1.7947166033991695,31.393923452624747
sensitivity_0p28,252,success,0.5320995608954726,0.029316430535964055,0.055095761565048675,1.8793475384890297,34.110564680555015
sensitivity_0p28,253,success,0.5811393379518293,0.03444477444417457,0.05927111140948043,1.7207577162551164,29.031979919645657
sensitivity_0p28,254,success,0.5406829567389506,0.0303506879795153,0.05613398314341364,1.849512708947499,32.948182284201714
sensitivity_0p28,255,success,0.558513359079073,0.031781734456785254,0.056904161628631114,1.7904674682247348,31.464613781848037
sensitivity_0p28,256,success,0.6035525530643314,0.036245712494507164,0.06005394610706553,1.6568565486515505,27.58947006908871
sensitivity_0p28,257,success,0.5400832577916155,0.029894701991366502,0.055352025007412854,1.8515663753195581,33.45074322161823
sensitivity_0p28,258,success,0.5392115987827084,0.030102023014737238,0.055825993140158243,1.8545595129213461,33.22035862873481
sensitivity_0p28,259,success,0.5575539387533255,0.031947865883684624,0.05730004518507955,1.7935484452606885,31.30099530406153
sensitivity_0p28,260,success,0.5787147455084839,0.03367580563246666,0.058190681840805066,1.7279670299766712,29.694909482311107
sensitivity_0p28,261,success,0.5568560733654011,0.03179671462245551,0.05710041812113083,1.7957961631924486,31.449790076543916
sensitivity_0p28,262,success,0.5494698433778743,0.030943171405270725,0.05631459447355128,1.8199360930392188,32.3173079741162
sensitivity_0p28,263,success,0.5782982175147237,0.033979171295555416,0.05875717798609728,1.7292116242335465,29.429793661000886
sensitivity_0p28,264,success,0.5506481006192145,0.031173689232983238,0.0566127245293824,1.8160418584491265,32.07833351151626
sensitivity_0p28,265,success,0.5520793522412493,0.03132167497211618,0.056734009060402504,1.811333816308017,31.9267727824339
sensitivity_0p28,266,success,0.5438725873615878,0.030363661079077328,0.05582862932359997,1.838665936172953,32.934104928771895
sensitivity_0p28,267,success,0.5655439736458554,0.03255351687712741,0.0575614247416815,1.7682090988493173,30.71864719791965
sensitivity_0p28,268,success,0.5449588838866409,0.030691163045885282,0.05631830942363254,1.835000822205174,32.58266878009592
sensitivity_0p28,269,success,0.5176261193070336,0.02799413874316854,0.05408177388854602,1.9318963296109153,35.721763372485675
sensitivity_0p28,270,success,0.5703533118629288,0.032873081648158,0.057636347443632066,1.7532991905205713,30.42002604754379
sensitivity_0p28,271,success,0.5557659248390996,0.031799211938964324,0.05721691546341304,1.7993186615201555,31.447320201500858
sensitivity_0p28,272,success,0.5427515350970394,0.03068393079765414,0.05653402858117777,1.842463697170766,32.590348563700076
sensitivity_0p28,273,success,0.5521517634901641,0.03142617137267352,0.05691582179150884,1.8110962712116987,31.82061181240631
sensitivity_0p28,274,success,0.5401485585818953,0.03023555985432547,0.05597637793148211,1.851342531812725,33.07363927831953
sensitivity_0p28,275,success,0.5576554954997575,0.03178401811301079,0.05699579466087162,1.7932218153859023,31.462353074567684
sensitivity_0p28,276,success,0.48278412856562525,0.024701082851524815,0.05116382538281222,2.0713191276006686,40.48405513275987
sensitivity_0p28,277,success,0.5456301960156885,0.030665070765592484,0.056201198154932706,1.8327431423374652,32.61039270524178
sensitivity_0p28,278,success,0.5909951973498482,0.03552102728619823,0.0601037494813533,1.692061127542523,28.152338949626948
sensitivity_0p28,279,success,0.5482139448053761,0.03095793236618088,0.05647053063776296,1.8241053688537867,32.301898853310426
sensitivity_0p28,280,success,0.5659226331209155,0.03271693940498493,0.05781168218093621,1.7670259881377446,30.565206226094446
sensitivity_0p28,281,success,0.56024459676716,0.03237490179213347,0.05778708438947893,1.7849346620572661,30.88812458553874
sensitivity_0p28,282,success,0.5909016364004468,0.035239432648277745,0.05963671527962467,1.6923290415840249,28.3773013595573
sensitivity_0p28,283,success,0.60483774624865,0.036538284606602,0.06041006010822122,1.6533359668807739,27.368553580627392
sensitivity_0p28,284,success,0.5309926986725203,0.0292380376693849,0.05506297495705662,1.883265066544222,34.20202173988914
sensitivity_0p28,285,success,0.5478356923163955,0.031110455157667753,0.056787930384974455,1.8253648201922243,32.143534864147796
sensitivity_0p28,286,success,0.5419109980199606,0.03026095534915933,0.05584119063781154,1.845321470968128,33.04588333255582
sensitivity_0p28,287,success,0.5529136381314546,0.031503130643998734,0.05697658453580937,1.808600712725142,31.742876963578777
sensitivity_0p28,288,success,0.5840154281864504,0.034402217464706564,0.05890635042217319,1.7122835317986567,29.067893691036222
sensitivity_0p28,289,success,0.5460058581456773,0.030697070102770504,0.05622113690688711,1.8314821811549038,32.57639887624803
sensitivity_0p28,290,success,0.5726239160603831,0.03263809646319394,0.05699743854176056,1.7463468988161335,30.639041744597527
sensitivity_0p28,291,success,0.5370359875079805,0.029853174226658823,0.05558877788653818,1.8620726045573244,33.4972754457381
sensitivity_0p28,292,success,0.5307807905973814,0.02942018336902686,0.055428123794599146,1.884016938281665,33.990270810235174
sensitivity_0p28,293,success,0.5823576779677181,0.03459167407270389,0.05939936121975782,1.717157750009837,28.90869051027209
sensitivity_0p28,294,success,0.5453819213549399,0.030746826563444834,0.05637668826105898,1.8335774635059643,32.52368168586571
sensitivity_0p28,295,success,0.5711537002827102,0.03336438319134751,0.05841577000172244,1.7508421980020774,29.972081134091912
sensitivity_0p28,296,success,0.5641230633718369,0.032473172767846274,0.057563987144489175,1.772662854843888,30.7946503148643
sensitivity_0p28,297,success,0.5286198743153837,0.029164679473657154,0.0551713639435679,1.8917185081153094,34.28805041054008
sensitivity_0p28,298,success,0.5718380400394574,0.03329038095649099,0.05821645050789892,1.748746900312891,30.03870701590812
sensitivity_0p28,299,success,0.5548512569443153,0.03177255519657802,0.057263194052323656,1.8022848240575577,31.473704076142496
sensitivity_0p28,300,success,0.5214114406732122,0.02833757644686294,0.05434782253775506,1.9178712279670458,35.2888328991417
sensitivity_0p28,301,success,0.5776211276819098,0.03419658330597975,0.05920244545627402,1.731238613125471,29.242687523847916
sensitivity_0p28,302,success,0.5777435098500462,0.03373999536095698,0.0583996094905752,1.730871888564444,29.638415456250275
sensitivity_0p28,303,success,0.5222579815318291,0.028512223369787374,0.05459413618947189,1.9147625031347746,35.072676971927685
sensitivity_0p28,304,success,0.6053650953753171,0.036943243909495924,0.06102638588138564,1.6518957033358774,27.068548783907932
sensitivity_0p28,305,success,0.5945665797131456,0.03509227883794642,0.059021613449711595,1.6818974259913155,28.496296995071965
sensitivity_0p28,306,success,0.5835645128350451,0.03436754323213798,0.05889244886597925,1.7136065987663438,29.097220981011933
sensitivity_0p28,307,success,0.5795914318563622,0.03408062310083271,0.05880111614430969,1.725353317934876,29.34218652755696
sensitivity_0p28,308,success,0.5387281029201995,0.03023585051918569,0.05612450947944042,1.8562239366750237,33.07332133307993
sensitivity_0p28,309,success,0.5739163029075642,0.03372756238906792,0.05876738858645061,1.742414346715398,29.649341048261732
sensitivity_0p28,310,success,0.5111580885412159,0.02732301711266261,0.053453163952935256,1.9563419271205909,36.59917921496886
sensitivity_0p28,311,success,0.5852994075669493,0.03440157035215235,0.05877602113960338,1.708527271805952,29.068440474184186
sensitivity_0p28,312,success,0.5802494882289008,0.034165145582365206,0.058880096019813304,1.7233966083318857,29.26959575188122
sensitivity_0p28,313,success,0.5406612864155469,0.030450384209304668,0.05632062989229972,1.8495868395345214,32.84030812637273
sensitivity_0p28,314,success,0.5900301113464437,0.03492270728486162,0.05918800856649214,1.6948287566510944,28.63466431290917
sensitivity_0p28,315,success,0.5695208565925362,0.03322307658479576,0.05833513593087815,1.7558619468003966,30.09956038982979
sensitivity_0p28,316,success,0.5622037747236929,0.03208037847368902,0.05706183401108541,1.7787144892285212,31.17170206767224
sensitivity_0p28,317,success,0.580750060086258,0.034262727780749375,0.058997372769381,1.7219111434124887,29.186234277641294
sensitivity_0p28,318,success,0.5334495934545601,0.029486608276440653,0.055275341172328324,1.8745913620893615,33.91370043732648
sensitivity_0p28,319,success,0.5616545104585033,0.03245776854371651,0.05778956269258801,1.7804539648113142,30.809265235012276
sensitivity_0p28,320,success,0.5350843653239535,0.029785830210928815,0.055665670950590614,1.8688641732123399,33.57301082153778
sensitivity_0p28,321,success,0.5817454085478425,0.033894771931527075,0.05826392685442155,1.7189650065244313,29.503075047094633
sensitivity_0p28,322,success,0.5255377606957842,0.02883085309583523,0.05485971751613948,1.902812841985042,34.685064527086624
sensitivity_0p28,323,success,0.5411946031515363,0.03027226816089042,0.055936012636870446,1.8477641760961843,33.033534014868685
sensitivity_0p28,324,success,0.5890558413154924,0.03496723678681113,0.059361497389995375,1.697631921901968,28.59819911126572
sensitivity_0p28,325,success,0.5841979437624413,0.034317016671461614,0.058742104517602194,1.7117485788458044,29.14006219053448
sensitivity_0p28,326,success,0.5047845682035037,0.026943631197670435,0.05337649542964657,1.981043128079245,37.11452226552376
sensitivity_0p28,327,success,0.5939527429674317,0.035215546028336014,0.05929014798786272,1.6836356289962164,28.396549614631986
sensitivity_0p28,328,success,0.5850057314701979,0.03454631205892036,0.05905294632259558,1.7093849618992039,28.94664988536122
sensitivity_0p28,329,success,0.528312154997054,0.029209945450651194,0.05528917927473025,1.8928203535381016,34.23491501171929
sensitivity_0p28,330,success,0.5939865570983427,0.03586637600558118,0.06038247091111021,1.6835397839389759,27.88126684012875
sensitivity_0p28,331,success,0.5601054218614314,0.03200479911342982,0.05714067006719268,1.785378182336891,31.24531406855108
sensitivity_0p28,332,success,0.5446513032593026,0.03069228483715769,0.056352173681562694,1.836037101198142,32.58147789601338
sensitivity_0p28,333,success,0.6018047325779785,0.0363835176261929,0.060457347137060816,1.6616685543768561,27.484973010968265
sensitivity_0p28,334,success,0.5633479203029108,0.032349861525991785,0.057424302744558536,1.775101964452629,30.912033400716137
sensitivity_0p28,335,success,0.5958366170682654,0.03574589131138053,0.05999277366883462,1.6783124288674411,27.975243120644386
sensitivity_0p28,336,success,0.5797229332689018,0.034153919089436366,0.058914210788335725,1.7249619475311573,29.279216753467537
sensitivity_0p28,337,success,0.5921567364489658,0.035352962780970866,0.05970203597273052,1.6887420820318297,28.286172397925906
sensitivity_0p28,338,success,0.5259806793667572,0.028897075417197098,0.054939423729379364,1.9012105182341068,34.60557809268423
sensitivity_0p28,339,success,0.5812892226099247,0.03407481623262504,0.0586193841331392,1.7203140211513126,29.347186883506854
sensitivity_0p28,340,success,0.5711488726001329,0.033356928923107855,0.05840321240809203,1.7508569971390104,29.97877899086971
sensitivity_0p28,341,success,0.6034664610097397,0.03641868807023148,0.06034915015706846,1.6570929200054756,27.45843008050026
sensitivity_0p28,342,success,0.5814883123933635,0.03419268248861961,0.05880201159656163,1.719725020583944,29.246023628968892
sensitivity_0p28,343,success,0.5233615879060344,0.02867837666608088,0.05479648741670714,1.910724866150365,34.86947715498632
sensitivity_0p28,344,success,0.5819629710303146,0.034919141087601996,0.060002341774049145,1.718322384377115,28.637588693584703
sensitivity_0p28,345,success,0.5678489714866395,0.033009742392117646,0.058131200459336056,1.7610316302624989,30.29408676145224
sensitivity_0p28,346,success,0.5637397253779683,0.03254476825473589,0.0577301311042356,1.7738682498018636,30.72690492593939
sensitivity_0p28,347,success,0.5830281236616737,0.03442735745983239,0.05904922260630141,1.715183126535233,29.046667353622336
sensitivity_0p28,348,success,0.5792887024555692,0.0339081415618333,0.058534097796312565,1.726254967102002,29.491442289057538
sensitivity_0p28,349,success,0.5200420539496732,0.028265822293159958,0.05435295487832868,1.922921410691864,35.37841530412472
sensitivity_0p28,350,success,0.5506421857999169,0.03127323190784136,0.05679410825091579,1.8160613657802152,31.976228198827854
sensitivity_0p28,351,success,0.5401977055404164,0.030355072832337234,0.05619252455352411,1.8511740974530708,32.943422851375956
sensitivity_0p28,352,success,0.5424350712849693,0.03055055957818217,0.05632113628975214,1.8435386149186659,32.73262466570841
sensitivity_0p28,353,success,0.5641770351700253,0.03244049135773377,0.057500552726250584,1.7724932736736287,30.825673661123552
sensitivity_0p28,354,success,0.5325463951920457,0.02931129401915927,0.05503988813704972,1.8777706675479084,34.11654222247411
sensitivity_0p28,355,success,0.5393796590846508,0.030454742999723276,0.056462535223160276,1.853981667935051,32.83560790544469
sensitivity_0p28,356,success,0.5492225513785477,0.030974318334842963,0.05639666153018931,1.820755534327572,32.28481057079799
sensitivity_0p28,357,success,0.5856374989580545,0.03445644363836231,0.058835787837469414,1.7075409306596052,29.02214780188874
sensitivity_0p28,358,success,0.5634343895868441,0.03265260158495928,0.057952801938310546,1.774829542678929,30.62543109767488
sensitivity_0p28,359,success,0.5522109336240159,0.03144695128914046,0.0569473535823754,1.8109022098444552,31.799584983785973
sensitivity_0p28,360,success,0.5448594459984701,0.030630757150510942,0.05621772252544732,1.8353357133553445,32.64692397534546
sensitivity_0p28,361,success,0.4895424485400841,0.025556311897834014,0.05220448599309043,2.0427237780548038,39.129276712449006
sensitivity_0p28,362,success,0.5521635357002946,0.031557625397805815,0.057152679156514924,1.8110576583651545,31.688062311226037
sensitivity_0p28,363,success,0.5686262610181166,0.032965507082977845,0.057973944122724136,1.7586243699148105,30.334737381193285
sensitivity_0p28,364,success,0.5639650125567713,0.03262349180567211,0.05784665906448953,1.7731596424154688,30.652758017341792
sensitivity_0p28,365,success,0.5167468417123333,0.027820475460691073,0.05383772713250252,1.9351835740037049,35.94474873058692
sensitivity_0p28,366,success,0.5374909692866565,0.029450891117064275,0.05479327616638974,1.8604963750873302,33.954829958288954
sensitivity_0p28,367,success,0.552975003984802,0.03160409172371413,0.05715283963284304,1.8084000050524598,31.641472526471944
sensitivity_0p28,368,success,0.594773153897284,0.03555420237931082,0.05977775248654035,1.681313276242286,28.12607042429126
sensitivity_0p28,369,success,0.5425567546419348,0.030239460551515735,0.05573511027702999,1.8431251504000887,33.06937299018304
sensitivity_0p28,370,success,0.5674923586631146,0.032899446702484895,0.05797337391465261,1.762138264479502,30.395647958555788
sensitivity_0p28,371,success,0.5793173481074021,0.03439425721987766,0.05937032152108306,1.726169608534847,29.074621196414864
sensitivity_0p28,372,success,0.5640839542181474,0.032726641915456815,0.058017324674334715,1.7727857573719805,30.556144519297572
sensitivity_0p28,373,success,0.596521143336887,0.03561206398860655,0.05969958380585772,1.6763865139902463,28.08037187397878
sensitivity_0p28,374,success,0.5942464925257066,0.03561596839709717,0.059934671630487504,1.6828033696080096,28.077293556940138
sensitivity_0p28,375,success,0.5522233482070198,0.03150107103456505,0.05704407670708591,1.8108614987881966,31.744952382816894
sensitivity_0p28,376,success,0.5813597064194865,0.03415958022711278,0.05875808015229827,1.7201054509932598,29.2743644199202
sensitivity_0p28,377,success,0.6067249489793274,0.037417533958007405,0.061671329028011194,1.648193306839064,26.72543843007587
sensitivity_0p28,378,success,0.5313746131881922,0.029249311561146588,0.05504461604903134,1.881911508719064,34.188838869231816
sensitivity_0p28,379,success,0.4772912985574556,0.024066741301164624,0.05042359115681114,2.0951565700492685,41.551117680880566
sensitivity_0p28,380,success,0.581924986401095,0.034434226053904594,0.0591729636269143,1.7184345463226844,29.040873415727813
sensitivity_0p28,381,success,0.555219650578737,0.03141889124517818,0.05658821911729616,1.80108899056012,31.827985023292914
sensitivity_0p28,382,success,0.5770640027533284,0.03386627447997709,0.058687206823492606,1.7329100329057603,29.527900997531766
sensitivity_0p28,383,success,0.5818964501199999,0.03439576241415806,0.05910976498836673,1.718518818586671,29.07334886079972
sensitivity_0p28,384,success,0.5738180617001016,0.03347507617810199,0.05833743901145672,1.7427126588473207,29.872971600708667
sensitivity_0p28,385,success,0.5456799921655017,0.03049000636815694,0.055875250707212096,1.8325758949518267,32.797631719892884
sensitivity_0p28,386,success,0.5192975357065109,0.0282371968465412,0.0543757574511193,1.9256783081773867,35.41428015799985
sensitivity_0p28,387,success,0.5409758926813548,0.030329777018729655,0.056064932705965284,1.8485112063746234,32.970898512787166
sensitivity_0p28,388,success,0.6028547434689463,0.03648126372114954,0.060514185409289614,1.6587743744799963,27.41133113270588
sensitivity_0p28,389,success,0.5764574569217257,0.034203594880723935,0.05933411819038759,1.734733392712075,29.236692911585397
sensitivity_0p28,390,success,0.5053871656747752,0.026770787351863074,0.052970849222337614,1.9786810348949704,37.354149762442695
sensitivity_0p28,391,success,0.5870761780175322,0.03476975432469259,0.05922528562154372,1.7033564594237998,28.76062886903476
sensitivity_0p28,392,success,0.5429808262956628,0.030739037975409188,0.05661164535977783,1.841685657341208,32.53192246289511
sensitivity_0p28,393,success,0.5589793854907288,0.031769215429566774,0.0568343238663024,1.7889747385265355,31.477012777260036
sensitivity_0p28,394,success,0.5874639380321258,0.03558567366283241,0.06057507764993464,1.7022321461122851,28.101196270016203
sensitivity_0p28,395,success,0.5537618633264535,0.03166842614153401,0.05718780623732634,1.8058303870782817,31.577192864929668
sensitivity_0p28,396,success,0.5181903072628429,0.028139071893587657,0.054302582466704864,1.9297929466920107,35.53777479874453
sensitivity_0p28,397,success,0.5393697107406943,0.030157265413107124,0.0559120484754203,1.8540158634913722,33.159505223751964
sensitivity_0p28,398,success,0.5546777540858598,0.031644464375039566,0.05705017758859182,1.8028485776359577,31.60110369220777
sensitivity_0p28,399,success,0.5312678435311068,0.02937856687863567,0.05529897439937092,1.8822897191620596,34.03842005401591
sensitivity_0p28,400,success,0.5697369057362983,0.032866317603678044,0.05768683276924693,1.7551961088208812,30.426286633586564
sensitivity_0p28,401,success,0.5814205904902147,0.03419884082063243,0.058819452527125456,1.7199253283356672,29.240757172000173
sensitivity_0p28,402,success,0.5407084665304474,0.03010342171572628,0.05567403430704585,1.8494254517904611,33.21881510491519
sensitivity_0p28,403,success,0.5530720813833109,0.03147085665821355,0.056901907938474355,1.808082587533364,31.775429911565844
sensitivity_0p28,404,success,0.5382434480900471,0.029854903684918818,0.05546728676560527,1.8578953511621787,33.495334989311964
sensitivity_0p28,405,success,0.5644370291739119,0.03269042225771402,0.05791686329573106,1.7716768183397908,30.589999484146404
sensitivity_0p28,406,success,0.5745717598206805,0.03360661881614729,0.058489854820981214,1.7404266445536627,29.7560431613406
sensitivity_0p28,407,success,0.5739917089958452,0.03388973206494512,0.05904219788162555,1.7421854433218624,29.507462557792856
sensitivity_0p28,408,success,0.46767391003479164,0.023341323313936017,0.04990939800811122,2.1382420069693584,42.84247240613588
sensitivity_0p28,409,success,0.5330284051674246,0.029700764215844305,0.055720790726931854,1.8760726263469945,33.66916732285748
sensitivity_0p28,410,success,0.5316792004827048,0.029446376598214644,0.05538372870610822,1.880833403097418,33.96003568264595
sensitivity_0p28,411,success,0.562501891846432,0.032673877638495746,0.05808669821756974,1.7777717986289172,30.605488918824218
sensitivity_0p28,412,success,0.5433173694375122,0.03045924262709455,0.0560616029239568,1.8405448753373816,32.83075722672321
sensitivity_0p28,413,success,0.5846740141407529,0.034902665155447765,0.059695940492141296,1.7103547888469395,28.6511071732273
sensitivity_0p28,414,success,0.5264874197211791,0.029023512364628096,0.055126696816418845,1.8993806167858427,34.45482364218373
sensitivity_0p28,415,success,0.5889280929443473,0.0350851613305289,0.059574609788302944,1.6980001667105022,28.502077860758273
sensitivity_0p28,416,success,0.584017239389276,0.03414352145055575,0.05846320818587587,1.7122782215225862,29.288133078134013
sensitivity_0p28,417,success,0.5924409358640405,0.035243131260028746,0.05948800821575353,1.6879319767827294,28.3743232864827
sensitivity_0p28,418,success,0.5809635811139073,0.0340139708319349,0.058547509581785485,1.7212782909432214,29.399684175101484
sensitivity_0p28,419,success,0.5727968689252738,0.033333425132937,0.0581941468979741,1.7458195989728051,29.999917380584233
sensitivity_0p28,420,success,0.5482946566715005,0.031135084145079334,0.056785313820290034,1.8238368509199783,32.11810815542769
sensitivity_0p28,421,success,0.5858518047466756,0.034697093899693304,0.05922503544167872,1.7069163086941475,28.820857530343176
sensitivity_0p28,422,success,0.5779613260574107,0.03423527537807048,0.059234543618355846,1.7302195751081568,29.209637981780435
sensitivity_0p28,423,success,0.5696489128341663,0.03315242576851915,0.05819799708486469,1.7554672316053654,30.163705274006798
sensitivity_0p28,424,success,0.5706434136529365,0.03317127940003567,0.058129610552572396,1.7524078541423362,30.14656106387397
sensitivity_0p28,425,success,0.563435682063003,0.0326820529695133,0.05800494006671522,1.7748254713626404,30.597833034932872
sensitivity_0p28,426,success,0.5732490365920727,0.03351688302960197,0.05846827624666864,1.7444425305011122,29.835709935103576
sensitivity_0p28,427,success,0.5475667789744898,0.030944267034935354,0.05651231634776915,1.8262612678454482,32.31616372981216
sensitivity_0p28,428,success,0.5272135374258223,0.029086900578329772,0.0551710047514139,1.89676464850013,34.379737274070955
sensitivity_0p28,429,success,0.5433947500791236,0.030577199518319415,0.05627069366030325,1.8402827775836814,32.7041068427761
sensitivity_0p28,430,success,0.5442753972865749,0.03092506403785554,0.05681877996328521,1.8373051675408991,32.336230533779805
sensitivity_0p28,431,success,0.5598242569929227,0.032292188700324576,0.05768272506407812,1.7862748666366595,30.967241312755885
sensitivity_0p28,432,success,0.5693566312675162,0.03299107829150662,0.05794448765453217,1.756368407923474,30.311225088312582
sensitivity_0p28,433,success,0.5883378068096329,0.034824805694880265,0.0591918542235523,1.699703789941155,28.71516380483392
sensitivity_0p28,434,success,0.5413032038661924,0.030532243709925105,0.05640506742219936,1.8473934624026267,32.7522605118906
sensitivity_0p28,435,success,0.5735124968246477,0.03356908598836192,0.058532440311628846,1.7436411683035244,29.78931271309235
sensitivity_0p28,436,success,0.5919069967942875,0.0355555370159055,0.06006946565671792,1.689454602523548,28.125014665160524
sensitivity_0p28,437,success,0.5421938602661521,0.030536684072528193,0.0563206010070611,1.8443587677461342,32.7474979806217
sensitivity_0p28,438,success,0.5863015650075433,0.03495748478721471,0.059623727572286025,1.705606908941364,28.606177077297573
sensitivity_0p28,439,success,0.5302057513391767,0.02921712277082891,0.05510525432255919,1.8860602652352074,34.22650504786955
sensitivity_0p28,440,success,0.5778476219145822,0.03364445435765622,0.058223748063861665,1.7305600336066118,29.722580410118535
sensitivity_0p28,441,success,0.5356742917276854,0.02967021151484015,0.05538852988286258,1.8668060338956092,33.70383792174282
sensitivity_0p28,442,success,0.5831728469887794,0.03444429420400043,0.059063611040627136,1.7147574774160237,29.032384698533264
sensitivity_0p28,443,success,0.5252661255702123,0.029052079686969975,0.055309258055489405,1.9037968590006284,34.42094372502034
sensitivity_0p28,444,success,0.5736589110240687,0.03359144608711812,0.05855647919275282,1.743196141091659,29.76948349905921
sensitivity_0p28,445,success,0.5608759640904463,0.03237624140934346,0.05772442301364603,1.7829253953174236,30.886846541470682
sensitivity_0p28,446,success,0.587537455193446,0.035330689890550986,0.06013351077152757,1.702019149861265,28.30400434007503
sensitivity_0p28,447,success,0.5796359472292554,0.03393778084912141,0.05855016586074237,1.725220812788003,29.46568617570315
sensitivity_0p28,448,success,0.5618450774406804,0.03230904561086972,0.05750525706845035,1.7798500692667902,30.95108447473207
sensitivity_0p28,449,success,0.5626181690062932,0.03263047509994546,0.057997549488275534,1.7774043838047724,30.646197977107338
sensitivity_0p28,450,success,0.5881099899615152,0.035010454658121595,0.059530453921404415,1.7003622061673158,28.562896705142435
sensitivity_0p28,451,success,0.601547676017024,0.03641803546884751,0.06054056381695151,1.66237862744515,27.458922128169537
sensitivity_0p28,452,success,0.582539676091212,0.03448591217268054,0.05919925043402684,1.7166212724082737,28.997348105299416
sensitivity_0p28,453,success,0.5926985727288203,0.03541689781942655,0.0597553283389312,1.6871982589665082,28.235109836511125
sensitivity_0p28,454,success,0.5988233526920747,0.036107376861337186,0.06029720901667011,1.669941553722634,27.695171649834617
sensitivity_0p28,455,success,0.5416987564960503,0.030566803335179495,0.056427678610339156,1.8460444813801071,32.71522995173966
sensitivity_0p28,456,success,0.5595077230877328,0.03248391313361629,0.05805802456907766,1.7872854274134773,30.784468480958363
sensitivity_0p28,457,success,0.5690580877909279,0.03276172073318346,0.0575718392130473,1.7572898469503877,30.5234272687981
sensitivity_0p28,458,success,0.5446692860397084,0.0307194875934623,0.05640025678118141,1.8359764826671285,32.55262630789517
sensitivity_0p28,459,success,0.5367379735472018,0.029955798017312435,0.05581084159061845,1.8631064863758109,33.38251911773698
sensitivity_0p28,460,success,0.5580043067066034,0.032030260943359944,0.0574014583012911,1.7921008637049756,31.220476216797906
sensitivity_0p28,461,success,0.5350267793228609,0.02978219888446806,0.05566487517159594,1.8690653227967713,33.577104359527915
sensitivity_0p28,462,success,0.5251316234230828,0.028651536835197326,0.05456067689931071,1.904284479158723,34.902141750788665
sensitivity_0p28,463,success,0.5859147040511682,0.03487566727926565,0.0595234545884002,1.7067330672634384,28.673286506392436
sensitivity_0p28,464,success,0.5664175385305338,0.03262055083591101,0.05759099713003068,1.7654820551537231,30.655521576880584
sensitivity_0p28,465,success,0.5208329475936454,0.02849460518823312,0.05470968248050361,1.9200014219918387,35.094362367686045
sensitivity_0p28,466,success,0.573080732420931,0.0333407727262895,0.0581781428690583,1.7449548439285065,29.99330604030935
sensitivity_0p28,467,success,0.5802162562545002,0.03425683553044782,0.05904149558233291,1.7234953161349724,29.191254373486718
sensitivity_0p28,468,success,0.5641946001739485,0.032521513882750985,0.057642369977883835,1.772438090849659,30.748876070323032
sensitivity_0p28,469,success,0.5661812986291662,0.03289528509301155,0.05810026783409725,1.7662187048939841,30.39949333688691
sensitivity_0p28,470,success,0.5940933497320248,0.035887599248667294,0.06040734047074414,1.68323715532427,27.864778389630942
sensitivity_0p28,471,success,0.5530477006290774,0.031676070092141996,0.05727547561649979,1.8081622956980492,31.56957277500386
sensitivity_0p28,472,success,0.49674199984644546,0.026182522229154747,0.05270849301498238,2.0131174740793476,38.19341739683431
sensitivity_0p28,473,success,0.5514735778568898,0.031418977124649895,0.05697276965969761,1.8133235029793306,31.827898025854115
sensitivity_0p28,474,success,0.5716862611854542,0.03326010448638636,0.058178946643597636,1.7492111808431259,30.066051067557783
sensitivity_0p28,475,success,0.5233001609655175,0.02847072761790298,0.054406112861446344,1.910949154219531,35.12379498763423
sensitivity_0p28,476,success,0.5604960566855399,0.03216284082589767,0.057382813745543035,1.7841338722585143,31.091780897500676
sensitivity_0p28,477,success,0.550927386308861,0.031065790838609882,0.05638817675546406,1.8151212389347076,32.1897486915787
sensitivity_0p28,478,success,0.560399218864911,0.0323252908885402,0.057682612324148314,1.7844421732519555,30.935529813113455
sensitivity_0p28,479,success,0.5620022775763684,0.03212017250847622,0.057153100245419426,1.7793522195541522,31.133083103339782
sensitivity_0p28,480,success,0.5547841748342064,0.03181968807164284,0.05735507520767323,1.802502748566762,31.427083689459003
sensitivity_0p28,481,success,0.543440129470108,0.030703942801074382,0.05649921883945683,1.8401291067243593,32.56910705178256
sensitivity_0p28,482,success,0.5270552972136693,0.029032315221462237,0.05508400233323616,1.897334122788634,34.44437663244806
sensitivity_0p28,483,success,0.526275749137777,0.02860618245619038,0.054355881879522804,1.9001445566100061,34.95747821407046
sensitivity_0p28,484,success,0.5465701933212896,0.031171120859949893,0.05703040751369077,1.8295911709407309,32.08097663516639
sensitivity_0p28,485,success,0.5563235028003185,0.03198519116118837,0.0574938700238031,1.7975152855602625,31.264468452307547
sensitivity_0p28,486,success,0.5297381090757012,0.02944226090066123,0.055578899075304854,1.8877252417139145,33.96478291439709
sensitivity_0p28,487,success,0.5861084659163714,0.03475792471993032,0.059302888016788576,1.7061688375999067,28.770417338138614
sensitivity_0p28,488,success,0.6130300675521255,0.03781411644259852,0.061683950664268544,1.631241358181784,26.445150490769517
sensitivity_0p28,489,success,0.47348726704542077,0.023810908110478906,0.0502883810562846,2.111989211959256,41.99755823508099
sensitivity_0p28,490,success,0.5730249911113013,0.0334136820664167,0.05831103806068835,1.7451245853355204,29.92786003087868
sensitivity_0p28,491,success,0.5502238705341768,0.031188084693098153,0.0566825366242647,1.8174420514129361,32.06352713994321
sensitivity_0p28,492,success,0.5650889810758971,0.03245223566097201,0.057428540898434806,1.7696328073785073,30.814518002611102
sensitivity_0p28,493,success,0.5581078755673347,0.032167738928009657,0.057637134927204015,1.7917683010358307,31.08704662885903
sensitivity_0p28,494,success,0.5838711753109593,0.03448107019974072,0.059055955590506276,1.7127065734447635,29.001420031548776
sensitivity_0p28,495,success,0.5382016062866911,0.030147328432338673,0.05601493581622588,1.8580397908870538,33.17043506008685
sensitivity_0p28,496,success,0.5927254177360545,0.03522433208638981,0.05942774011772766,1.687121844410776,28.389466620614392
sensitivity_0p28,497,success,0.4843048328057922,0.02496354276378324,0.051545103564543,2.0648152408609213,40.05841676650103
sensitivity_0p28,498,success,0.5498846359521117,0.03118623898170993,0.05671414864630965,1.8185632669451197,32.0654247723324
sensitivity_0p28,499,success,0.5940721530333877,0.035759550798153045,0.06019395222543499,1.6832972138045976,27.96455709537742
sensitivity_0p28,500,success,0.5443971236004279,0.030612688706017837,0.05623227489439618,1.8368943490854512,32.666193081021994
sensitivity_0p28,501,success,0.5641729568817739,0.03254554346588234,0.05768717388682363,1.7725060866566074,30.726173033438666
sensitivity_0p28,502,success,0.5490833677042083,0.031167033307185416,0.0567619329601969,1.8212170661463214,32.08518405149118
sensitivity_0p28,503,success,0.5497327351574762,0.031164295140184445,0.056689902469164645,1.8190657678654345,32.088003129920345
sensitivity_0p28,504,success,0.5561330883019762,0.031925484019590326,0.057406194112757096,1.7981307371105517,31.322939360492494
sensitivity_0p28,505,success,0.59443602167744,0.035181162650988945,0.05918410286057558,1.682266826929664,28.424302230156396
sensitivity_0p28,506,success,0.5675786502619359,0.03281468005192293,0.05781521210633813,1.761870358475434,30.4741657824392
sensitivity_0p28,507,success,0.5838748502050852,0.03472426444140737,0.0594721016485134,1.7126957937111889,28.798306201341386
sensitivity_0p28,508,success,0.5321102405670008,0.029385474135138128,0.055224410084319824,1.8793098192104511,34.0304190907791
sensitivity_0p28,509,success,0.546786387770714,0.03069556648073734,0.05613813212484183,1.8288677669483862,32.57799463083826
sensitivity_0p28,510,success,0.592018535967535,0.03553341400144978,0.06002077949025291,1.6891363010546647,28.142525228766356
sensitivity_0p28,511,success,0.5403190319599701,0.030255418959683582,0.055995471508627284,1.8507584239122001,33.05193034452888
sensitivity_0p28,512,success,0.548745320469154,0.031065545836614795,0.05661195581596043,1.8223390026270152,32.19000255972872
sensitivity_0p28,513,success,0.5378444145369675,0.030026033765436645,0.05582661631112444,1.8592737471502871,33.30443200763708
sensitivity_0p28,514,success,0.5727117460533094,0.03337954232048591,0.058283320624227,1.746079082350299,29.958469484055016
sensitivity_0p28,515,success,0.5930682056243697,0.03547044949917135,0.059808381502813514,1.6861467037289937,28.19248174521616
sensitivity_0p28,516,success,0.48470406069348404,0.025014867532981648,0.051608537170478724,2.063114549874542,39.976226085607614
sensitivity_0p28,517,success,0.49161573483094545,0.025773168420357574,0.05242543432671115,2.0341090187926456,38.800041333300925
sensitivity_0p28,518,success,0.5557594775709929,0.03172179179570604,0.05707827410222418,1.7993395350999835,31.52407046992103
sensitivity_0p28,519,success,0.5074496163155864,0.027072028603293198,0.05334919513754626,1.9706389912374929,36.93849525108563
sensitivity_0p28,520,success,0.5845797723777085,0.03441061438017934,0.05886384717045249,1.710630519993224,29.060800512065377
sensitivity_0p28,521,success,0.5320728083354429,0.02941356452870422,0.055281089482326205,1.8794420318686056,33.99791953213003
sensitivity_0p28,522,success,0.5592578194842922,0.03224331387387757,0.05765375601473049,1.7880840734996408,31.014181852137902
sensitivity_0p28,523,success,0.5405177100758143,0.029968359720614453,0.055443807227724365,1.8500781405658986,33.36852631651128
sensitivity_0p28,524,success,0.6108630711072459,0.03767619488426399,0.06167698894610276,1.6370280792836394,26.54195847197044
sensitivity_0p28,525,success,0.5122501865486268,0.02751056341589029,0.05370532630011795,1.95217108018578,36.349673573838665
sensitivity_0p28,526,success,0.5337556498486031,0.029767058071005846,0.05576907350666754,1.8735164682259466,33.594183127355635
sensitivity_0p28,527,success,0.5469900428140435,0.030673159577938997,0.05607626680028387,1.828186843869045,32.60179302556194
sensitivity_0p28,528,success,0.5862549972002815,0.034792713498679705,0.05934740627344029,1.7057423898740283,28.741650174481144
sensitivity_0p28,529,success,0.5686935799692218,0.03314068194787451,0.0582751117916051,1.7584161932232838,30.174394165239416
sensitivity_0p28,530,success,0.49327363486818937,0.025621244961713887,0.05194124143399696,2.0272723480694768,39.0301096412103
sensitivity_0p28,531,success,0.5354677467663728,0.029665699263353218,0.05540146804826419,1.8675261134566616,33.708964387545215
sensitivity_0p28,532,success,0.5732100836790067,0.03336296272400964,0.058203726127561715,1.7445610753770207,29.973357230661968
sensitivity_0p28,533,success,0.5607001893256066,0.03229207679443383,0.057592412860202113,1.7834843273421577,30.96734862752369
sensitivity_0p28,534,success,0.5647557426808776,0.0327579200349655,0.05800369533112615,1.7706769925933497,30.526968712684116
sensitivity_0p28,535,success,0.5594053237306932,0.0323158229482055,0.05776817198072084,1.7876125906899953,30.944593353007278
sensitivity_0p28,536,success,0.5404923284096768,0.030157261582682955,0.055795910501480174,1.8501650207364837,33.15950943550607
sensitivity_0p28,537,success,0.5076823832335393,0.0269699007716174,0.0531235702918038,1.9697354744334103,37.078371495247794
sensitivity_0p28,538,success,0.5659873235208703,0.03293773170605165,0.058195175646609865,1.766824023158755,30.360317732998897
sensitivity_0p28,539,success,0.6244442992419396,0.03916541629822763,0.06272043214386537,1.601423859924698,25.532730008164204
sensitivity_0p28,540,success,0.5850198577536365,0.03467008573137503,0.05926309213588318,1.7093436859388111,28.843309120953233
sensitivity_0p28,541,success,0.5852365093530985,0.03463486936580534,0.059180978650989514,1.708710895540963,28.872636689869832
sensitivity_0p28,542,success,0.523019882039453,0.02848217385942872,0.05445715323166284,1.911973204729083,35.10967965210144
sensitivity_0p28,543,success,0.5471055885587708,0.03043972973304189,0.05563776055227046,1.8278007406838592,32.851802850092795
sensitivity_0p28,544,success,0.6330913644987022,0.039675500550182013,0.06266947043512129,1.579550845385208,25.20447092369229
sensitivity_0p28,545,success,0.5584933990264559,0.03223692895496266,0.05772123540073496,1.7905314579244112,31.020324591001607
sensitivity_0p28,546,success,0.49156690576647283,0.02563407613869214,0.05214768496004091,2.0343110739742656,39.010573058671596
sensitivity_0p28,547,success,0.5489507512375681,0.031129519199295196,0.05670730776689173,1.8216570388975248,32.123849828770915
sensitivity_0p28,548,success,0.5721273980366611,0.03333980769219388,0.05827339820921757,1.7478624576128434,29.99417420857344
sensitivity_0p28,549,success,0.5797375527741015,0.03400461546877669,0.058655188552235824,1.724918448382205,29.40777262775425
sensitivity_0p28,550,success,0.5543506678083135,0.03169310875915105,0.05717158939205981,1.803912321335537,31.55260052270071
sensitivity_0p28,551,success,0.5523806336141539,0.03180805043889163,0.057583572817851585,1.810345872296665,31.438581937650046
sensitivity_0p28,552,success,0.5760099463607864,0.033684227478849915,0.05847855178832563,1.7360811324838574,29.6874850589313
sensitivity_0p28,553,success,0.5287653572535124,0.02915475378658858,0.05513741281770577,1.8911980262741719,34.2997237198418
sensitivity_0p28,554,success,0.5658822647957378,0.03269202373835774,0.057771776519906184,1.767152042414622,30.5885009751383
sensitivity_0p28,555,success,0.5864439944619779,0.03444092268249325,0.0587284088638173,1.7051926687687053,29.03522676261843
sensitivity_0p28,556,success,0.567103022707082,0.03290020584584159,0.05801451328683022,1.763348033707301,30.39494660567282
sensitivity_0p28,557,success,0.5517798088108066,0.03129418225976017,0.05671498260729267,1.812317130913499,31.95482124119462
sensitivity_0p28,558,success,0.5923004485255854,0.035614972128451265,0.06012990909783655,1.688332336214335,28.078078971768818
sensitivity_0p28,559,success,0.5484091731001016,0.03094306214562043,0.05642331248892579,1.8234560052070266,32.317422086215096
sensitivity_0p28,560,success,0.5465419500731107,0.030723067114165788,0.0562135570930209,1.8296857173840553,32.548833626670046
sensitivity_0p28,561,success,0.5402385536389794,0.030072936269304174,0.05566603136102863,1.8510341279127986,33.252489582160045
sensitivity_0p28,562,success,0.5821287385728303,0.0342514238787508,0.05883822874425154,1.7178330732333182,29.195866529227384
sensitivity_0p28,563,success,0.5520086875581667,0.03118349053537918,0.05649094160695304,1.8115656918798533,32.06825095046533
sensitivity_0p28,564,success,0.5472276235572098,0.03100744313525188,0.056662788573592936,1.8273931303021205,32.25032117734066
sensitivity_0p28,565,success,0.5782326204406498,0.034121474679345565,0.059009944221657444,1.7294077930745877,29.30705690177338
sensitivity_0p28,566,success,0.5673613397025267,0.03327140689194437,0.05864235816523718,1.7625451894983013,30.05583753183935
sensitivity_0p28,567,success,0.5728752256912057,0.033114508738388566,0.05780405095792731,1.7455808091429412,30.198243552401934
sensitivity_0p28,568,success,0.5567943194936024,0.03165765628385863,0.0568570029820902,1.7959953343444448,31.58793534914562
sensitivity_0p28,569,success,0.5610270198520781,0.03231444199947778,0.057598726720858986,1.7824453450809956,30.945915761632545
sensitivity_0p28,570,success,0.5758451871167418,0.03343996353767195,0.058071100159933484,1.7365778552513433,29.904338827207308
sensitivity_0p28,571,success,0.5726018697699903,0.03331363530648839,0.05817940364021204,1.7464141365827048,30.017738706686064
sensitivity_0p28,572,success,0.5699301772690138,0.03325547920390948,0.05835009362596445,1.754600896537521,30.070232753778544
sensitivity_0p28,573,success,0.587721823270167,0.03502536511981373,0.05959514132881381,1.701485227204699,28.550737346469614
sensitivity_0p28,574,success,0.553423297336918,0.031656004066283924,0.057200345953293145,1.8069351341225,31.5895840140189
sensitivity_0p28,575,success,0.5602585798279307,0.032493617823657735,0.057997537197265824,1.7848901132529282,30.77527425314662
sensitivity_0p28,576,success,0.6193233915289947,0.038428378531814335,0.06204896998471475,1.614665316501586,26.022435455404747
sensitivity_0p28,577,success,0.6042333162696856,0.036803089806671865,0.06090873974623018,1.654989840966785,27.171631655196368
sensitivity_0p28,578,success,0.5215377243258205,0.028525713735764853,0.054695398636099374,1.9174068401143494,35.056090419438796
sensitivity_0p28,579,success,0.5774624705417846,0.03365861417710382,0.058287102442388626,1.7317142689147988,29.710076438032534
sensitivity_0p28,580,success,0.5761475111763208,0.033769420506936695,0.05861245575458557,1.735666614194513,29.612589881268068
sensitivity_0p28,581,success,0.539575678882484,0.030087121952739507,0.05576070814580262,1.853308144042188,33.236811469398376
sensitivity_0p28,582,success,0.5488188273109629,0.031112392583599158,0.05668973263187772,1.8220949250223082,32.14153322708933
sensitivity_0p28,583,success,0.573296558574941,0.03340616983788034,0.05827031287422861,1.7442979293050833,29.934590072821443
sensitivity_0p28,584,success,0.5515191181394555,0.031240249631973686,0.05664400127662368,1.8131737724224146,32.009987493074405
sensitivity_0p28,585,success,0.5357905843988511,0.029732939942242947,0.055493584262222256,1.8664008459984134,33.63273197815378
sensitivity_0p28,586,success,0.5510235070223786,0.03141754683388346,0.057016708785542804,1.8148046086160663,31.829346997949298
sensitivity_0p28,587,success,0.5774445891599528,0.033856758531859925,0.05863204741620943,1.7317678938766519,29.536200255525905
sensitivity_0p28,588,success,0.5580589057668055,0.03188514742263758,0.057135809666589814,1.79192552912661,31.3625647310016
sensitivity_0p28,589,success,0.5285682331257308,0.029141802715589693,0.05513347357872284,1.8919033292758052,34.314967051267566
sensitivity_0p28,590,success,0.5686045258934083,0.03344966055845686,0.05882763684636482,1.7586915940015961,29.89566959139669
sensitivity_0p28,591,success,0.5491099051851506,0.031223632745204826,0.05686226464022124,1.8211290500447572,32.0270228695146
sensitivity_0p28,592,success,0.5455492385712437,0.031084404199605,0.05697818272281515,1.833015114490732,32.17047344959912
sensitivity_0p28,593,success,0.5617078943003967,0.032159892846780745,0.057253766901096646,1.7802847532443764,31.094630966722935
sensitivity_0p28,594,success,0.5431841010654981,0.030736909549932148,0.05658654126591573,1.8409964467634856,32.53417518685471
sensitivity_0p28,595,success,0.5465228459513235,0.03086540801726643,0.05647597030191759,1.829749675440038,32.39872932962978
sensitivity_0p28,596,success,0.5585164868719472,0.03190006949835987,0.05711571681083373,1.7904574412845813,31.347894086920864
sensitivity_0p28,597,success,0.5680032154709347,0.03316020352972794,0.058380309523837166,1.7605534137177274,30.15663034466919
sensitivity_0p28,598,success,0.5649164981760975,0.03250590186493645,0.05754107371600186,1.7701731197949135,30.763644219288143
sensitivity_0p28,599,success,0.5501354183529689,0.030835155086881703,0.056050117949500496,1.8177342643996,32.430516311086535
sensitivity_0p28,600,success,0.5659671682359882,0.032756309038133494,0.05787669475639137,1.7668869434896892,30.528470067730854
sensitivity_0p28,601,success,0.5873783725600827,0.03462095591276086,0.058941489047112466,1.7024801162519996,28.88424001116076
sensitivity_0p28,602,success,0.5584284794391045,0.031674747172157396,0.05672122454064678,1.790739614506083,31.57089130229951
sensitivity_0p28,603,success,0.5447231347189828,0.030725313468654418,0.05640537643862932,1.835794986963221,32.54645395303086
sensitivity_0p28,604,success,0.5823528219786944,0.034363481514609,0.059008010638379293,1.7171720686477334,29.10066023359328
sensitivity_0p28,605,success,0.5155408810319544,0.02785523297021666,0.05403108462409236,1.9397103833905613,35.89989719594946
sensitivity_0p28,606,success,0.5167696385228394,0.02794242931794182,0.054071344821676984,1.9350982051856815,35.787869000992714
sensitivity_0p28,607,success,0.5877961295207694,0.034829687443558424,0.05925470702223761,1.701270133941339,28.711139071244954
sensitivity_0p28,608,success,0.5851365898482633,0.03436094398280972,0.05872294534122391,1.7090026796295859,29.10280929709863
sensitivity_0p28,609,success,0.587969365348169,0.03481797908020875,0.059217335344658825,1.7007688817390085,28.720793866190252
sensitivity_0p28,610,success,0.569525959119886,0.03333888183569074,0.0585379495031461,1.75584621558839,29.995007178958716
sensitivity_0p28,611,success,0.5635936709449958,0.03265426468751696,0.057939374359482244,1.7743279450304463,30.6238713249078
sensitivity_0p28,612,success,0.5733474752251295,0.03306864248404582,0.05767644214542176,1.7441430253221957,30.240128559327964
sensitivity_0p28,613,success,0.5536404640288778,0.03135989988085864,0.05664307780657975,1.8062263598345663,31.88785690640476
sensitivity_0p28,614,success,0.5610906547200399,0.03214782600771461,0.05729524407023851,1.782243192945277,31.106302484031954
sensitivity_0p28,615,success,0.5581591575381942,0.032024295697165854,0.05737484598194462,1.7916036787976037,31.226291733513435
sensitivity_0p28,616,success,0.5806616304100684,0.033839602543621033,0.05827766253424255,1.7221733753852329,29.551174506584324
sensitivity_0p28,617,success,0.5389255835220498,0.030100160013053847,0.05585216388566998,1.8555437533039025,33.22241475016477
sensitivity_0p28,618,success,0.5948626542094977,0.03529197021371373,0.059327930512989756,1.6810603135422615,28.335057349998007
sensitivity_0p28,619,success,0.576461742795721,0.033457103699138145,0.05803872350119552,1.7347204953275916,29.889018756449023
sensitivity_0p28,620,success,0.5294797864903331,0.029057270879948263,0.05487890495793039,1.8886462250589755,34.414794291299955
sensitivity_0p28,621,success,0.4798977941654241,0.024444284571353128,0.05093643869287512,2.083777029521609,40.90935846704735
sensitivity_0p28,622,success,0.5109189634358129,0.027312753067626087,0.05345809222651296,1.9572575526953027,36.61293306917873
sensitivity_0p28,623,success,0.5113900433090817,0.027600098511060413,0.05397073891479551,1.9554545753946266,36.231754738094935
sensitivity_0p28,624,success,0.559608096743398,0.032047832649137326,0.057268350539667945,1.786964852401946,31.203358147432112
sensitivity_0p28,625,success,0.4942786327548912,0.025760884023031658,0.05211814210833239,2.0231503725468385,38.8185436146502
sensitivity_0p28,626,success,0.5566880567433103,0.03208692052176139,0.057638959796395835,1.7963381608186744,31.165346619093558
sensitivity_0p28,627,success,0.48798587893296963,0.025377167687093628,0.052003897618069124,2.049239625922375,39.40550073712844
sensitivity_0p28,628,success,0.5689185996214521,0.03301728690566546,0.058035168700117296,1.7577207014595435,30.287164504373898
sensitivity_0p28,629,success,0.5126846913248834,0.027496338933690297,0.05363206547602205,1.950516598059117,36.36847808763134
sensitivity_0p28,630,success,0.530029957427836,0.029143734292157608,0.05498506996394737,1.8866858108414577,34.31269273783811
sensitivity_0p28,631,success,0.5705298811509883,0.03326325316109957,0.05830238565944031,1.7527565742614526,30.063205037608036
sensitivity_0p28,632,success,0.569403956462921,0.032887479633852953,0.05775772939504426,1.7562224298754394,30.406708301558115
sensitivity_0p28,633,success,0.5413746159807651,0.030240087934771426,0.05585797161913083,1.847149774816058,33.068686908484636
sensitivity_0p28,634,success,0.5771111824012789,0.03362545916431566,0.058265131901282574,1.7327683650819932,29.73937084734979
sensitivity_0p28,635,success,0.559149356415733,0.03209097234235248,0.05739248730976367,1.7884309237342486,31.161411668422303
sensitivity_0p28,636,success,0.6179636725627792,0.038194359297958266,0.061806803528694616,1.6182180998647775,26.18187654880904
sensitivity_0p28,637,success,0.5637618586333167,0.03264952120538791,0.05791367526092943,1.7737986078452006,30.62832051071479
sensitivity_0p28,638,success,0.5671772016962553,0.03284646302875721,0.057912170888610094,1.7631174119998172,30.444678293808863
sensitivity_0p28,639,success,0.5641158636724289,0.03270435127916349,0.05797452861236015,1.7726854789899695,30.57697098052874
sensitivity_0p28,640,success,0.549009279119566,0.03089618070375442,0.05627624500864893,1.8214628386676412,32.36646010030886
sensitivity_0p28,641,success,0.561974580011909,0.03252166768321654,0.05787035364220097,1.7794399169777548,30.74873065368877
sensitivity_0p28,642,success,0.5366184909717316,0.030154293349865458,0.05619316862387798,1.863521322549205,33.16277348626582
sensitivity_0p28,643,success,0.6011235139469034,0.036267745653730046,0.06033326731074029,1.6635516275750426,27.572709082819777
sensitivity_0p28,644,success,0.5672479894417705,0.0326571962463301,0.057571286023363595,1.7628973898772236,30.621122292835423
sensitivity_0p28,645,success,0.5494465450593802,0.03090305075397419,0.05624396227777611,1.8200132642419788,32.35926471988848
sensitivity_0p28,646,success,0.5556148042111029,0.031783373390026605,0.0572039714369286,1.799808054826515,31.462991285682495
sensitivity_0p28,647,success,0.57357052706539,0.03344753848884801,0.05831460458747528,1.7434647577105977,29.897566313689044
sensitivity_0p28,648,success,0.5158753687984793,0.027994984793857466,0.054266953778119575,1.9384526970711764,35.72068380688728
sensitivity_0p28,649,success,0.5559413604282784,0.03162720216730434,0.0568894570875961,1.7987508596763406,31.61835165532862
sensitivity_0p28,650,success,0.592713576092288,0.034951087223339686,0.05896792081897185,1.6871555509035543,28.611413247603313
sensitivity_0p28,651,success,0.5678550440954567,0.03274621018904912,0.05766649522539852,1.76101279789266,30.537884971324612
sensitivity_0p28,652,success,0.5403653407902581,0.030456272462133678,0.05636237220098694,1.850599815557283,32.8339589568389
sensitivity_0p28,653,success,0.5402685793966716,0.030275462554276825,0.05603779991811854,1.850931255555745,33.03004861469032
sensitivity_0p28,654,success,0.5540556875124711,0.03147655427892824,0.05681117437896482,1.8048727276669119,31.769678190901697
sensitivity_0p28,655,success,0.5971630789979366,0.03587608653850315,0.06007753627150669,1.6745844396107672,27.873720254486894
sensitivity_0p28,656,success,0.5342792555901843,0.02973249221814269,0.05564972232601301,1.8716803797582664,33.63323843366896
sensitivity_0p28,657,success,0.5204205095283311,0.028281938717203255,0.05434439688557974,1.9215230408700124,35.35825496261764
sensitivity_0p28,658,success,0.5665388523497032,0.032815200686512634,0.0579222423147372,1.7651040098177369,30.473682289897123
sensitivity_0p28,659,success,0.5542380833868874,0.0317884052747716,0.0573551443461196,1.8042787566836096,31.458010911721807
sensitivity_0p28,660,success,0.5580860983213497,0.03198931945627688,0.05731968517491582,1.7918382181671784,31.26043370090457
sensitivity_0p28,661,success,0.6045808618073341,0.03667273748446096,0.06065811837779892,1.65403846395435,27.26821253591232
sensitivity_0p28,662,success,0.56091963209879,0.03228816447273066,0.0575629067428398,1.7827865932563374,30.97110090741025
sensitivity_0p28,663,success,0.5759954575259444,0.033295890358786696,0.057805821076786806,1.7361248026074187,30.033736573021322
sensitivity_0p28,664,success,0.608705954203183,0.037122800356326875,0.06098642554749099,1.6428293383609733,26.937622981062876
sensitivity_0p28,665,success,0.5574669377174274,0.03172374427649289,0.056906952018333394,1.7938283552645176,31.522130278328913
sensitivity_0p28,666,success,0.5837955965067242,0.0345005386288985,0.05909694906117902,1.7129283022751987,28.985054719185612
sensitivity_0p28,667,success,0.5900865970780441,0.03550154964613281,0.06016328759529072,1.6946665200527191,28.167784504272486
sensitivity_0p28,668,success,0.5443460728102786,0.030714561713976192,0.056424696067718605,1.8370666198386094,32.55784696888464
sensitivity_0p28,669,success,0.5932368933647496,0.035096145559122854,0.059160423014258,1.6856672455554,28.49315741283906
sensitivity_0p28,670,success,0.5777845351475399,0.03412876660051393,0.05906832828573197,1.7307489888850096,29.30079518270495
sensitivity_0p28,671,success,0.5434049563139836,0.03058416329602534,0.05628245186330906,1.8402482133824931,32.696660370302105
sensitivity_0p28,672,success,0.5846909223803952,0.03440304662931594,0.05883971396247126,1.7103053283755414,29.067193111550417
sensitivity_0p28,673,success,0.5293246351944898,0.02915972132894035,0.05508853998118979,1.8891998095508438,34.29388054568008
sensitivity_0p28,674,success,0.6000546174425482,0.03632781890119879,0.06054085385765233,1.6665149653577065,27.527113662389482
sensitivity_0p28,675,success,0.574156044214963,0.03337538409110447,0.05812946572170681,1.7416867941663638,29.96220200104093
sensitivity_0p28,676,success,0.5827831654975545,0.03454520653194134,0.059276260154920865,1.7159040603828084,28.947576245502415
sensitivity_0p28,677,success,0.60547360245334,0.03642977553187402,0.0601674051259426,1.651599666687473,27.450073062488563
sensitivity_0p28,678,success,0.5562114320608562,0.03165234575912213,0.0569070391844427,1.7978774659392258,31.5932350673189
sensitivity_0p28,679,success,0.6062522702585094,0.03718026352220395,0.06132804006878206,1.6494783591879902,26.895990110527396
sensitivity_0p28,680,success,0.5544376577787111,0.031396537700704504,0.05662771505545099,1.8036292917158292,31.85064574739912
sensitivity_0p28,681,success,0.5679075107487305,0.032890306800122344,0.057914900186404814,1.760850105119402,30.404094619034694
sensitivity_0p28,682,success,0.6048151935692853,0.03655293041037819,0.06043652804861428,1.6533976173755693,27.357587716580934
sensitivity_0p28,683,success,0.5427779368240645,0.030671035299836103,0.05650752033013785,1.8423740763142682,32.60405102808328
sensitivity_0p28,684,success,0.6026614249502714,0.03628521189128945,0.06020828675783177,1.659306467279725,27.559436692722134
sensitivity_0p28,685,success,0.5305692313911848,0.029235809638672665,0.05510272346930973,1.8847681713052584,34.20462824047178
sensitivity_0p28,686,success,0.5894566547026642,0.035309706051627546,0.0599021247277946,1.6964775815524953,28.320824833202103
sensitivity_0p28,687,success,0.5647558150566269,0.03242177613983821,0.05740848571269221,1.7706767656739084,30.84346754128783
sensitivity_0p28,688,success,0.5584305902510059,0.031945371985611565,0.05720562688238947,1.7907328456890506,31.30343889720262
sensitivity_0p28,689,success,0.5667068789288375,0.03306092688532923,0.05833867227413831,1.7645806627407674,30.247185853816745
sensitivity_0p28,690,success,0.5361602081364589,0.0298474679997597,0.05566893541671257,1.8651141670429383,33.50367944135331
sensitivity_0p28,691,success,0.5886430167814254,0.03485742657781661,0.05921658048100119,1.6988224976621433,28.688291081029014
sensitivity_0p28,692,success,0.5826380672840533,0.03432500504100393,0.05891308338469665,1.7163313833259548,29.13328049931591
sensitivity_0p28,693,success,0.5726188456739715,0.03338042398375068,0.0582943160811656,1.7463623622498865,29.95767820345218
sensitivity_0p28,694,success,0.5542150019390357,0.03167233769924882,0.05714810603905813,1.8043538996622128,31.57329305767402
sensitivity_0p28,695,success,0.5305107358167794,0.029104589070151482,0.0548614516261236,1.8849759910332264,34.358842778699824
sensitivity_0p28,696,success,0.5343377017709338,0.0297576302678802,0.055690680573831294,1.8714756542271687,33.60482642595974
sensitivity_0p28,697,success,0.5379550658364669,0.029853125628329123,0.0554937159703301,1.8588913154765054,33.497329976431345
sensitivity_0p28,698,success,0.5322743616345385,0.029389269973751728,0.055214513589385526,1.8787303542653135,34.02602381389958
sensitivity_0p28,699,success,0.5487780136309163,0.03124455667737191,0.05693478219115682,1.8222304377386291,32.00557493344833
sensitivity_0p28,700,success,0.5836309710096624,0.03407378461563233,0.058382413388182265,1.7134114700425045,29.3480753981529
sensitivity_0p28,701,success,0.5504791582355522,0.03127855680213018,0.05682060135098878,1.8165992027841609,31.970784532229327
sensitivity_0p28,702,success,0.5763432681358033,0.034010052988308614,0.0590100637391237,1.7350770891009537,29.40307091975901
sensitivity_0p28,703,success,0.5337099533867236,0.0295515211876442,0.055370002002251055,1.8736768794630387,33.83920555731359
sensitivity_0p28,704,success,0.5470237357013338,0.03121180302221711,0.057057493094336685,1.8280742401751722,32.03916157256864
sensitivity_0p28,705,success,0.5861633756553274,0.03524618811020921,0.06013031447214553,1.7060090096587928,28.37186242305578
sensitivity_0p28,706,success,0.56549853494474,0.032656760210541314,0.05774862036332685,1.7683511772452587,30.621531148616782
sensitivity_0p28,707,success,0.5493297642075422,0.031110994566746538,0.056634460016247175,1.820400177009506,32.14297755266446
sensitivity_0p28,708,success,0.5353416571520876,0.029639793296130305,0.05536612535218757,1.8679659739535375,33.738426918468335
sensitivity_0p28,709,success,0.540127715265494,0.030370006986993374,0.05622745533816076,1.8514139743939277,32.9272232445739
sensitivity_0p28,710,success,0.5481272014199108,0.03081082637049589,0.05621108802971493,1.8243940410355903,32.45612396029693
sensitivity_0p28,711,success,0.5638845250927753,0.03234515034160408,0.0573613016535298,1.7734127387792227,30.916535846604056
sensitivity_0p28,712,success,0.5741512221409579,0.033413415108700655,0.05819619260602643,1.7417014219199787,29.92809914062349
sensitivity_0p28,713,success,0.5611694357373801,0.03239180352756295,0.057721966779961775,1.7819929887770773,30.872007455499553
sensitivity_0p28,714,success,0.5235142307352253,0.02863820932790828,0.05470378386407696,1.910167749586475,34.91838433576529
sensitivity_0p28,715,success,0.5579029026186592,0.031671355034179116,0.056768579058329965,1.7924265948541327,31.57427268018117
sensitivity_0p28,716,success,0.607268230907199,0.03654775136755412,0.06018386852372531,1.6467187794528597,27.361464456272042
sensitivity_0p28,717,success,0.5274206350241827,0.02880052813363965,0.05460637339742902,1.8960198626929892,34.72158549870403
sensitivity_0p28,718,success,0.5419268427116737,0.030251906120037073,0.055822859721551515,1.845267518021873,33.05576832190614
sensitivity_0p28,719,success,0.5692213780145691,0.0328723722755546,0.05774971486526502,1.7567857403528602,30.420682499499613
sensitivity_0p28,720,success,0.5396819601754278,0.030145591912934932,0.05585806852453596,1.852943166147229,33.1723458238323
sensitivity_0p28,721,success,0.5444999888227166,0.030515342563028767,0.05604287087132382,1.8365473287926724,32.77040059224379
sensitivity_0p28,722,success,0.5768895688884087,0.03379966586182038,0.05858949040619325,1.7334340122094254,29.58609129712095
sensitivity_0p28,723,success,0.5452776571498866,0.03066737127473046,0.05624175293560685,1.8339280674489817,32.607946440586765
sensitivity_0p28,724,success,0.5687624817642754,0.03315983166362183,0.05830172124005357,1.7582031727867238,30.156968531811195
sensitivity_0p28,725,success,0.5311141051574502,0.029330840374319586,0.055225120345136346,1.8828345741327042,34.0938066294051
sensitivity_0p28,726,success,0.5280951328086465,0.02915272137367399,0.055203541109395876,1.893598213415738,34.30211496148822
sensitivity_0p28,727,success,0.529428656998698,0.02920605504009849,0.05516523265979974,1.8888286207795117,34.23947529466231
sensitivity_0p28,728,success,0.5359767365057241,0.029860591333187518,0.05571247649265952,1.865752619263766,33.48895501907173
sensitivity_0p28,729,success,0.5728144575587676,0.03337874138403293,0.05827147157962306,1.7457659924678237,29.95918834969495
sensitivity_0p28,730,success,0.592995521437983,0.03570050781232022,0.060203671902526956,1.6863533767928847,28.01080604391013
sensitivity_0p28,731,success,0.5803297956239044,0.0346043993914153,0.059628851822458286,1.7231581206767335,28.898059714571474
sensitivity_0p28,732,success,0.5642053754815795,0.032262524084263056,0.05718223449524079,1.7724042404708509,30.995714947417206
sensitivity_0p28,733,success,0.5743228670690588,0.03352576034639353,0.058374413189371165,1.7411808885536786,29.827809710140496
sensitivity_0p28,734,success,0.5777423251749023,0.03381223242668148,0.05852476260319921,1.730875437760711,29.575095408692764
sensitivity_0p28,735,success,0.5400095104420223,0.030282967711231436,0.05607858218356831,1.8518192377416736,33.021862636967285
sensitivity_0p28,736,success,0.5115341663394611,0.0274704449692477,0.05370207266080822,1.9549036326468683,36.40275944271993
sensitivity_0p28,737,success,0.5666865431775899,0.03279398223637657,0.05786970350926349,1.7646439853550873,30.493399453353206
sensitivity_0p28,738,success,0.5643166412063013,0.03248130449471762,0.0575586508051305,1.7720547773717394,30.786940843543658
sensitivity_0p28,739,success,0.5834915072750781,0.03456020220313822,0.0592300003894407,1.7138210025884153,28.93501589262101
sensitivity_0p28,740,success,0.5813800243177197,0.03407843290574208,0.05861644962042672,1.7200453372534652,29.344072327677488
sensitivity_0p28,741,success,0.5412110732503405,0.030240342618240358,0.05587532131710932,1.847707945061656,33.06840840476524
sensitivity_0p28,742,success,0.5674996771068669,0.032697738304332875,0.05761719279035908,1.7621155400440662,30.58315503942629
sensitivity_0p28,743,success,0.5898994473814916,0.034724068243731004,0.058864385104729106,1.6952041647757197,28.79846891732041
sensitivity_0p28,744,success,0.5344925096889858,0.02952398862587198,0.055237422584371865,1.8709336087457746,33.87076226969199
sensitivity_0p28,745,success,0.5257986556747717,0.02870769057475118,0.05459825784056033,1.901868689102434,34.83387134176213
sensitivity_0p28,746,success,0.571793381616064,0.03328053889684189,0.05820378473563449,1.7488834816060521,30.047590368042194
sensitivity_0p28,747,success,0.5530106496955267,0.03132506490589007,0.056644596126922395,1.8082834400215873,31.92331773307737
sensitivity_0p28,748,success,0.5572696387696402,0.031841000640697524,0.0571375119430465,1.794463452571785,31.406048173054323
sensitivity_0p28,749,success,0.5306122872991385,0.029409487517948876,0.055425568200928144,1.8846152340159419,34.002632633081106
sensitivity_0p28,750,success,0.5365792991086725,0.029858674462766355,0.055646340647813784,1.8636574345322845,33.49110494663773
sensitivity_0p28,751,success,0.5382019373857093,0.029994445677794773,0.05573083928960083,1.858038647830688,33.33950594527277
sensitivity_0p28,752,success,0.5669843705499203,0.03270024210403399,0.05767397445597644,1.7637170474912671,30.58081334133723
sensitivity_0p28,753,success,0.5546284472671232,0.03174462488884004,0.057235839678362224,1.80300885201147,31.501396015914313
sensitivity_0p28,754,success,0.5514864756601364,0.03150800890677654,0.057132876865313965,1.8132810941609894,31.73796233709095
sensitivity_0p28,755,success,0.5494210033263224,0.030903325363899326,0.05624707678957196,1.8200978738449527,32.358977172346016
sensitivity_0p28,756,success,0.5781503736374982,0.03393152343637991,0.0586897889953714,1.729653816027805,29.47112003016768
sensitivity_0p28,757,success,0.5664561643380593,0.032872364547797926,0.058031612359998604,1.7653616695451884,30.420689650905828
sensitivity_0p28,758,success,0.5715958196525369,0.033320409855427044,0.058293655603852974,1.7494879521825097,30.01163564130426
sensitivity_0p28,759,success,0.577885430098003,0.03368283537098611,0.05828635507435077,1.7304468116290994,29.68871203940821
sensitivity_0p28,760,success,0.5685124128658822,0.03290062648738625,0.05787143032028721,1.7589765454002675,30.39455799978123
sensitivity_0p28,761,success,0.4960853633468747,0.025983595167430318,0.05237726626750318,2.0157821090576626,38.485821286712124
sensitivity_0p28,762,success,0.5720841205718659,0.03320104542593408,0.05803525081721496,1.7479946812723652,30.1195335017637
sensitivity_0p28,763,success,0.5813061174374294,0.03399264845425346,0.058476330171963756,1.7202640226947858,29.418125549875214
sensitivity_0p28,764,success,0.5714634762804858,0.033142482954767585,0.05799580258476674,1.749893110420201,30.17275444826468
sensitivity_0p28,765,success,0.5725554054886676,0.03350739594771295,0.05852253882594102,1.7465558623911948,29.844157437971692
sensitivity_0p28,766,success,0.5617214393986794,0.03216570533084462,0.05726273393673185,1.7802418242581166,31.08901203049545
sensitivity_0p28,767,success,0.5754523765914787,0.03344533707732224,0.05812007811215545,1.7377632636139293,29.899534206759558
sensitivity_0p28,768,success,0.5934244521759575,0.03577939384241958,0.0602930898974998,1.6851344705012052,27.949048114236444
sensitivity_0p28,769,success,0.5176353782529035,0.02801696655098382,0.05412490669695965,1.931861773774329,35.69265781076806
sensitivity_0p28,770,success,0.5405868848852404,0.029899975443755892,0.05531021243717977,1.849841400078152,33.44484352106159
sensitivity_0p28,771,success,0.5421706848316165,0.030159709138069125,0.05562770172171134,1.8444376060475733,33.15681843687773
sensitivity_0p28,772,success,0.5714437421626272,0.03319593612382191,0.05809134596205742,1.749953540860388,30.124169304036727
sensitivity_0p28,773,success,0.5678465954270667,0.0330844910402486,0.0582630789841513,1.76103899900627,30.225642546033438
sensitivity_0p28,774,success,0.5872294500112301,0.035149777735440445,0.05985697368340135,1.7029118685734788,28.44968203004398
sensitivity_0p28,775,success,0.5417215385991033,0.030439717606514583,0.05619070950221393,1.845966845966673,32.85181593754287
sensitivity_0p28,776,success,0.5969385714204414,0.035762221507794414,0.05990938300853411,1.6752142479593108,27.96246871246656
sensitivity_0p28,777,success,0.5353893579747177,0.02990575201175633,0.05585795004384183,1.8677995464512434,33.43838334534732
sensitivity_0p28,778,success,0.5558522372546773,0.03166791930937873,0.0569718302579563,1.7990392643536768,31.57769824504515
sensitivity_0p28,779,success,0.550729743618285,0.031183271747007607,0.05662173163580025,1.8157726390988385,32.068475948036514
sensitivity_0p28,780,success,0.580255950984341,0.03414315214234255,0.058841537229256176,1.7233774135424358,29.288449872202992
sensitivity_0p28,781,success,0.5662571976504406,0.03300045466653651,0.0582782078593696,1.7659819674686337,30.302612800484567
sensitivity_0p28,782,success,0.5760105691731906,0.033800503295981124,0.05868035259231196,1.7360792553431903,29.585358278345513
sensitivity_0p28,783,success,0.5093336591039327,0.027238187178055435,0.053478081982595446,1.9633495295781027,36.71316279101182
sensitivity_0p28,784,success,0.5540733054044692,0.031459779364331746,0.05677909232852565,1.804815338053523,31.786618349071233
sensitivity_0p28,785,success,0.5775107201488344,0.03429009306478198,0.05937568233529039,1.7315695884264848,29.162942139316065
sensitivity_0p28,786,success,0.5442494383452341,0.03063726036371079,0.05629268163668115,1.837392801066465,32.63999418121862
sensitivity_0p28,787,success,0.568382649113819,0.03279508430583009,0.05769895396518843,1.7593781259141663,30.49237473136261
sensitivity_0p28,788,success,0.578685626514602,0.03398272153015282,0.05872397718745712,1.728053979883613,29.42671907877365
sensitivity_0p28,789,success,0.5827500496438747,0.034597905264978496,0.05937005974709342,1.7160015698173028,28.903483963586762
sensitivity_0p28,790,success,0.5269623890858799,0.028866650762087533,0.054779337880569476,1.897668639567801,34.64205141918873
sensitivity_0p28,791,success,0.5551252453162275,0.03153513353549101,0.05680724089124608,1.8013952859058846,31.710663247217788
sensitivity_0p28,792,success,0.5235552466859484,0.028517018413200344,0.054468021462319736,1.9100181047366032,35.06677961596106
sensitivity_0p28,793,success,0.5619839302922318,0.032218334478820464,0.05732963656463792,1.7794103106827266,31.038227648216118
sensitivity_0p28,794,success,0.525937621303323,0.02876652787814189,0.05469570289886417,1.9013661687138976,34.76262426373137
sensitivity_0p28,795,success,0.5269995309651718,0.02892374256589484,0.054883810831714654,1.8975348956545612,34.5736723980921
sensitivity_0p28,796,success,0.5637035811066188,0.032559831376208485,0.057760554425234575,1.7739819889681705,30.71268976935493
sensitivity_0p28,797,success,0.6122557972111545,0.037516906001879895,0.06127652228491857,1.63330425706875,26.65465003830252
sensitivity_0p28,798,success,0.5314555043390959,0.029380008613762026,0.05528216073384776,1.8816250689576988,34.03674972142743
sensitivity_0p28,799,success,0.5901547505005643,0.03555583557508715,0.060248325621252714,1.6944708132092614,28.12477850191962
sensitivity_0p28,800,success,0.5557126234264961,0.0313524478453168,0.05641845537356914,1.7994912439347703,31.895436201144104
sensitivity_0p28,801,success,0.5471397081612825,0.030645869375783723,0.056011049680112265,1.8276867591288513,32.63082498126802
sensitivity_0p28,802,success,0.5506663164023171,0.031173810948670447,0.05661107284051644,1.8159817846374309,32.07820826419202
sensitivity_0p28,803,success,0.5249689802444506,0.028751109803378274,0.054767254609958835,1.9048744547427399,34.781266074205575
sensitivity_0p28,804,success,0.5475639199370774,0.030848491526304003,0.05633769940475427,1.8262708034432102,32.41649592970588
sensitivity_0p28,805,success,0.5496773660867116,0.030995809082178978,0.05638909475724964,1.8192490025908217,32.26242610246781
sensitivity_0p28,806,success,0.5532335646451565,0.031316038013021165,0.05660545565977589,1.807554826579257,31.932519675196506
sensitivity_0p28,807,success,0.6035943762376883,0.03672966513669584,0.06085156950208583,1.6567417447345663,27.225949277738472
sensitivity_0p28,808,success,0.5100846920583934,0.027226691872516244,0.053376806433154816,1.9604587543386272,36.72866335294453
sensitivity_0p28,809,success,0.4891007028923515,0.025509906730011838,0.05215675745129001,2.044568723958867,39.200456927720644
sensitivity_0p28,810,success,0.5244682832889676,0.02870026159250996,0.05472258763204735,1.9066929914788147,34.84288799168906
sensitivity_0p28,811,success,0.6049617565566426,0.03686429328806394,0.060936568119430094,1.652997051734079,27.126520293928536
sensitivity_0p28,812,success,0.5781613054638973,0.03410227613202674,0.058984016760969864,1.7296211118757479,29.32355588607947
sensitivity_0p28,813,success,0.5241938556410971,0.02849626698997388,0.05436207747060009,1.9076911895065705,35.092315788304475
sensitivity_0p28,814,success,0.5518738407017185,0.03133207438455921,0.056773979981946346,1.8120083364134096,31.916175983956265
sensitivity_0p28,815,success,0.5139659962019696,0.02765053390451472,0.05379837208850892,1.9456540070542665,36.16566694347707
sensitivity_0p28,816,success,0.570540429956405,0.03297589016337127,0.05779763962720566,1.752724167288916,30.325185917521434
sensitivity_0p28,817,success,0.5791518449687972,0.03400757466581721,0.05871961724934059,1.7266628927926089,29.405213686265967
sensitivity_0p28,818,success,0.5623798742262504,0.03259557667120728,0.057960069634522146,1.7781575156398488,30.67900930506722
sensitivity_0p28,819,success,0.5517865824003814,0.03113210054374451,0.05642054652418999,1.8122948833764698,32.121186252590775
sensitivity_0p28,820,success,0.5593662966097923,0.032192589864645245,0.05755189409830038,1.7877373128499174,31.06304911175309
sensitivity_0p28,821,success,0.6032885449738263,0.036543992614978635,0.06057465025556568,1.6575816138583983,27.364278734834258
sensitivity_0p28,822,success,0.552853149175282,0.03133542593664584,0.056679474437995724,1.8087985959594308,31.91276231642124
sensitivity_0p28,823,success,0.5566484584028111,0.03198138668378805,0.057453472116948096,1.7964659470526434,31.268187645750782
sensitivity_0p28,824,success,0.5433397292203709,0.03036771859459312,0.0558908486927088,1.8404691323325157,32.929704511225516
sensitivity_0p28,825,success,0.5827919014272482,0.03416930326265575,0.058630367338625776,1.7158783393369326,29.26603426218872
sensitivity_0p28,826,success,0.5055918367640915,0.02693122568453777,0.053266733610463426,1.9778800354061072,37.131618579622895
sensitivity_0p28,827,success,0.5358530071573981,0.029676864572015262,0.05538247275954573,1.8661834246388136,33.696282084428205
sensitivity_0p28,828,success,0.5627828090693296,0.03226837270806687,0.05733716842102707,1.7768844106196022,30.99009699209303
sensitivity_0p28,829,success,0.5390746404808745,0.029980153179250194,0.05561410411090158,1.8550306857468997,33.35539995479803
sensitivity_0p28,830,success,0.5755902931127873,0.03410153901885042,0.059246202423653804,1.7373468801775802,29.32418972197198
sensitivity_0p28,831,success,0.5699205081421373,0.033078477925676586,0.05804051170839226,1.754630664651572,30.231137062802024
sensitivity_0p28,832,success,0.5207572385671758,0.028181200731829524,0.05411581183080233,1.9202805567358496,35.484648419204525
sensitivity_0p28,833,success,0.55882809257333,0.03207950506610995,0.057404961369046506,1.7894590721005654,31.172550759096318
sensitivity_0p28,834,success,0.5433390601674581,0.030552188536999102,0.05623042916808311,1.8404713986360526,32.73087945202311
sensitivity_0p28,835,success,0.5074952029568092,0.02698947091510825,0.05318172616777466,1.9704619751550754,37.051485860740485
sensitivity_0p28,836,success,0.5876265311079293,0.03478076748780167,0.059188558798093975,1.7017611477047658,28.751521953928144
sensitivity_0p28,837,success,0.5506994572252917,0.031074869318492942,0.05642800062862634,1.8158724997451723,32.18034450123627
sensitivity_0p28,838,success,0.5278489274984077,0.028844979874082372,0.054646279212472934,1.8944814470670996,34.668077577634726
sensitivity_0p28,839,success,0.574698023203169,0.03351223325469543,0.058312769318240865,1.740044266076198,29.839849597605948
sensitivity_0p28,840,success,0.556692272198507,0.031648814451843296,0.056851542642858646,1.7963245583610634,31.59676017316844
sensitivity_0p28,841,success,0.5508038188748118,0.03162161383663245,0.05740993935232591,1.8155284435805314,31.623939409491417
sensitivity_0p28,842,success,0.5836143120407877,0.034454593216049816,0.059036580332597885,1.713460378487277,29.0237064686683
sensitivity_0p28,843,success,0.5252112579993771,0.02873197228096731,0.05470555294342413,1.903995744130043,34.80443285344605
sensitivity_0p28,844,success,0.5673208632896601,0.032937456019311,0.058057896598972675,1.7626709410992074,30.3605718490738
sensitivity_0p28,845,success,0.5698506470789342,0.032965821579149755,0.05784993269400187,1.7548457742849288,30.334447985742926
sensitivity_0p28,846,success,0.5080763716231778,0.02697625176240642,0.05309487563104735,1.9682080408605669,37.069642172956755
sensitivity_0p28,847,success,0.5733757937229699,0.03307236287359764,0.057680082130528096,1.7440568837183181,30.23672677461824
sensitivity_0p28,848,success,0.5952556428216516,0.035892559775419206,0.06029772284942994,1.67995047516016,27.860927341405272
sensitivity_0p28,849,success,0.5632252450566033,0.032385659714349965,0.05750036952107013,1.775488596750491,30.877864117027812
sensitivity_0p28,850,success,0.6021365913486649,0.03625593516412171,0.06021214403017047,1.660752750069882,27.581690983096856
sensitivity_0p28,851,success,0.5396619117597714,0.030308109793492192,0.0561612912326185,1.853012002902192,32.994469361950166
sensitivity_0p28,852,success,0.5723115787710674,0.03313332933119993,0.05789386509066895,1.7472999622815841,30.181090164650374
sensitivity_0p28,853,success,0.5200853693513902,0.027599269696048798,0.053066806571522,1.9227612598430175,36.232842789429434
sensitivity_0p28,854,success,0.6081952621586305,0.03693454220673009,0.06072809918913305,1.6442087964492862,27.074926078758416
sensitivity_0p28,855,success,0.5759102015070798,0.03371197739435067,0.05853686443846791,1.7363818133159197,29.663047892514797
sensitivity_0p28,856,success,0.5714050460260184,0.033597969100925766,0.058798866643883146,1.7500720495115578,29.76370378209693
sensitivity_0p28,857,success,0.555602608962566,0.03152262311659295,0.05673591629717636,1.7998475598723755,31.72324829381403
sensitivity_0p28,858,success,0.6073427676323238,0.03745945862825494,0.061677623616541256,1.646516684307312,26.69552728788556
sensitivity_0p28,859,success,0.5612734948517647,0.032448433003235175,0.05781215984874714,1.781662610425075,30.81812918054619
sensitivity_0p28,860,success,0.5352497258599388,0.02937954517839906,0.05488941658250739,1.8682868046188865,34.03728661991804
sensitivity_0p28,861,success,0.5931237742339828,0.035678503141142896,0.060153554268199,1.6859887319328861,28.028081672710186
sensitivity_0p28,862,success,0.5251370969859473,0.028788302339971754,0.05482054592068198,1.9042646305880004,34.736331034412125
sensitivity_0p28,863,success,0.5055264666282763,0.026816315261906556,0.05304631316489534,1.978135797062669,37.29073104314717
sensitivity_0p28,864,success,0.6198580684798899,0.03844738237680568,0.06202610618765065,1.613272539070681,26.009573036714052
sensitivity_0p28,865,success,0.5192512177666249,0.028183014870942814,0.05427626148314503,1.9258500813944082,35.48236427434233
sensitivity_0p28,866,success,0.5505106082555035,0.03112638030997216,0.05654092735580085,1.8164954226202288,32.127089306289285
sensitivity_0p28,867,success,0.5859610274923457,0.03445603940710119,0.0588026127856281,1.706598140629861,29.022488283836413
sensitivity_0p28,868,success,0.5600398272530475,0.03207144055170126,0.05726635676789136,1.785587294576751,31.180389243443386
sensitivity_0p28,869,success,0.5881228194108029,0.034992943243262825,0.05949938021163621,1.7003251140668656,28.577190350872517
sensitivity_0p28,870,success,0.5588971015191226,0.032183296375155,0.05758358074800974,1.7892381214393989,31.0720191102607
sensitivity_0p28,871,success,0.5369695532856376,0.02947632480140097,0.054893847558096516,1.8623029813909324,33.92553199008281
sensitivity_0p28,872,success,0.5955113205090186,0.035880609444628536,0.06025176719387848,1.6792292028054834,27.870206651400782
sensitivity_0p28,873,success,0.577503185608062,0.03412714338401913,0.05909429460217805,1.7315921797852674,29.30218883975723
sensitivity_0p28,874,success,0.5854534116864496,0.03475826163546034,0.0593698165244885,1.7080778419574203,28.770138463420768
sensitivity_0p28,875,success,0.553222398631724,0.03151712941562911,0.056970089232793036,1.8075913095226872,31.728777923033416
sensitivity_0p28,876,success,0.5837718665257242,0.03459277185406985,0.059257346641156616,1.7129979317972743,28.907773109900404
sensitivity_0p28,877,success,0.5788869580986638,0.033824780687320165,0.0584307181464523,1.7274529785305044,29.564123689200095
sensitivity_0p28,878,success,0.544017400110363,0.03084492882193484,0.056698423277780144,1.8381764991287655,32.4202401559399
sensitivity_0p28,879,success,0.5475212034197556,0.03072367328048293,0.05611412505778102,1.8264132854656823,32.54819145063769
sensitivity_0p28,880,success,0.526713724145944,0.02886616302890652,0.05480427356570676,1.8985645411489525,34.64263674387905
sensitivity_0p28,881,success,0.5132400435151682,0.02775874729296731,0.054085310847626675,1.948406038529311,36.02468041680506
sensitivity_0p28,882,success,0.575445468210715,0.033754693400250634,0.05865837036688668,1.7377841259387985,29.625509796293244
sensitivity_0p28,883,success,0.6058705848339541,0.03683963998591034,0.060804470307807855,1.6505174950423807,27.144673519677696
sensitivity_0p28,884,success,0.5660897109703344,0.03297685818302568,0.05825376710433413,1.76650446143227,30.324295736418403
sensitivity_0p28,885,success,0.5449363723679768,0.03048467820796361,0.05594172045351811,1.8350766267529202,32.80336414175324
sensitivity_0p28,886,success,0.5914224301651521,0.03512910614588904,0.05939765614922551,1.6908388133347505,28.466423137755367
sensitivity_0p28,887,success,0.560307419958667,0.032115101298717606,0.057316930232847334,1.7847345303293833,31.137999245231438
sensitivity_0p28,888,success,0.5850286384480837,0.03487751173334053,0.059616759661306064,1.7093180304005604,28.6717701550959
sensitivity_0p28,889,success,0.5340887045670369,0.029748824813206023,0.05570015721886898,1.8723481538720381,33.614773231515436
sensitivity_0p28,890,success,0.5367033972887022,0.029867986190852326,0.0556508237915733,1.863226514033192,33.48066366477263
sensitivity_0p28,891,success,0.5767070035545286,0.034065685936357525,0.05906931201874429,1.7339827569918669,29.35505252611758
sensitivity_0p28,892,success,0.5886458963230289,0.03487155888875112,0.05924029897528546,1.698814187351837,28.67666464783656
sensitivity_0p28,893,success,0.5088261897427111,0.027200998448140043,0.05345833016554096,1.9653076436683652,36.76335638585275
sensitivity_0p28,894,success,0.5755020601041111,0.033794660569215984,0.05872204968841009,1.7376132412438197,29.590473262835893
sensitivity_0p28,895,success,0.5767466490063478,0.033721068611100406,0.05846773218222767,1.7338635633563844,29.655050720154726
sensitivity_0p28,896,success,0.5719499399292362,0.03361645593622023,0.05877517172285985,1.748404764451455,29.747335706574134
sensitivity_0p28,897,success,0.5468674901337017,0.030888847168479627,0.05648323904009675,1.8285965394569597,32.37414444591008
sensitivity_0p28,898,success,0.5387484029828941,0.03012225504562529,0.055911544013582365,1.856153994078292,33.19804571355397
sensitivity_0p28,899,success,0.5278927451201886,0.028831850820252664,0.054616872625685244,1.8943241960491877,34.68386425257027
sensitivity_0p28,900,success,0.5503603603745909,0.031047368451999173,0.056412799117413634,1.8169913242286773,32.20884892534617
sensitivity_0p28,901,success,0.6041053826680106,0.03668471195782222,0.06072568298564971,1.6553403242055789,27.25931175770815
sensitivity_0p28,902,success,0.5774890154601366,0.0334024876053739,0.05784090556035802,1.7316346687619875,29.93789001029722
sensitivity_0p28,903,success,0.5265758019391504,0.02878481469418092,0.05466414253784341,1.8990618184835564,34.74053978197602
sensitivity_0p28,904,success,0.5776074418357056,0.03389014963945245,0.058673325834836025,1.73127963313956,29.50709898418013
sensitivity_0p28,905,success,0.5858055387392399,0.03488542670773793,0.059551206673152515,1.7070511182809605,28.66526496516066
sensitivity_0p28,906,success,0.5850612220175901,0.03461435242568344,0.059163641552443795,1.7092228340676705,28.889750346969134
sensitivity_0p28,907,success,0.5202420467349917,0.028184454362317028,0.054175656387639166,1.9221821962987051,35.48055204989218
sensitivity_0p28,908,success,0.5856707372219261,0.034690497018732155,0.059232081806380246,1.707444023485629,28.82633821763985
sensitivity_0p28,909,success,0.5552804495136215,0.031356432993390505,0.05646954259033624,1.8008917851797501,31.891382550138466
sensitivity_0p28,910,success,0.5247266073158916,0.02897860428709314,0.05522610037887345,1.9057543224561284,34.508218204470005
sensitivity_0p28,911,success,0.5203286394956333,0.028377144594328187,0.05453696460343758,1.921862307962374,35.23962732317587
sensitivity_0p28,912,success,0.5553444732278328,0.03160434538722573,0.05690944433737057,1.8006841666897173,31.64121856496966
sensitivity_0p28,913,success,0.544905456958675,0.030813295667773372,0.05654796676060856,1.8351807404928207,32.45352301103798
sensitivity_0p28,914,success,0.5634996076936568,0.03256458747862798,0.05778990266188707,1.7746241281212107,30.708204139121875
sensitivity_0p28,915,success,0.5996738819942585,0.03631644031653216,0.06056031687716536,1.6675730426585,27.535738395174562
sensitivity_0p28,916,success,0.576440833370941,0.03349699656172253,0.05811003423514784,1.7347834194051581,29.85342277351258
sensitivity_0p28,917,success,0.507705360392343,0.02722525865313941,0.0536241307992107,1.9696463303582672,36.73059686008484
sensitivity_0p28,918,success,0.5536805976118063,0.03139930029874638,0.056710132943399424,1.8060954353706915,31.84784343872545
sensitivity_0p28,919,success,0.5748551407948148,0.033675314960746515,0.05858052328485024,1.739568682672586,29.695342156877988
sensitivity_0p28,920,success,0.5884731194477323,0.03528044024725621,0.05995250943724676,1.6993129625673908,28.344317502607435
sensitivity_0p28,921,success,0.5534441474499631,0.03150148782641901,0.056919000718617344,1.8068670607640858,31.74453236971686
sensitivity_0p28,922,success,0.5500948621476597,0.031151905019787856,0.05663005994668949,1.8178682783835456,32.100765566818296
sensitivity_0p28,923,success,0.5324402349712027,0.029404457771746374,0.05522583726854663,1.878145065528501,34.00844891487379
sensitivity_0p28,924,success,0.5694674134612723,0.03305468216011625,0.05804490543050923,1.756026730172168,30.252900183883757
sensitivity_0p28,925,success,0.5846732075461363,0.03425555095550583,0.05858922644886672,1.7103571483923188,29.192349038521943
sensitivity_0p28,926,success,0.5693669233128917,0.032924256903020255,0.05782607937856438,1.7563366592872076,30.37274320102473
sensitivity_0p28,927,success,0.563396679925028,0.03255913987500902,0.05779079116927297,1.7749483368149623,30.713342055069354
sensitivity_0p28,928,success,0.5899826481611627,0.03466763618992275,0.05876043354490785,1.6949651029852573,28.84534712784028
sensitivity_0p28,929,success,0.5438557752512624,0.030648843055592623,0.05635472573851551,1.838722774503954,32.62765900122699
sensitivity_0p28,930,success,0.5372115957794426,0.029983119784319955,0.05581249552295557,1.8614639145104375,33.35209968787046
sensitivity_0p28,931,success,0.5838571681213084,0.034563681472087146,0.05919886465264023,1.712747662613657,28.932103219605747
sensitivity_0p28,932,success,0.5193046713321149,0.028403082620943824,0.05469444853651043,1.925651847950473,35.20744608413107
sensitivity_0p28,933,success,0.49886310242466037,0.02624049901419582,0.05260060101991353,2.004557954155414,38.10903136632467
sensitivity_0p28,934,success,0.5674327218445917,0.033074023125607976,0.058287127006162114,1.7623234640914482,30.235208949398643
sensitivity_0p28,935,success,0.5471762912545052,0.030903331644114407,0.05647783381341811,1.8275645637118356,32.358970596312766
sensitivity_0p28,936,success,0.5399375524571198,0.03015185642391729,0.05584322906733156,1.8520660314313235,33.165453759814675
sensitivity_0p28,937,success,0.5279476336532178,0.029088470878336107,0.05509726538038213,1.894127250993324,34.37788133252335
sensitivity_0p28,938,success,0.5967636432220456,0.036113891895079846,0.060516240064648986,1.675705300344373,27.690175373655585
sensitivity_0p28,939,success,0.558938150686017,0.031770162076832635,0.056840210384349825,1.7891067173937623,31.476074864887696
sensitivity_0p28,940,success,0.5901201409187286,0.03487376748364368,0.05909604683099014,1.6945701911531947,28.674848522432082
sensitivity_0p28,941,success,0.5304814703941533,0.02903535697597,0.05473397016939428,1.8850799807521825,34.44076822708299
sensitivity_0p28,942,success,0.5664268824682077,0.03280449696877491,0.05791479533215155,1.7654529312636,30.483625490488514
sensitivity_0p28,943,success,0.5676787359819703,0.033013447634361724,0.05815515984979618,1.7615597284442948,30.29068672485935
sensitivity_0p28,944,success,0.5906704015726143,0.03524371759395311,0.05966731615486308,1.6929915522050492,28.37385123559081
sensitivity_0p28,945,success,0.5431740876213685,0.0305069986987798,0.05616431157895252,1.841030385634066,32.779363511756976
sensitivity_0p28,946,success,0.5789051482052239,0.03394399188028872,0.05863480742143177,1.7273986992520172,29.46029457957478
sensitivity_0p28,947,success,0.5489366113628579,0.031106635852747443,0.05666708178840224,1.8217039623523679,32.14748148060108
sensitivity_0p28,948,success,0.5564621095463973,0.031948992313628514,0.057414497349463536,1.7970675502329434,31.299891720635863
sensitivity_0p28,949,success,0.526904297442049,0.028832523283159713,0.054720607562193636,1.8978778591381367,34.6830553184387
sensitivity_0p28,950,success,0.5889664046007672,0.03518299492071815,0.05973684516787856,1.697889713553107,28.422821941492302
sensitivity_0p28,951,success,0.5394296395536167,0.030131612783725434,0.05585828173746559,1.8538098885843757,33.18773565748582
sensitivity_0p28,952,success,0.5459048149946681,0.03080755818204312,0.056433937448131896,1.8318211756563587,32.45956703517231
sensitivity_0p28,953,success,0.5419079577393454,0.030424520488635445,0.05614333588227074,1.8453318238242116,32.86822549507502
sensitivity_0p28,954,success,0.5585561821508866,0.03206416668454561,0.05740544587846652,1.7903301976700046,31.187462622628615
sensitivity_0p28,955,success,0.5856217581517659,0.03455857096443763,0.05901176054917286,1.7075868272996213,28.936381687455953
sensitivity_0p28,956,success,0.5640628250955476,0.03248161697910375,0.057585104945715275,1.772852163818114,30.7866446625279
sensitivity_0p28,957,success,0.5034743108071762,0.02678680379526835,0.05320391372565447,1.9861986570810093,37.3318148608921
sensitivity_0p28,958,success,0.556234773827976,0.032126458476007806,0.05775701194464228,1.7978020200320397,31.126991502869974
sensitivity_0p28,959,success,0.5285597464747033,0.02908216275964539,0.05502152396888448,1.8919337060183408,34.385338128552355
sensitivity_0p28,960,success,0.5480608964572465,0.030960765580871668,0.056491469800175526,1.8246147580755354,32.29894291172906
sensitivity_0p28,961,success,0.5559010490100298,0.0316451566038893,0.05692588035270706,1.798881296915771,31.600412427003015
sensitivity_0p28,962,success,0.5574567877610394,0.031644019291747316,0.05676497261580015,1.7938610165935627,31.60154817187833
sensitivity_0p28,963,success,0.5582732795908951,0.03193196742029361,0.057197735567235966,1.7912374397227178,31.316579615588406
sensitivity_0p28,964,success,0.5864613651173829,0.03446270405093978,0.058763809691098595,1.7051421619220313,29.01687570777635
sensitivity_0p28,965,success,0.5744649362092786,0.03334680723548476,0.058048464116070016,1.740750282512801,29.987878387826203
sensitivity_0p28,966,success,0.5277518227134728,0.028875851896512265,0.05471483120237285,1.8948300260876985,34.63101291639413
sensitivity_0p28,967,success,0.544752186717975,0.030482679546845432,0.05595696591967367,1.8356970827869525,32.80551496344708
sensitivity_0p28,968,success,0.608249268812787,0.037347738154339644,0.06140202721038519,1.644062806605346,26.775383180301226
sensitivity_0p28,969,success,0.5924676395177171,0.03539303620819256,0.05973834492800881,1.6878558984487728,28.25414564937851
sensitivity_0p28,970,success,0.5373522061495694,0.029928083851107887,0.05569547032394159,1.860976820334585,33.413432178785534
sensitivity_0p28,971,success,0.5816489123504506,0.03439177385460414,0.05912806355233528,1.7192501847187978,29.07672062010046
sensitivity_0p28,972,success,0.5619946329942226,0.03240452929906096,0.05765985544455205,1.7793764233515024,30.859883529583588
sensitivity_0p28,973,success,0.6164261388524224,0.03798104290373588,0.06161491297958872,1.622254373997934,26.328924209230664
sensitivity_0p28,974,success,0.515568773387656,0.027755589336136574,0.053834892198304556,1.9396054447387958,36.028779208735564
sensitivity_0p28,975,success,0.5464935381990303,0.03073553354757512,0.05624134852328553,1.8298478025842728,32.53563171278981
sensitivity_0p28,976,success,0.6085709438549218,0.036965616589318614,0.06074167188325525,1.6431937970380517,27.05216610099653
sensitivity_0p28,977,success,0.543456779775162,0.030348724695714546,0.0558438606806421,1.8400727292678511,32.95031372903808
sensitivity_0p28,978,success,0.5425715064381447,0.030506499062320298,0.056225766927180426,1.8430750382834635,32.779900373266265
sensitivity_0p28,979,success,0.5595659433434662,0.031688702202519486,0.05663086286698599,1.7870994686075663,31.556988153351785
sensitivity_0p28,980,success,0.5481013574740092,0.031307965235615756,0.05712075843034264,1.8244800644330088,31.940753494334597
sensitivity_0p28,981,success,0.600953267814425,0.036115538849215326,0.06009708372260294,1.6640229008768799,27.688912636055733
sensitivity_0p28,982,success,0.6248866203853511,0.03883527335606715,0.062147711423423437,1.6002903044768766,25.749786562111893
sensitivity_0p28,983,success,0.6023493330725934,0.036393738906563826,0.06041965502131262,1.660166194422403,27.477253781683974
sensitivity_0p28,984,success,0.5338666600369012,0.029458842954786273,0.055180151075083166,1.873126896388097,33.94566451692655
sensitivity_0p28,985,success,0.5456708751364211,0.03076200394696943,0.056374648801402014,1.8326065134958758,32.50763512428834
sensitivity_0p28,986,success,0.5652751243089247,0.03266819922895719,0.05779168023516972,1.7690500731348242,30.61080878659504
sensitivity_0p28,987,success,0.5883508634985969,0.03505714132870701,0.05958543363094872,1.699666070095578,28.52485861935173
sensitivity_0p28,988,success,0.5085126222816144,0.027349410827920844,0.05378315036745486,1.9665195241627644,36.56385895447174
sensitivity_0p28,989,success,0.5300046718502518,0.02894027581042385,0.05460381265959986,1.8867758212564234,34.55392085931037
sensitivity_0p28,990,success,0.5635258155490723,0.03251273311040981,0.05769519729762686,1.7745415958018682,30.757180474619148
sensitivity_0p28,991,success,0.5464568487767518,0.03078408041347173,0.056333963939480584,1.829970659601958,32.484322629380216
sensitivity_0p28,992,success,0.5765617943597777,0.03351836199689976,0.05813489954553617,1.734419466885443,29.834393461485192
sensitivity_0p28,993,success,0.5607845351116031,0.03224674127474198,0.057502907544204084,1.7832160792397522,31.010885455990977
sensitivity_0p28,994,success,0.5641285303032308,0.03268349075174911,0.057936248560555965,1.7726456760881766,30.596487003043986
sensitivity_0p28,995,success,0.5732748991397538,0.03355386025366212,0.05853014025908416,1.74436383225671,29.802830209107118
sensitivity_0p28,996,success,0.5694827062998595,0.032919059173967015,0.05780519550427503,1.7559795739845572,30.377538881512688
sensitivity_0p28,997,success,0.5680305014839883,0.03315416941323539,0.058366882282940125,1.760468843464365,30.16211890383816
sensitivity_0p28,998,success,0.5369578050494981,0.029844586386780305,0.055580878248020174,1.8623437271906635,33.50691435425458
sensitivity_0p28,999,success,0.584497962439106,0.03452747090928502,0.05907201244158683,1.7108699503878624,28.96244566036498
