record_type,source_file,case_id,state,eyelid_thickness_mm,cornea_thickness_mm,p_iop_mmhg,p_iop_pa,p_probe_delta_mmhg,p_probe_delta_pa,p_probe_absolute_mmhg,probe_force_n,probe_force_delta_n,probe_displacement_mm,eyelid_modulus_scale,cornea_modulus_scale,corneal_radius_mm,probe_area_mm2,corneal_applanation_area_mm2,contact_force_n,eyelid_displacement_mm,corneal_displacement_mm,tangent_stiffness_n_per_mm,source_status,assumption_note
pressure_scan,high_iop_mechanical_transfer_t1p25_c0p60/results/20260731_5017b619_iop_0_to_60_step2p5_summary.csv,primary_0p26_iop_0.0,primary_0p26,1.25,0.6,0.0,0.0,0.0,0.0,,0.14603312233753,0.0,0.259875,,,7.8,14.65741468458854,5.317452780205752,,,,,accepted_FE_summary,P_probe is zero-referenced delta pressure; absolute tissue preload is excluded
pressure_scan,high_iop_mechanical_transfer_t1p25_c0p60/results/20260731_5017b619_iop_0_to_60_step2p5_summary.csv,primary_0p26_iop_2.5,primary_0p26,1.25,0.6,2.5,333.305,0.2131225392001604,28.413923171243784,,0.14644959814315,0.00041647580562,0.259875,,,7.8,14.65741468458854,5.31947640622398,,,,,accepted_FE_summary,P_probe is zero-referenced delta pressure; absolute tissue preload is excluded
pressure_scan,high_iop_mechanical_transfer_t1p25_c0p60/results/20260731_5017b619_iop_0_to_60_step2p5_summary.csv,primary_0p26_iop_5.0,primary_0p26,1.25,0.6,5.0,666.61,1.420075281027457,189.32727661714264,,0.14880817841056,0.0027750560730299,0.259875,,,7.8,14.65741468458854,5.234757720814007,,,,,accepted_FE_summary,P_probe is zero-referenced delta pressure; absolute tissue preload is excluded
pressure_scan,high_iop_mechanical_transfer_t1p25_c0p60/results/20260731_5017b619_iop_0_to_60_step2p5_summary.csv,primary_0p26_iop_7.5,primary_0p26,1.25,0.6,7.5,999.915,2.828621976178267,377.11753910803895,,0.15156070576791,0.00552758343038,0.259875,,,7.8,14.65741468458854,5.227063103011447,,,,,accepted_FE_summary,P_probe is zero-referenced delta pressure; absolute tissue preload is excluded
pressure_scan,high_iop_mechanical_transfer_t1p25_c0p60/results/20260731_5017b619_iop_0_to_60_step2p5_summary.csv,primary_0p26_iop_10.0,primary_0p26,1.25,0.6,10.0,1333.22,4.054410649992031,540.5421366782375,,0.15395609448354,0.00792297214601,0.259875,,,7.8,14.65741468458854,5.17125797835375,,,,,accepted_FE_summary,P_probe is zero-referenced delta pressure; absolute tissue preload is excluded
pressure_scan,high_iop_mechanical_transfer_t1p25_c0p60/results/20260731_5017b619_iop_0_to_60_step2p5_summary.csv,primary_0p26_iop_12.5,primary_0p26,1.25,0.6,12.5,1666.525,4.943005551939201,659.0113861956382,,0.15569255219959,0.00965942986206,0.259875,,,7.8,14.65741468458854,5.019007443932135,,,,,accepted_FE_summary,P_probe is zero-referenced delta pressure; absolute tissue preload is excluded
pressure_scan,high_iop_mechanical_transfer_t1p25_c0p60/results/20260731_5017b619_iop_0_to_60_step2p5_summary.csv,primary_0p26_iop_15.0,primary_0p26,1.25,0.6,15.0,1999.83,5.599841227108005,746.5820320804935,,0.1569761150175,0.01094299267997,0.259875,,,7.8,14.65741468458854,4.930691714003912,,,,,accepted_FE_summary,P_probe is zero-referenced delta pressure; absolute tissue preload is excluded
pressure_scan,high_iop_mechanical_transfer_t1p25_c0p60/results/20260731_5017b619_iop_0_to_60_step2p5_summary.csv,primary_0p26_iop_17.5,primary_0p26,1.25,0.6,17.5,2333.135,6.114935700663478,815.2554574838563,,0.15798269267301,0.0119495703354799,0.259875,,,7.8,14.65741468458854,4.934380269442286,,,,,accepted_FE_summary,P_probe is zero-referenced delta pressure; absolute tissue preload is excluded
pressure_scan,high_iop_mechanical_transfer_t1p25_c0p60/results/20260731_5017b619_iop_0_to_60_step2p5_summary.csv,primary_0p26_iop_20.0,primary_0p26,1.25,0.6,20.0,2666.44,6.542306492824867,872.233386236397,,0.15881784411045,0.01278472177292,0.259875,,,7.8,14.65741468458854,4.9382329831556735,,,,,accepted_FE_summary,P_probe is zero-referenced delta pressure; absolute tissue preload is excluded
pressure_scan,high_iop_mechanical_transfer_t1p25_c0p60/results/20260731_5017b619_iop_0_to_60_step2p5_summary.csv,primary_0p26_iop_22.5,primary_0p26,1.25,0.6,22.5,2999.745,6.912171364537767,921.5445106629041,,0.15954061970704,0.01350749736951,0.259875,,,7.8,14.65741468458854,4.8280739615279575,,,,,accepted_FE_summary,P_probe is zero-referenced delta pressure; absolute tissue preload is excluded
pressure_scan,high_iop_mechanical_transfer_t1p25_c0p60/results/20260731_5017b619_iop_0_to_60_step2p5_summary.csv,primary_0p26_iop_25.0,primary_0p26,1.25,0.6,25.0,3333.05,7.266876996289621,968.8345748993249,,0.16023377170446,0.0142006493669299,0.259875,,,7.8,14.65741468458854,4.705746031154027,,,,,accepted_FE_summary,P_probe is zero-referenced delta pressure; absolute tissue preload is excluded
pressure_scan,high_iop_mechanical_transfer_t1p25_c0p60/results/20260731_5017b619_iop_0_to_60_step2p5_summary.csv,primary_0p26_iop_27.5,primary_0p26,1.25,0.6,27.5,3666.355,7.564234291037806,1008.4788441497424,,0.16081485580449,0.01478173346696,0.259875,,,7.8,14.65741468458854,4.70067964860411,,,,,accepted_FE_summary,P_probe is zero-referenced delta pressure; absolute tissue preload is excluded
pressure_scan,high_iop_mechanical_transfer_t1p25_c0p60/results/20260731_5017b619_iop_0_to_60_step2p5_summary.csv,primary_0p26_iop_30.0,primary_0p26,1.25,0.6,30.0,3999.66,7.878858149633224,1050.4251262254008,,0.16142968155435,0.01539655921682,0.259875,,,7.8,14.65741468458854,4.654786931120484,,,,,accepted_FE_summary,P_probe is zero-referenced delta pressure; absolute tissue preload is excluded
pressure_scan,high_iop_mechanical_transfer_t1p25_c0p60/results/20260731_5017b619_iop_0_to_60_step2p5_summary.csv,primary_0p26_iop_32.5,primary_0p26,1.25,0.6,32.5,4332.965,8.157971754813781,1087.637110295283,,0.16197511454334,0.0159419922058099,0.259875,,,7.8,14.65741468458854,4.629009525369452,,,,,accepted_FE_summary,P_probe is zero-referenced delta pressure; absolute tissue preload is excluded
pressure_scan,high_iop_mechanical_transfer_t1p25_c0p60/results/20260731_5017b619_iop_0_to_60_step2p5_summary.csv,primary_0p26_iop_35.0,primary_0p26,1.25,0.6,35.0,4666.27,8.428966226071458,1123.766635192299,,0.16250468143551,0.01647155909798,0.259875,,,7.8,14.65741468458854,4.592259068391804,,,,,accepted_FE_summary,P_probe is zero-referenced delta pressure; absolute tissue preload is excluded
pressure_scan,high_iop_mechanical_transfer_t1p25_c0p60/results/20260731_5017b619_iop_0_to_60_step2p5_summary.csv,primary_0p26_iop_37.5,primary_0p26,1.25,0.6,37.5,4999.575,8.687134114308124,1158.1860943877878,,0.16300918311629,0.01697606077876,0.259875,,,7.8,14.65741468458854,4.548681849557162,,,,,accepted_FE_summary,P_probe is zero-referenced delta pressure; absolute tissue preload is excluded
pressure_scan,high_iop_mechanical_transfer_t1p25_c0p60/results/20260731_5017b619_iop_0_to_60_step2p5_summary.csv,primary_0p26_iop_40.0,primary_0p26,1.25,0.6,40.0,5332.88,8.936937455920008,1191.4903754981674,,0.16349733912426,0.01746421678673,0.259875,,,7.8,14.65741468458854,4.552776604011648,,,,,accepted_FE_summary,P_probe is zero-referenced delta pressure; absolute tissue preload is excluded
pressure_scan,high_iop_mechanical_transfer_t1p25_c0p60/results/20260731_5017b619_iop_0_to_60_step2p5_summary.csv,primary_0p26_iop_42.5,primary_0p26,1.25,0.6,42.5,5666.185,9.18187963698267,1224.1465569618035,,0.1639759956407,0.01794287330317,0.259875,,,7.8,14.65741468458854,4.5569122064957,,,,,accepted_FE_summary,P_probe is zero-referenced delta pressure; absolute tissue preload is excluded
pressure_scan,high_iop_mechanical_transfer_t1p25_c0p60/results/20260731_5017b619_iop_0_to_60_step2p5_summary.csv,primary_0p26_iop_45.0,primary_0p26,1.25,0.6,45.0,5999.49,9.421805330298094,1256.1339302460026,,0.16444484913122,0.01841172679369,0.259875,,,7.8,14.65741468458854,4.526129787453596,,,,,accepted_FE_summary,P_probe is zero-referenced delta pressure; absolute tissue preload is excluded
pressure_scan,high_iop_mechanical_transfer_t1p25_c0p60/results/20260731_5017b619_iop_0_to_60_step2p5_summary.csv,primary_0p26_iop_47.5,primary_0p26,1.25,0.6,47.5,6332.795,9.65902083101028,1287.7599752319525,,0.1649084064684,0.01887528413087,0.259875,,,7.8,14.65741468458854,4.478420230200055,,,,,accepted_FE_summary,P_probe is zero-referenced delta pressure; absolute tissue preload is excluded
pressure_scan,high_iop_mechanical_transfer_t1p25_c0p60/results/20260731_5017b619_iop_0_to_60_step2p5_summary.csv,primary_0p26_iop_50.0,primary_0p26,1.25,0.6,50.0,6666.1,9.906446283258044,1320.7472313765288,,0.16539191569714,0.01935879335961,0.259875,,,7.8,14.65741468458854,4.465074208286621,,,,,accepted_FE_summary,P_probe is zero-referenced delta pressure; absolute tissue preload is excluded
pressure_scan,high_iop_mechanical_transfer_t1p25_c0p60/results/20260731_5017b619_iop_0_to_60_step2p5_summary.csv,primary_0p26_iop_52.5,primary_0p26,1.25,0.6,52.5,6999.405,10.133792905170193,1351.0575377031005,,0.16583618765388,0.01980306531635,0.259875,,,7.8,14.65741468458854,4.4342485152952245,,,,,accepted_FE_summary,P_probe is zero-referenced delta pressure; absolute tissue preload is excluded
pressure_scan,high_iop_mechanical_transfer_t1p25_c0p60/results/20260731_5017b619_iop_0_to_60_step2p5_summary.csv,primary_0p26_iop_55.0,primary_0p26,1.25,0.6,55.0,7332.71,10.357769771489542,1380.9185814745288,,0.16627387456485,0.0202407522273199,0.259875,,,7.8,14.65741468458854,4.420570835082351,,,,,accepted_FE_summary,P_probe is zero-referenced delta pressure; absolute tissue preload is excluded
pressure_scan,high_iop_mechanical_transfer_t1p25_c0p60/results/20260731_5017b619_iop_0_to_60_step2p5_summary.csv,primary_0p26_iop_57.5,primary_0p26,1.25,0.6,57.5,7666.015,10.579466298404345,1410.4756058358641,,0.16670710532494,0.02067398298741,0.259875,,,7.8,14.65741468458854,4.408031233819576,,,,,accepted_FE_summary,P_probe is zero-referenced delta pressure; absolute tissue preload is excluded
pressure_scan,high_iop_mechanical_transfer_t1p25_c0p60/results/20260731_5017b619_iop_0_to_60_step2p5_summary.csv,primary_0p26_iop_60.0,primary_0p26,1.25,0.6,60.0,7999.32,10.799184206334418,1439.7688367569174,,0.1671364695445,0.02110334720697,0.259875,,,7.8,14.65741468458854,4.359924525767951,,,,,accepted_FE_summary,P_probe is zero-referenced delta pressure; absolute tissue preload is excluded
pressure_scan,high_iop_mechanical_transfer_t1p25_c0p60/results/20260731_5017b619_iop_0_to_60_step2p5_summary.csv,sensitivity_0p28_iop_0.0,sensitivity_0p28,1.25,0.6,0.0,0.0,0.0,0.0,,0.16191409653827,0.0,0.2799999999999999,,,7.8,14.65741468458854,5.956870681344404,,,,,accepted_FE_summary,P_probe is zero-referenced delta pressure; absolute tissue preload is excluded
pressure_scan,high_iop_mechanical_transfer_t1p25_c0p60/results/20260731_5017b619_iop_0_to_60_step2p5_summary.csv,sensitivity_0p28_iop_2.5,sensitivity_0p28,1.25,0.6,2.5,333.305,0.3009570925251356,40.12420148963613,,0.16250221522359,0.00058811868532,0.2799999999999999,,,7.8,14.65741468458854,5.905639123354757,,,,,accepted_FE_summary,P_probe is zero-referenced delta pressure; absolute tissue preload is excluded
pressure_scan,high_iop_mechanical_transfer_t1p25_c0p60/results/20260731_5017b619_iop_0_to_60_step2p5_summary.csv,sensitivity_0p28_iop_5.0,sensitivity_0p28,1.25,0.6,5.0,666.61,1.5787623426807158,210.4837530508784,,0.16499925271658,0.00308515617831,0.2799999999999999,,,7.8,14.65741468458854,5.860570472309907,,,,,accepted_FE_summary,P_probe is zero-referenced delta pressure; absolute tissue preload is excluded
pressure_scan,high_iop_mechanical_transfer_t1p25_c0p60/results/20260731_5017b619_iop_0_to_60_step2p5_summary.csv,sensitivity_0p28_iop_7.5,sensitivity_0p28,1.25,0.6,7.5,999.915,3.085027388126741,411.30202143983337,,0.16794273748658,0.00602864094831,0.2799999999999999,,,7.8,14.65741468458854,5.740375482723828,,,,,accepted_FE_summary,P_probe is zero-referenced delta pressure; absolute tissue preload is excluded
pressure_scan,high_iop_mechanical_transfer_t1p25_c0p60/results/20260731_5017b619_iop_0_to_60_step2p5_summary.csv,sensitivity_0p28_iop_10.0,sensitivity_0p28,1.25,0.6,10.0,1333.22,4.378008238914797,583.6848144285985,,0.17046943055013,0.00855533401186,0.2799999999999999,,,7.8,14.65741468458854,5.591276480477143,,,,,accepted_FE_summary,P_probe is zero-referenced delta pressure; absolute tissue preload is excluded
pressure_scan,high_iop_mechanical_transfer_t1p25_c0p60/results/20260731_5017b619_iop_0_to_60_step2p5_summary.csv,sensitivity_0p28_iop_12.5,sensitivity_0p28,1.25,0.6,12.5,1666.525,5.334803484792495,711.246670199505,,0.17233916273489,0.01042506619662,0.2799999999999999,,,7.8,14.65741468458854,5.518336937253724,,,,,accepted_FE_summary,P_probe is zero-referenced delta pressure; absolute tissue preload is excluded
pressure_scan,high_iop_mechanical_transfer_t1p25_c0p60/results/20260731_5017b619_iop_0_to_60_step2p5_summary.csv,sensitivity_0p28_iop_15.0,sensitivity_0p28,1.25,0.6,15.0,1999.83,6.047637131404015,806.2830776330461,,0.17373215461815,0.01181805807988,0.2799999999999999,,,7.8,14.65741468458854,5.404523948172658,,,,,accepted_FE_summary,P_probe is zero-referenced delta pressure; absolute tissue preload is excluded
pressure_scan,high_iop_mechanical_transfer_t1p25_c0p60/results/20260731_5017b619_iop_0_to_60_step2p5_summary.csv,sensitivity_0p28_iop_17.5,sensitivity_0p28,1.25,0.6,17.5,2333.135,6.60876082333083,881.093210488113,,0.17482868078814,0.01291458424987,0.2799999999999999,,,7.8,14.65741468458854,5.367411606143512,,,,,accepted_FE_summary,P_probe is zero-referenced delta pressure; absolute tissue preload is excluded
pressure_scan,high_iop_mechanical_transfer_t1p25_c0p60/results/20260731_5017b619_iop_0_to_60_step2p5_summary.csv,sensitivity_0p28_iop_20.0,sensitivity_0p28,1.25,0.6,20.0,2666.44,7.072201318504799,942.8800241856968,,0.17573431824117,0.0138202217029,0.2799999999999999,,,7.8,14.65741468458854,5.344842095422948,,,,,accepted_FE_summary,P_probe is zero-referenced delta pressure; absolute tissue preload is excluded
pressure_scan,high_iop_mechanical_transfer_t1p25_c0p60/results/20260731_5017b619_iop_0_to_60_step2p5_summary.csv,sensitivity_0p28_iop_22.5,sensitivity_0p28,1.25,0.6,22.5,2999.745,7.471057554538437,996.0563352861734,,0.17651374763823,0.01459965109996,0.2799999999999999,,,7.8,14.65741468458854,5.3489916026979225,,,,,accepted_FE_summary,P_probe is zero-referenced delta pressure; absolute tissue preload is excluded
pressure_scan,high_iop_mechanical_transfer_t1p25_c0p60/results/20260731_5017b619_iop_0_to_60_step2p5_summary.csv,sensitivity_0p28_iop_25.0,sensitivity_0p28,1.25,0.6,25.0,3333.05,7.827667089393361,1043.6002316921017,,0.1772106201693,0.01529652363103,0.2799999999999999,,,7.8,14.65741468458854,5.295689283567628,,,,,accepted_FE_summary,P_probe is zero-referenced delta pressure; absolute tissue preload is excluded
pressure_scan,high_iop_mechanical_transfer_t1p25_c0p60/results/20260731_5017b619_iop_0_to_60_step2p5_summary.csv,sensitivity_0p28_iop_27.5,sensitivity_0p28,1.25,0.6,27.5,3666.355,8.16340547474383,1088.3615447037969,,0.17786670710896,0.01595261057069,0.2799999999999999,,,7.8,14.65741468458854,5.272542351210896,,,,,accepted_FE_summary,P_probe is zero-referenced delta pressure; absolute tissue preload is excluded
pressure_scan,high_iop_mechanical_transfer_t1p25_c0p60/results/20260731_5017b619_iop_0_to_60_step2p5_summary.csv,sensitivity_0p28_iop_30.0,sensitivity_0p28,1.25,0.6,30.0,3999.66,8.486554119632837,1131.4443683376892,,0.17849819166578,0.0165840951275099,0.2799999999999999,,,7.8,14.65741468458854,5.219701684224896,,,,,accepted_FE_summary,P_probe is zero-referenced delta pressure; absolute tissue preload is excluded
pressure_scan,high_iop_mechanical_transfer_t1p25_c0p60/results/20260731_5017b619_iop_0_to_60_step2p5_summary.csv,sensitivity_0p28_iop_32.5,sensitivity_0p28,1.25,0.6,32.5,4332.965,8.793153969214279,1172.3208734835862,,0.17909733720823,0.01718324066996,0.2799999999999999,,,7.8,14.65741468458854,5.138761892726089,,,,,accepted_FE_summary,P_probe is zero-referenced delta pressure; absolute tissue preload is excluded
pressure_scan,high_iop_mechanical_transfer_t1p25_c0p60/results/20260731_5017b619_iop_0_to_60_step2p5_summary.csv,sensitivity_0p28_iop_35.0,sensitivity_0p28,1.25,0.6,35.0,4666.27,9.079618305988,1210.512871790932,,0.17965713471199,0.01774303817372,0.2799999999999999,,,7.8,14.65741468458854,5.061779071089094,,,,,accepted_FE_summary,P_probe is zero-referenced delta pressure; absolute tissue preload is excluded
pressure_scan,high_iop_mechanical_transfer_t1p25_c0p60/results/20260731_5017b619_iop_0_to_60_step2p5_summary.csv,sensitivity_0p28_iop_37.5,sensitivity_0p28,1.25,0.6,37.5,4999.575,9.354876761269384,1247.210879565957,,0.18019503411647,0.0182809375782,0.2799999999999999,,,7.8,14.65741468458854,4.973765308463536,,,,,accepted_FE_summary,P_probe is zero-referenced delta pressure; absolute tissue preload is excluded
pressure_scan,high_iop_mechanical_transfer_t1p25_c0p60/results/20260731_5017b619_iop_0_to_60_step2p5_summary.csv,sensitivity_0p28_iop_40.0,sensitivity_0p28,1.25,0.6,40.0,5332.88,9.64352706959504,1285.69431597255,,0.18075910336111,0.01884500682284,0.2799999999999999,,,7.8,14.65741468458854,4.978204699133277,,,,,accepted_FE_summary,P_probe is zero-referenced delta pressure; absolute tissue preload is excluded
pressure_scan,high_iop_mechanical_transfer_t1p25_c0p60/results/20260731_5017b619_iop_0_to_60_step2p5_summary.csv,sensitivity_0p28_iop_42.5,sensitivity_0p28,1.25,0.6,42.5,5666.185,9.912889561575035,1321.606262128307,,0.18128548110263,0.0193713845643599,0.2799999999999999,,,7.8,14.65741468458854,4.967382761992851,,,,,accepted_FE_summary,P_probe is zero-referenced delta pressure; absolute tissue preload is excluded
pressure_scan,high_iop_mechanical_transfer_t1p25_c0p60/results/20260731_5017b619_iop_0_to_60_step2p5_summary.csv,sensitivity_0p28_iop_45.0,sensitivity_0p28,1.25,0.6,45.0,5999.49,10.17899003542302,1357.0833095026678,,0.18180548433475,0.01989138779648,0.2799999999999999,,,7.8,14.65741468458854,4.872177502586241,,,,,accepted_FE_summary,P_probe is zero-referenced delta pressure; absolute tissue preload is excluded
pressure_scan,high_iop_mechanical_transfer_t1p25_c0p60/results/20260731_5017b619_iop_0_to_60_step2p5_summary.csv,sensitivity_0p28_iop_47.5,sensitivity_0p28,1.25,0.6,47.5,6332.795,10.439537084914765,1391.8199632350063,,0.18231463528024,0.02040053874197,0.2799999999999999,,,7.8,14.65741468458854,4.749396338621538,,,,,accepted_FE_summary,P_probe is zero-referenced delta pressure; absolute tissue preload is excluded
pressure_scan,high_iop_mechanical_transfer_t1p25_c0p60/results/20260731_5017b619_iop_0_to_60_step2p5_summary.csv,sensitivity_0p28_iop_50.0,sensitivity_0p28,1.25,0.6,50.0,6666.1,10.68277488629746,1424.24891339095,,0.18278996116397,0.0208758646257,0.2799999999999999,,,7.8,14.65741468458854,4.744639075602204,,,,,accepted_FE_summary,P_probe is zero-referenced delta pressure; absolute tissue preload is excluded
pressure_scan,high_iop_mechanical_transfer_t1p25_c0p60/results/20260731_5017b619_iop_0_to_60_step2p5_summary.csv,sensitivity_0p28_iop_52.5,sensitivity_0p28,1.25,0.6,52.5,6999.405,10.933246105448225,1457.6422372705683,,0.18327942231234,0.02136532577407,0.2799999999999999,,,7.8,14.65741468458854,4.7490391959726725,,,,,accepted_FE_summary,P_probe is zero-referenced delta pressure; absolute tissue preload is excluded
pressure_scan,high_iop_mechanical_transfer_t1p25_c0p60/results/20260731_5017b619_iop_0_to_60_step2p5_summary.csv,sensitivity_0p28_iop_55.0,sensitivity_0p28,1.25,0.6,55.0,7332.71,11.178791699087824,1490.378866905787,,0.18375925799425,0.02184516145598,0.2799999999999999,,,7.8,14.65741468458854,4.673089287408449,,,,,accepted_FE_summary,P_probe is zero-referenced delta pressure; absolute tissue preload is excluded
pressure_scan,high_iop_mechanical_transfer_t1p25_c0p60/results/20260731_5017b619_iop_0_to_60_step2p5_summary.csv,sensitivity_0p28_iop_57.5,sensitivity_0p28,1.25,0.6,57.5,7666.015,11.421125076760132,1522.6872374838144,,0.18423281648822,0.02231871994995,0.2799999999999999,,,7.8,14.65741468458854,4.6363445402356405,,,,,accepted_FE_summary,P_probe is zero-referenced delta pressure; absolute tissue preload is excluded
pressure_scan,high_iop_mechanical_transfer_t1p25_c0p60/results/20260731_5017b619_iop_0_to_60_step2p5_summary.csv,sensitivity_0p28_iop_60.0,sensitivity_0p28,1.25,0.6,60.0,7999.32,11.660791211626911,1554.640005916523,,0.18470116275968,0.0227870662214099,0.2799999999999999,,,7.8,14.65741468458854,4.640737449307484,,,,,accepted_FE_summary,P_probe is zero-referenced delta pressure; absolute tissue preload is excluded
thickness_pressure_endpoint,thick/experiments/geometric_observable_5deg/iop_from_material_baseline/iop_from_kgeo_material_baseline_full9.csv,h0.8_iop0,sensitivity_0p28,0.8,0.6,0.0,0.0,0.0,0.0,51.79396006087526,0.10121346955966,0.0,0.28,1.0,0.75,7.8,14.65741468458854,,,,,,validated,independent zero-IOP FE baseline
thickness_pressure_endpoint,thick/experiments/geometric_observable_5deg/iop_from_material_baseline/iop_from_kgeo_material_baseline_full9.csv,h0.8_iop20.0,sensitivity_0p28,0.8,0.6,20.0,2666.44,7.05118685369504,940.0783337083302,58.8451469145703,0.11499258753282,0.01377911797316,0.28,1.0,0.75,7.8,14.65741468458854,6.225387142968553,,,,,validated,20-mmHg FE endpoint paired with independent zero baseline
thickness_pressure_endpoint,thick/experiments/geometric_observable_5deg/iop_from_material_baseline/iop_from_kgeo_material_baseline_full9.csv,h1.0_iop0,sensitivity_0p28,1.0,0.6,0.0,0.0,0.0,0.0,65.28842591461218,0.12758375882323,0.0,0.28,1.0,0.75,7.8,14.65741468458854,,,,,,validated,independent zero-IOP FE baseline
thickness_pressure_endpoint,thick/experiments/geometric_observable_5deg/iop_from_material_baseline/iop_from_kgeo_material_baseline_full9.csv,h1.0_iop20.0,sensitivity_0p28,1.0,0.6,20.0,2666.44,6.977406594681869,930.2418020161762,72.26583250929404,0.14121869867232,0.01363493984909,0.28,1.0,0.75,7.8,14.65741468458854,5.937382417836331,,,,,validated,20-mmHg FE endpoint paired with independent zero baseline
thickness_pressure_endpoint,thick/experiments/geometric_observable_5deg/iop_from_material_baseline/iop_from_kgeo_material_baseline_full9.csv,h1.2_iop0,sensitivity_0p28,1.2,0.6,0.0,0.0,0.0,0.0,79.36448768946224,0.1550905771529,0.0,0.28,1.0,0.75,7.8,14.65741468458854,,,,,,validated,independent zero-IOP FE baseline
thickness_pressure_endpoint,thick/experiments/geometric_observable_5deg/iop_from_material_baseline/iop_from_kgeo_material_baseline_full9.csv,h1.2_iop20.0,sensitivity_0p28,1.2,0.6,20.0,2666.44,7.069906055685171,942.5740151560583,86.4343937451474,0.16890627536396,0.0138156982110599,0.28,1.0,0.75,7.8,14.65741468458854,5.411004803295312,,,,,validated,20-mmHg FE endpoint paired with independent zero baseline
thickness_pressure_endpoint,thick/experiments/geometric_observable_5deg/iop_from_material_baseline/iop_from_kgeo_material_baseline_full9.csv,h1.25_iop0,sensitivity_0p28,1.25,0.6,0.0,0.0,0.0,0.0,82.85628666682999,0.16191409651865,0.0,0.28,1.0,0.75,7.8,14.65741468458854,,,,,,validated,independent zero-IOP FE baseline
thickness_pressure_endpoint,thick/experiments/geometric_observable_5deg/iop_from_material_baseline/iop_from_kgeo_material_baseline_full9.csv,h1.25_iop20.0,sensitivity_0p28,1.25,0.6,20.0,2666.44,7.072211426411742,942.8813717920663,89.92849809324173,0.17573429978338,0.01382020326473,0.28,1.0,0.75,7.8,14.65741468458854,5.344842004794155,,,,,validated,20-mmHg FE endpoint paired with independent zero baseline
thickness_pressure_endpoint,thick/experiments/geometric_observable_5deg/iop_from_material_baseline/iop_from_kgeo_material_baseline_full9.csv,h1.4_iop0,sensitivity_0p28,1.4,0.6,0.0,0.0,0.0,0.0,93.19453243707376,0.18211663987191,0.0,0.28,1.0,0.75,7.8,14.65741468458854,,,,,,validated,independent zero-IOP FE baseline
thickness_pressure_endpoint,thick/experiments/geometric_observable_5deg/iop_from_material_baseline/iop_from_kgeo_material_baseline_full9.csv,h1.4_iop20.0,sensitivity_0p28,1.4,0.6,20.0,2666.44,7.175950310056729,956.7120472373832,100.37048274713048,0.19613956508201,0.0140229252100999,0.28,1.0,0.75,7.8,14.65741468458854,5.039474393844641,,,,,validated,20-mmHg FE endpoint paired with independent zero baseline
thickness_pressure_endpoint,thick/experiments/geometric_observable_5deg/iop_from_material_baseline/iop_from_kgeo_material_baseline_full9.csv,h1.5_iop0,sensitivity_0p28,1.5,0.6,0.0,0.0,0.0,0.0,100.14280351087864,0.19569464437271,0.0,0.28,1.0,0.75,7.8,14.65741468458854,,,,,,validated,independent zero-IOP FE baseline
thickness_pressure_endpoint,thick/experiments/geometric_observable_5deg/iop_from_material_baseline/iop_from_kgeo_material_baseline_full9.csv,h1.5_iop20.0,sensitivity_0p28,1.5,0.6,20.0,2666.44,7.22844166045979,963.7102990558202,107.37124517133844,0.20982014586178,0.0141255014890699,0.28,1.0,0.75,7.8,14.65741468458854,4.834328097805413,,,,,validated,20-mmHg FE endpoint paired with independent zero baseline
thickness_pressure_endpoint,thick/experiments/geometric_observable_5deg/iop_from_material_baseline/iop_from_kgeo_material_baseline_full9.csv,h1.6_iop0,sensitivity_0p28,1.6,0.6,0.0,0.0,0.0,0.0,106.75348917533636,0.20861295437414,0.0,0.28,1.0,0.75,7.8,14.65741468458854,,,,,,validated,independent zero-IOP FE baseline
thickness_pressure_endpoint,thick/experiments/geometric_observable_5deg/iop_from_material_baseline/iop_from_kgeo_material_baseline_full9.csv,h1.6_iop20.0,sensitivity_0p28,1.6,0.6,20.0,2666.44,7.371988556984132,982.8482583942384,114.1254777323205,0.22301896886945,0.0144060144953099,0.28,1.0,0.75,7.8,14.65741468458854,4.5786135236887615,,,,,validated,20-mmHg FE endpoint paired with independent zero baseline
thickness_pressure_endpoint,thick/experiments/geometric_observable_5deg/iop_from_material_baseline/iop_from_kgeo_material_baseline_full9.csv,h1.8_iop0,sensitivity_0p28,1.8,0.6,0.0,0.0,0.0,0.0,120.1110867003934,0.23471578159383,0.0,0.28,1.0,0.75,7.8,14.65741468458854,,,,,,validated,independent zero-IOP FE baseline
thickness_pressure_endpoint,thick/experiments/geometric_observable_5deg/iop_from_material_baseline/iop_from_kgeo_material_baseline_full9.csv,h1.8_iop20.0,sensitivity_0p28,1.8,0.6,20.0,2666.44,7.220546598725406,962.6577136352686,127.3316332991188,0.2488258549019,0.01411007330807,0.28,1.0,0.75,7.8,14.65741468458854,4.357146846216153,,,,,validated,20-mmHg FE endpoint paired with independent zero baseline
thickness_pressure_endpoint,thick/experiments/geometric_observable_5deg/iop_from_material_baseline/iop_from_kgeo_material_baseline_full9.csv,h2.0_iop0,sensitivity_0p28,2.0,0.6,0.0,0.0,0.0,0.0,132.85542559478,0.25962020587861,0.0,0.28,1.0,0.75,7.8,14.65741468458854,,,,,,validated,independent zero-IOP FE baseline
thickness_pressure_endpoint,thick/experiments/geometric_observable_5deg/iop_from_material_baseline/iop_from_kgeo_material_baseline_full9.csv,h2.0_iop20.0,sensitivity_0p28,2.0,0.6,20.0,2666.44,6.799570877840013,906.5323885753862,139.65499647262,0.27290762702297,0.0132874211443599,0.28,1.0,0.75,7.8,14.65741468458854,3.952422487603536,,,,,validated,20-mmHg FE endpoint paired with independent zero baseline
force_displacement,thick/experiments/probe_force_curve_0p8/probe_force_curve.csv,eyelid_0p80mm_s0.0,loading_path_0p8,0.8,0.6,20.0,2666.44,,,10.115857019804428,0.01976796107771,,0.0,,,7.8,14.65741468458854,,,,,0.42118561765648,accepted_loading_path,metadata omits IOP; linked study report identifies the source sweep as IOP=20 mmHg
force_displacement,thick/experiments/probe_force_curve_0p8/probe_force_curve.csv,eyelid_0p80mm_s0.025,loading_path_0p8,0.8,0.6,20.0,2666.44,,,15.504189016035449,0.030297601519122,,0.0249999999999999,,,7.8,14.65741468458854,,,,,0.4471989038823333,accepted_loading_path,metadata omits IOP; linked study report identifies the source sweep as IOP=20 mmHg
force_displacement,thick/experiments/probe_force_curve_0p8/probe_force_curve.csv,eyelid_0p80mm_s0.05,loading_path_0p8,0.8,0.6,20.0,2666.44,,,21.529358769986672,0.042071722184284,,0.05,,,7.8,14.65741468458854,,,,,0.4749039375130666,accepted_loading_path,metadata omits IOP; linked study report identifies the source sweep as IOP=20 mmHg
force_displacement,thick/experiments/probe_force_curve_0p8/probe_force_curve.csv,eyelid_0p80mm_s0.075,loading_path_0p8,0.8,0.6,20.0,2666.44,,,27.640781758776164,0.054014395112074,,0.075,,,7.8,14.65741468458854,,,,,0.5031770367978265,accepted_loading_path,metadata omits IOP; linked study report identifies the source sweep as IOP=20 mmHg
force_displacement,thick/experiments/probe_force_curve_0p8/probe_force_curve.csv,eyelid_0p80mm_s0.1,loading_path_0p8,0.8,0.6,20.0,2666.44,,,34.43264693351753,0.067286758111718,,0.0999999999999999,,,7.8,14.65741468458854,,,,,0.5247339008479933,accepted_loading_path,metadata omits IOP; linked study report identifies the source sweep as IOP=20 mmHg
force_displacement,thick/experiments/probe_force_curve_0p8/probe_force_curve.csv,eyelid_0p80mm_s0.125,loading_path_0p8,0.8,0.6,20.0,2666.44,,,41.22451210825889,0.080559121111362,,0.1249999999999999,,,7.8,14.65741468458854,,,,,0.5473957394529534,accepted_loading_path,metadata omits IOP; linked study report identifies the source sweep as IOP=20 mmHg
force_displacement,thick/experiments/probe_force_curve_0p8/probe_force_curve.csv,eyelid_0p80mm_s0.15,loading_path_0p8,0.8,0.6,20.0,2666.44,,,48.22393350383312,0.094237081312195,,0.15,,,7.8,14.65741468458854,,,,,0.5695822530222667,accepted_loading_path,metadata omits IOP; linked study report identifies the source sweep as IOP=20 mmHg
force_displacement,thick/experiments/probe_force_curve_0p8/probe_force_curve.csv,eyelid_0p80mm_s0.175,loading_path_0p8,0.8,0.6,20.0,2666.44,,,55.8673113794286,0.10917343282954,,0.175,,,7.8,14.65741468458854,,,,,0.5890647852503532,accepted_loading_path,metadata omits IOP; linked study report identifies the source sweep as IOP=20 mmHg
force_displacement,thick/experiments/probe_force_curve_0p8/probe_force_curve.csv,eyelid_0p80mm_s0.2,loading_path_0p8,0.8,0.6,20.0,2666.44,,,63.5106892550215,0.12410978434688,,0.2,,,7.8,14.65741468458854,,,,,0.6067385972679665,accepted_loading_path,metadata omits IOP; linked study report identifies the source sweep as IOP=20 mmHg
force_displacement,thick/experiments/probe_force_curve_0p8/probe_force_curve.csv,eyelid_0p80mm_s0.225,loading_path_0p8,0.8,0.6,20.0,2666.44,,,71.15406713061952,0.13904613586423,,0.225,,,7.8,14.65741468458854,,,,,0.6270270290412664,accepted_loading_path,metadata omits IOP; linked study report identifies the source sweep as IOP=20 mmHg
force_displacement,thick/experiments/probe_force_curve_0p8/probe_force_curve.csv,eyelid_0p80mm_s0.25,loading_path_0p8,0.8,0.6,20.0,2666.44,,,79.5101212714368,0.1553751678677,,0.25,,,7.8,14.65741468458854,,,,,0.6490348194394,accepted_loading_path,metadata omits IOP; linked study report identifies the source sweep as IOP=20 mmHg
force_displacement,thick/experiments/probe_force_curve_0p8/probe_force_curve.csv,eyelid_0p80mm_s0.275,loading_path_0p8,0.8,0.6,20.0,2666.44,,,87.99815249841298,0.17196210366491,,0.275,,,7.8,14.65741468458854,,,,,0.6668123593927999,accepted_loading_path,metadata omits IOP; linked study report identifies the source sweep as IOP=20 mmHg
force_displacement,thick/experiments/probe_force_curve_0p8/probe_force_curve.csv,eyelid_0p80mm_s0.3,loading_path_0p8,0.8,0.6,20.0,2666.44,,,96.48618372538402,0.18854903946211,,0.3,,,7.8,14.65741468458854,,,,,0.6849759447206005,accepted_loading_path,metadata omits IOP; linked study report identifies the source sweep as IOP=20 mmHg
force_displacement,thick/experiments/probe_force_curve_0p8/probe_force_curve.csv,eyelid_0p80mm_s0.325,loading_path_0p8,0.8,0.6,20.0,2666.44,,,105.36217936322085,0.20589411817874,,0.325,,,7.8,14.65741468458854,,,,,0.7077558258675334,accepted_loading_path,metadata omits IOP; linked study report identifies the source sweep as IOP=20 mmHg
force_displacement,thick/experiments/probe_force_curve_0p8/probe_force_curve.csv,eyelid_0p80mm_s0.35,loading_path_0p8,0.8,0.6,20.0,2666.44,,,114.72449658649916,0.22418954506196,,0.35,,,7.8,14.65741468458854,,,,,0.7260461705131332,accepted_loading_path,metadata omits IOP; linked study report identifies the source sweep as IOP=20 mmHg
force_displacement,thick/experiments/probe_force_curve_0p8/probe_force_curve.csv,eyelid_0p80mm_s0.375,loading_path_0p8,0.8,0.6,20.0,2666.44,,,124.0868138097826,0.24248497194519,,0.375,,,7.8,14.65741468458854,,,,,0.7458551375146666,accepted_loading_path,metadata omits IOP; linked study report identifies the source sweep as IOP=20 mmHg
force_displacement,thick/experiments/probe_force_curve_0p8/probe_force_curve.csv,eyelid_0p80mm_s0.4,loading_path_0p8,0.8,0.6,20.0,2666.44,,,133.49248092484586,0.26086511127263,,0.4,,,7.8,14.65741468458854,,,,,0.7716722633734664,accepted_loading_path,metadata omits IOP; linked study report identifies the source sweep as IOP=20 mmHg
force_displacement,thick/experiments/probe_force_curve_0p8/probe_force_curve.csv,eyelid_0p80mm_s0.425,loading_path_0p8,0.8,0.6,20.0,2666.44,,,143.8456528175484,0.28109682259527,,0.425,,,7.8,14.65741468458854,,,,,0.7969246396040669,accepted_loading_path,metadata omits IOP; linked study report identifies the source sweep as IOP=20 mmHg
force_displacement,thick/experiments/probe_force_curve_0p8/probe_force_curve.csv,eyelid_0p80mm_s0.45,loading_path_0p8,0.8,0.6,20.0,2666.44,,,154.19882471024576,0.3013285339179,,0.45,,,7.8,14.65741468458854,,,,,0.8189058525057329,accepted_loading_path,metadata omits IOP; linked study report identifies the source sweep as IOP=20 mmHg
force_displacement,thick/experiments/probe_force_curve_0p8/probe_force_curve.csv,eyelid_0p80mm_s0.475,loading_path_0p8,0.8,0.6,20.0,2666.44,,,164.55199660294318,0.32156024524053,,0.475,,,7.8,14.65741468458854,,,,,0.8435139699319996,accepted_loading_path,metadata omits IOP; linked study report identifies the source sweep as IOP=20 mmHg
force_displacement,thick/experiments/probe_force_curve_0p8/probe_force_curve.csv,eyelid_0p80mm_s0.5,loading_path_0p8,0.8,0.6,20.0,2666.44,,,175.64493034577117,0.34323756650323,,0.5,,,7.8,14.65741468458854,,,,,0.873455405583799,accepted_loading_path,metadata omits IOP; linked study report identifies the source sweep as IOP=20 mmHg
force_displacement,thick/experiments/probe_force_curve_0p8/probe_force_curve.csv,eyelid_0p80mm_s0.525,loading_path_0p8,0.8,0.6,20.0,2666.44,,,187.1472468600229,0.36571488549974,,0.5249999999999999,,,7.8,14.65741468458854,,,,,0.8954742270243994,accepted_loading_path,metadata omits IOP; linked study report identifies the source sweep as IOP=20 mmHg
force_displacement,thick/experiments/probe_force_curve_0p8/probe_force_curve.csv,eyelid_0p80mm_s0.55,loading_path_0p8,0.8,0.6,20.0,2666.44,,,198.6495633742797,0.38819220449626,,0.5499999999999999,,,7.8,14.65741468458854,,,,,0.9095573476207336,accepted_loading_path,metadata omits IOP; linked study report identifies the source sweep as IOP=20 mmHg
force_displacement,thick/experiments/probe_force_curve_0p8/probe_force_curve.csv,eyelid_0p80mm_s0.575,loading_path_0p8,0.8,0.6,20.0,2666.44,,,210.2835059354663,0.41092674130116,,0.575,,,7.8,14.65741468458854,,,,,0.9236273815840004,accepted_loading_path,metadata omits IOP; linked study report identifies the source sweep as IOP=20 mmHg
force_displacement,thick/experiments/probe_force_curve_0p8/probe_force_curve.csv,eyelid_0p80mm_s0.6,loading_path_0p8,0.8,0.6,20.0,2666.44,,,222.3258267448399,0.43445931284492,,0.6,,,7.8,14.65741468458854,,,,,0.9359826301580002,accepted_loading_path,metadata omits IOP; linked study report identifies the source sweep as IOP=20 mmHg
force_displacement,thick/experiments/probe_force_curve_0p8/probe_force_curve.csv,eyelid_0p80mm_s0.625,loading_path_0p8,0.8,0.6,20.0,2666.44,,,234.3681475542135,0.45799188438868,,0.625,,,7.8,14.65741468458854,,,,,0.935756055536066,accepted_loading_path,metadata omits IOP; linked study report identifies the source sweep as IOP=20 mmHg
force_displacement,thick/experiments/probe_force_curve_0p8/probe_force_curve.csv,eyelid_0p80mm_s0.65,loading_path_0p8,0.8,0.6,20.0,2666.44,,,246.4104683635871,0.48152445593244,,0.6499999999999999,,,7.8,14.65741468458854,,,,,0.9236352567714,accepted_loading_path,metadata omits IOP; linked study report identifies the source sweep as IOP=20 mmHg
force_displacement,thick/experiments/probe_force_curve_0p8/probe_force_curve.csv,eyelid_0p80mm_s0.675,loading_path_0p8,0.8,0.6,20.0,2666.44,,,258.02701917300845,0.50422500654405,,0.6749999999999999,,,7.8,14.65741468458854,,,,,0.9104872716707356,accepted_loading_path,metadata omits IOP; linked study report identifies the source sweep as IOP=20 mmHg
force_displacement,thick/experiments/probe_force_curve_0p8/probe_force_curve.csv,eyelid_0p80mm_s0.7,loading_path_0p8,0.8,0.6,20.0,2666.44,,,269.5647236861413,0.52677147920526,,0.7,,,7.8,14.65741468458854,,,,,0.8977315621592017,accepted_loading_path,metadata omits IOP; linked study report identifies the source sweep as IOP=20 mmHg
force_displacement,thick/experiments/probe_force_curve_0p8/probe_force_curve.csv,eyelid_0p80mm_s0.725,loading_path_0p8,0.8,0.6,20.0,2666.44,,,281.10242819927413,0.54931795186647,,0.725,,,7.8,14.65741468458854,,,,,0.8799340015356004,accepted_loading_path,metadata omits IOP; linked study report identifies the source sweep as IOP=20 mmHg
force_displacement,thick/experiments/probe_force_curve_0p8/probe_force_curve.csv,eyelid_0p80mm_s0.75,loading_path_0p8,0.8,0.6,20.0,2666.44,,,292.2444735854712,0.5710912449339,,0.75,,,7.8,14.65741468458854,,,,,0.8567023142107987,accepted_loading_path,metadata omits IOP; linked study report identifies the source sweep as IOP=20 mmHg
force_displacement,thick/experiments/probe_force_curve_0p8/probe_force_curve.csv,eyelid_0p80mm_s0.775,loading_path_0p8,0.8,0.6,20.0,2666.44,,,302.8905518970602,0.59189534104575,,0.7749999999999999,,,7.8,14.65741468458854,,,,,0.8386251575111985,accepted_loading_path,metadata omits IOP; linked study report identifies the source sweep as IOP=20 mmHg
force_displacement,thick/experiments/probe_force_curve_0p8/probe_force_curve.csv,eyelid_0p80mm_s0.8,loading_path_0p8,0.8,0.6,20.0,2666.44,,,313.5366302086492,0.6126994371576,,0.7999999999999999,,,7.8,14.65741468458854,,,,,0.8321638444739979,accepted_loading_path,metadata omits IOP; linked study report identifies the source sweep as IOP=20 mmHg
force_displacement,thick/experiments/probe_force_curve_0p8/probe_force_curve.csv,eyelid_1p00mm_s0.0,loading_path_0p8,1.0,0.6,20.0,2666.44,,,9.465501095647618,0.018497064250064,,0.0,,,7.8,14.65741468458854,,,,,0.47797135666584,accepted_loading_path,metadata omits IOP; linked study report identifies the source sweep as IOP=20 mmHg
force_displacement,thick/experiments/probe_force_curve_0p8/probe_force_curve.csv,eyelid_1p00mm_s0.025,loading_path_0p8,1.0,0.6,20.0,2666.44,,,15.580307125195024,0.03044634816671,,0.0249999999999999,,,7.8,14.65741468458854,,,,,0.5179931473645933,accepted_loading_path,metadata omits IOP; linked study report identifies the source sweep as IOP=20 mmHg
force_displacement,thick/experiments/probe_force_curve_0p8/probe_force_curve.csv,eyelid_1p00mm_s0.05,loading_path_0p8,1.0,0.6,20.0,2666.44,,,22.683595501763413,0.044327280635096,,0.05,,,7.8,14.65741468458854,,,,,0.55748234473132,accepted_loading_path,metadata omits IOP; linked study report identifies the source sweep as IOP=20 mmHg
force_displacement,thick/experiments/probe_force_curve_0p8/probe_force_curve.csv,eyelid_1p00mm_s0.075,loading_path_0p8,1.0,0.6,20.0,2666.44,,,29.89348896338545,0.058416536053075,,0.075,,,7.8,14.65741468458854,,,,,0.5973890022376334,accepted_loading_path,metadata omits IOP; linked study report identifies the source sweep as IOP=20 mmHg
force_displacement,thick/experiments/probe_force_curve_0p8/probe_force_curve.csv,eyelid_1p00mm_s0.1,loading_path_0p8,1.0,0.6,20.0,2666.44,,,37.94437809598546,0.074149228073397,,0.0999999999999999,,,7.8,14.65741468458854,,,,,0.6347235487462201,accepted_loading_path,metadata omits IOP; linked study report identifies the source sweep as IOP=20 mmHg
force_displacement,thick/experiments/probe_force_curve_0p8/probe_force_curve.csv,eyelid_1p00mm_s0.125,loading_path_0p8,1.0,0.6,20.0,2666.44,,,46.174797930820105,0.090232751064054,,0.1249999999999999,,,7.8,14.65741468458854,,,,,0.6690685241174534,accepted_loading_path,metadata omits IOP; linked study report identifies the source sweep as IOP=20 mmHg
force_displacement,thick/experiments/probe_force_curve_0p8/probe_force_curve.csv,eyelid_1p00mm_s0.15,loading_path_0p8,1.0,0.6,20.0,2666.44,,,55.12334057459276,0.10771959793605,,0.15,,,7.8,14.65741468458854,,,,,0.6947991526159935,accepted_loading_path,metadata omits IOP; linked study report identifies the source sweep as IOP=20 mmHg
force_displacement,thick/experiments/probe_force_curve_0p8/probe_force_curve.csv,eyelid_1p00mm_s0.175,loading_path_0p8,1.0,0.6,20.0,2666.44,,,64.07188321836233,0.12520644480804,,0.175,,,7.8,14.65741468458854,,,,,0.7229660426925733,accepted_loading_path,metadata omits IOP; linked study report identifies the source sweep as IOP=20 mmHg
force_displacement,thick/experiments/probe_force_curve_0p8/probe_force_curve.csv,eyelid_1p00mm_s0.2,loading_path_0p8,1.0,0.6,20.0,2666.44,,,73.37971938785813,0.14339540722181,,0.2,,,7.8,14.65741468458854,,,,,0.7512272972041999,accepted_loading_path,metadata omits IOP; linked study report identifies the source sweep as IOP=20 mmHg
force_displacement,thick/experiments/probe_force_curve_0p8/probe_force_curve.csv,eyelid_1p00mm_s0.225,loading_path_0p8,1.0,0.6,20.0,2666.44,,,83.41292173192689,0.16300184818218,,0.225,,,7.8,14.65741468458854,,,,,0.7748077814373333,accepted_loading_path,metadata omits IOP; linked study report identifies the source sweep as IOP=20 mmHg
force_displacement,thick/experiments/probe_force_curve_0p8/probe_force_curve.csv,eyelid_1p00mm_s0.25,loading_path_0p8,1.0,0.6,20.0,2666.44,,,93.44612407599053,0.18260828914254,,0.25,,,7.8,14.65741468458854,,,,,0.7982677571346672,accepted_loading_path,metadata omits IOP; linked study report identifies the source sweep as IOP=20 mmHg
force_displacement,thick/experiments/probe_force_curve_0p8/probe_force_curve.csv,eyelid_1p00mm_s0.275,loading_path_0p8,1.0,0.6,20.0,2666.44,,,103.47932642005928,0.20221473010291,,0.275,,,7.8,14.65741468458854,,,,,0.8273222986412669,accepted_loading_path,metadata omits IOP; linked study report identifies the source sweep as IOP=20 mmHg
force_displacement,thick/experiments/probe_force_curve_0p8/probe_force_curve.csv,eyelid_1p00mm_s0.3,loading_path_0p8,1.0,0.6,20.0,2666.44,,,114.58793829102515,0.22392268887128,,0.3,,,7.8,14.65741468458854,,,,,0.8574111442144005,accepted_loading_path,metadata omits IOP; linked study report identifies the source sweep as IOP=20 mmHg
force_displacement,thick/experiments/probe_force_curve_0p8/probe_force_curve.csv,eyelid_1p00mm_s0.325,loading_path_0p8,1.0,0.6,20.0,2666.44,,,125.77594281162438,0.24578579324963,,0.325,,,7.8,14.65741468458854,,,,,0.8816063753700665,accepted_loading_path,metadata omits IOP; linked study report identifies the source sweep as IOP=20 mmHg
force_displacement,thick/experiments/probe_force_curve_0p8/probe_force_curve.csv,eyelid_1p00mm_s0.35,loading_path_0p8,1.0,0.6,20.0,2666.44,,,136.96394733222357,0.26764889762798,,0.35,,,7.8,14.65741468458854,,,,,0.9060353094852666,accepted_loading_path,metadata omits IOP; linked study report identifies the source sweep as IOP=20 mmHg
force_displacement,thick/experiments/probe_force_curve_0p8/probe_force_curve.csv,eyelid_1p00mm_s0.375,loading_path_0p8,1.0,0.6,20.0,2666.44,,,148.77497055998458,0.29072947765172,,0.375,,,7.8,14.65741468458854,,,,,0.9365915609774002,accepted_loading_path,metadata omits IOP; linked study report identifies the source sweep as IOP=20 mmHg
force_displacement,thick/experiments/probe_force_curve_0p8/probe_force_curve.csv,eyelid_1p00mm_s0.4,loading_path_0p8,1.0,0.6,20.0,2666.44,,,161.13571617641742,0.31488430089198,,0.4,,,7.8,14.65741468458854,,,,,0.9612474909287332,accepted_loading_path,metadata omits IOP; linked study report identifies the source sweep as IOP=20 mmHg
force_displacement,thick/experiments/probe_force_curve_0p8/probe_force_curve.csv,eyelid_1p00mm_s0.425,loading_path_0p8,1.0,0.6,20.0,2666.44,,,173.4964617928503,0.33903912413224,,0.425,,,7.8,14.65741468458854,,,,,0.987510497128534,accepted_loading_path,metadata omits IOP; linked study report identifies the source sweep as IOP=20 mmHg
force_displacement,thick/experiments/probe_force_curve_0p8/probe_force_curve.csv,eyelid_1p00mm_s0.45,loading_path_0p8,1.0,0.6,20.0,2666.44,,,186.0273204613576,0.36352637478677,,0.45,,,7.8,14.65741468458854,,,,,1.0212809011175334,accepted_loading_path,metadata omits IOP; linked study report identifies the source sweep as IOP=20 mmHg
force_displacement,thick/experiments/probe_force_curve_0p8/probe_force_curve.csv,eyelid_1p00mm_s0.475,loading_path_0p8,1.0,0.6,20.0,2666.44,,,199.6841655221572,0.39021397832621,,0.475,,,7.8,14.65741468458854,,,,,1.0528351223447334,accepted_loading_path,metadata omits IOP; linked study report identifies the source sweep as IOP=20 mmHg
force_displacement,thick/experiments/probe_force_curve_0p8/probe_force_curve.csv,eyelid_1p00mm_s0.5,loading_path_0p8,1.0,0.6,20.0,2666.44,,,213.34101058295164,0.41690158186564,,0.5,,,7.8,14.65741468458854,,,,,1.078049070220665,accepted_loading_path,metadata omits IOP; linked study report identifies the source sweep as IOP=20 mmHg
force_displacement,thick/experiments/probe_force_curve_0p8/probe_force_curve.csv,eyelid_1p00mm_s0.525,loading_path_0p8,1.0,0.6,20.0,2666.44,,,226.9978556437512,0.44358918540508,,0.5249999999999999,,,7.8,14.65741468458854,,,,,1.1030144141025326,accepted_loading_path,metadata omits IOP; linked study report identifies the source sweep as IOP=20 mmHg
force_displacement,thick/experiments/probe_force_curve_0p8/probe_force_curve.csv,eyelid_1p00mm_s0.55,loading_path_0p8,1.0,0.6,20.0,2666.44,,,241.464124018513,0.471858528241,,0.5499999999999999,,,7.8,14.65741468458854,,,,,1.131855244579801,accepted_loading_path,metadata omits IOP; linked study report identifies the source sweep as IOP=20 mmHg
force_displacement,thick/experiments/probe_force_curve_0p8/probe_force_curve.csv,eyelid_1p00mm_s0.575,loading_path_0p8,1.0,0.6,20.0,2666.44,,,256.2278727565287,0.50070919406623,,0.575,,,7.8,14.65741468458854,,,,,1.1480136257991345,accepted_loading_path,metadata omits IOP; linked study report identifies the source sweep as IOP=20 mmHg
force_displacement,thick/experiments/probe_force_curve_0p8/probe_force_curve.csv,eyelid_1p00mm_s0.6,loading_path_0p8,1.0,0.6,20.0,2666.44,,,270.99162149454446,0.52955985989146,,0.6,,,7.8,14.65741468458854,,,,,1.143298699358467,accepted_loading_path,metadata omits IOP; linked study report identifies the source sweep as IOP=20 mmHg
force_displacement,thick/experiments/probe_force_curve_0p8/probe_force_curve.csv,eyelid_1p00mm_s0.625,loading_path_0p8,1.0,0.6,20.0,2666.44,,,285.5912952465524,0.55808989762449,,0.625,,,7.8,14.65741468458854,,,,,1.1303929145156657,accepted_loading_path,metadata omits IOP; linked study report identifies the source sweep as IOP=20 mmHg
force_displacement,thick/experiments/probe_force_curve_0p8/probe_force_curve.csv,eyelid_1p00mm_s0.65,loading_path_0p8,1.0,0.6,20.0,2666.44,,,299.85972327210976,0.58597262958651,,0.6499999999999999,,,7.8,14.65741468458854,,,,,1.1196246502875329,accepted_loading_path,metadata omits IOP; linked study report identifies the source sweep as IOP=20 mmHg
force_displacement,thick/experiments/probe_force_curve_0p8/probe_force_curve.csv,eyelid_1p00mm_s0.675,loading_path_0p8,1.0,0.6,20.0,2666.44,,,314.1281512976672,0.61385536154853,,0.6749999999999999,,,7.8,14.65741468458854,,,,,1.1142384339796678,accepted_loading_path,metadata omits IOP; linked study report identifies the source sweep as IOP=20 mmHg
force_displacement,thick/experiments/probe_force_curve_0p8/probe_force_curve.csv,eyelid_1p00mm_s0.7,loading_path_0p8,1.0,0.6,20.0,2666.44,,,328.39657932322456,0.64173809351055,,0.7,,,7.8,14.65741468458854,,,,,1.1120176893430682,accepted_loading_path,metadata omits IOP; linked study report identifies the source sweep as IOP=20 mmHg
force_displacement,thick/experiments/probe_force_curve_0p8/probe_force_curve.csv,eyelid_1p00mm_s0.725,loading_path_0p8,1.0,0.6,20.0,2666.44,,,342.58280987413104,0.6694601987974,,0.725,,,7.8,14.65741468458854,,,,,1.0986036200251337,accepted_loading_path,metadata omits IOP; linked study report identifies the source sweep as IOP=20 mmHg
force_displacement,thick/experiments/probe_force_curve_0p8/probe_force_curve.csv,eyelid_1p00mm_s0.75,loading_path_0p8,1.0,0.6,20.0,2666.44,,,356.7629721550951,0.6971704457391,,0.75,,,7.8,14.65741468458854,,,,,1.0747504725706651,accepted_loading_path,metadata omits IOP; linked study report identifies the source sweep as IOP=20 mmHg
force_displacement,thick/experiments/probe_force_curve_0p8/probe_force_curve.csv,eyelid_1p00mm_s0.775,loading_path_0p8,1.0,0.6,20.0,2666.44,,,370.0900088447265,0.72321355232375,,0.7749999999999999,,,7.8,14.65741468458854,,,,,1.0516515716609989,accepted_loading_path,metadata omits IOP; linked study report identifies the source sweep as IOP=20 mmHg
force_displacement,thick/experiments/probe_force_curve_0p8/probe_force_curve.csv,eyelid_1p00mm_s0.8,loading_path_0p8,1.0,0.6,20.0,2666.44,,,383.3866753676765,0.7491973108698,,0.7999999999999999,,,7.8,14.65741468458854,,,,,1.0393503418420016,accepted_loading_path,metadata omits IOP; linked study report identifies the source sweep as IOP=20 mmHg
force_displacement,thick/experiments/probe_force_curve_0p8/probe_force_curve.csv,eyelid_1p20mm_s0.0,loading_path_0p8,1.2,0.6,20.0,2666.44,,,8.906084891494597,0.017403877807404,,0.0,,,7.8,14.65741468458854,,,,,0.53075493413356,accepted_loading_path,metadata omits IOP; linked study report identifies the source sweep as IOP=20 mmHg
force_displacement,thick/experiments/probe_force_curve_0p8/probe_force_curve.csv,eyelid_1p20mm_s0.025,loading_path_0p8,1.2,0.6,20.0,2666.44,,,15.696164309832843,0.030672751160743,,0.0249999999999999,,,7.8,14.65741468458854,,,,,0.5852862849131266,accepted_loading_path,metadata omits IOP; linked study report identifies the source sweep as IOP=20 mmHg
force_displacement,thick/experiments/probe_force_curve_0p8/probe_force_curve.csv,eyelid_1p20mm_s0.05,loading_path_0p8,1.2,0.6,20.0,2666.44,,,23.82697439031373,0.046561621168151,,0.05,,,7.8,14.65741468458854,,,,,0.6412969264271733,accepted_loading_path,metadata omits IOP; linked study report identifies the source sweep as IOP=20 mmHg
force_displacement,thick/experiments/probe_force_curve_0p8/probe_force_curve.csv,eyelid_1p20mm_s0.075,loading_path_0p8,1.2,0.6,20.0,2666.44,,,32.1213910000637,0.062770203830287,,0.075,,,7.8,14.65741468458854,,,,,0.6966554409775467,accepted_loading_path,metadata omits IOP; linked study report identifies the source sweep as IOP=20 mmHg
force_displacement,thick/experiments/probe_force_curve_0p8/probe_force_curve.csv,eyelid_1p20mm_s0.1,loading_path_0p8,1.2,0.6,20.0,2666.44,,,41.706481340710205,0.081500964101936,,0.0999999999999999,,,7.8,14.65741468458854,,,,,0.7374014907610134,accepted_loading_path,metadata omits IOP; linked study report identifies the source sweep as IOP=20 mmHg
force_displacement,thick/experiments/probe_force_curve_0p8/probe_force_curve.csv,eyelid_1p20mm_s0.125,loading_path_0p8,1.2,0.6,20.0,2666.44,,,51.2915716813593,0.10023172437359,,0.1249999999999999,,,7.8,14.65741468458854,,,,,0.7796553379287134,accepted_loading_path,metadata omits IOP; linked study report identifies the source sweep as IOP=20 mmHg
force_displacement,thick/experiments/probe_force_curve_0p8/probe_force_curve.csv,eyelid_1p20mm_s0.15,loading_path_0p8,1.2,0.6,20.0,2666.44,,,61.25935391291433,0.119710324239,,0.15,,,7.8,14.65741468458854,,,,,0.8205628028870271,accepted_loading_path,metadata omits IOP; linked study report identifies the source sweep as IOP=20 mmHg
force_displacement,thick/experiments/probe_force_curve_0p8/probe_force_curve.csv,eyelid_1p20mm_s0.175,loading_path_0p8,1.2,0.6,20.0,2666.44,,,72.41446226756551,0.14150914438253,,0.175,,,7.8,14.65741468458854,,,,,0.8564846705535334,accepted_loading_path,metadata omits IOP; linked study report identifies the source sweep as IOP=20 mmHg
force_displacement,thick/experiments/probe_force_curve_0p8/probe_force_curve.csv,eyelid_1p20mm_s0.2,loading_path_0p8,1.2,0.6,20.0,2666.44,,,83.56957062221157,0.16330796452605,,0.2,,,7.8,14.65741468458854,,,,,0.8889434370048666,accepted_loading_path,metadata omits IOP; linked study report identifies the source sweep as IOP=20 mmHg
force_displacement,thick/experiments/probe_force_curve_0p8/probe_force_curve.csv,eyelid_1p20mm_s0.225,loading_path_0p8,1.2,0.6,20.0,2666.44,,,94.72467897685765,0.18510678466957,,0.225,,,7.8,14.65741468458854,,,,,0.9260711127298662,accepted_loading_path,metadata omits IOP; linked study report identifies the source sweep as IOP=20 mmHg
force_displacement,thick/experiments/probe_force_curve_0p8/probe_force_curve.csv,eyelid_1p20mm_s0.25,loading_path_0p8,1.2,0.6,20.0,2666.44,,,107.18397947251802,0.20945419950269,,0.25,,,7.8,14.65741468458854,,,,,0.9663452016520002,accepted_loading_path,metadata omits IOP; linked study report identifies the source sweep as IOP=20 mmHg
force_displacement,thick/experiments/probe_force_curve_0p8/probe_force_curve.csv,eyelid_1p20mm_s0.275,loading_path_0p8,1.2,0.6,20.0,2666.44,,,119.88479703133144,0.23427357631537,,0.275,,,7.8,14.65741468458854,,,,,0.9979773888502668,accepted_loading_path,metadata omits IOP; linked study report identifies the source sweep as IOP=20 mmHg
force_displacement,thick/experiments/probe_force_curve_0p8/probe_force_curve.csv,eyelid_1p20mm_s0.3,loading_path_0p8,1.2,0.6,20.0,2666.44,,,132.58561459014493,0.25909295312805,,0.3,,,7.8,14.65741468458854,,,,,1.0282865699877342,accepted_loading_path,metadata omits IOP; linked study report identifies the source sweep as IOP=20 mmHg
force_displacement,thick/experiments/probe_force_curve_0p8/probe_force_curve.csv,eyelid_1p20mm_s0.325,loading_path_0p8,1.2,0.6,20.0,2666.44,,,145.9272763462406,0.28516463937175,,0.325,,,7.8,14.65741468458854,,,,,1.0659146467882663,accepted_loading_path,metadata omits IOP; linked study report identifies the source sweep as IOP=20 mmHg
force_displacement,thick/experiments/probe_force_curve_0p8/probe_force_curve.csv,eyelid_1p20mm_s0.35,loading_path_0p8,1.2,0.6,20.0,2666.44,,,160.07224984258883,0.31280612194447,,0.35,,,7.8,14.65741468458854,,,,,1.096061613885466,accepted_loading_path,metadata omits IOP; linked study report identifies the source sweep as IOP=20 mmHg
force_displacement,thick/experiments/probe_force_curve_0p8/probe_force_curve.csv,eyelid_1p20mm_s0.375,loading_path_0p8,1.2,0.6,20.0,2666.44,,,174.21722333893706,0.34044760451719,,0.375,,,7.8,14.65741468458854,,,,,1.1272258531379329,accepted_loading_path,metadata omits IOP; linked study report identifies the source sweep as IOP=20 mmHg
force_displacement,thick/experiments/probe_force_curve_0p8/probe_force_curve.csv,eyelid_1p20mm_s0.4,loading_path_0p8,1.2,0.6,20.0,2666.44,,,188.42879488893973,0.36821923006543,,0.4,,,7.8,14.65741468458854,,,,,1.1668884742489336,accepted_loading_path,metadata omits IOP; linked study report identifies the source sweep as IOP=20 mmHg
force_displacement,thick/experiments/probe_force_curve_0p8/probe_force_curve.csv,eyelid_1p20mm_s0.425,loading_path_0p8,1.2,0.6,20.0,2666.44,,,204.09600961168323,0.39883540922148,,0.425,,,7.8,14.65741468458854,,,,,1.2056834755231345,accepted_loading_path,metadata omits IOP; linked study report identifies the source sweep as IOP=20 mmHg
force_displacement,thick/experiments/probe_force_curve_0p8/probe_force_curve.csv,eyelid_1p20mm_s0.45,loading_path_0p8,1.2,0.6,20.0,2666.44,,,219.7632243344216,0.42945158837752,,0.45,,,7.8,14.65741468458854,,,,,1.2379248958206663,accepted_loading_path,metadata omits IOP; linked study report identifies the source sweep as IOP=20 mmHg
force_displacement,thick/experiments/probe_force_curve_0p8/probe_force_curve.csv,eyelid_1p20mm_s0.475,loading_path_0p8,1.2,0.6,20.0,2666.44,,,235.4304390571651,0.46006776753357,,0.475,,,7.8,14.65741468458854,,,,,1.2718282247453327,accepted_loading_path,metadata omits IOP; linked study report identifies the source sweep as IOP=20 mmHg
force_displacement,thick/experiments/probe_force_curve_0p8/probe_force_curve.csv,eyelid_1p20mm_s0.5,loading_path_0p8,1.2,0.6,20.0,2666.44,,,252.1168454919832,0.49267560612644,,0.5,,,7.8,14.65741468458854,,,,,1.313079423436998,accepted_loading_path,metadata omits IOP; linked study report identifies the source sweep as IOP=20 mmHg
force_displacement,thick/experiments/probe_force_curve_0p8/probe_force_curve.csv,eyelid_1p20mm_s0.525,loading_path_0p8,1.2,0.6,20.0,2666.44,,,269.36727064125733,0.52638562518436,,0.5249999999999999,,,7.8,14.65741468458854,,,,,1.3416458128103312,accepted_loading_path,metadata omits IOP; linked study report identifies the source sweep as IOP=20 mmHg
force_displacement,thick/experiments/probe_force_curve_0p8/probe_force_curve.csv,eyelid_1p20mm_s0.55,loading_path_0p8,1.2,0.6,20.0,2666.44,,,286.61769579053146,0.56009564424228,,0.5499999999999999,,,7.8,14.65741468458854,,,,,1.3520190962143996,accepted_loading_path,metadata omits IOP; linked study report identifies the source sweep as IOP=20 mmHg
force_displacement,thick/experiments/probe_force_curve_0p8/probe_force_curve.csv,eyelid_1p20mm_s0.575,loading_path_0p8,1.2,0.6,20.0,2666.44,,,303.9136331948844,0.59389460133928,,0.575,,,7.8,14.65741468458854,,,,,1.356884082967467,accepted_loading_path,metadata omits IOP; linked study report identifies the source sweep as IOP=20 mmHg
force_displacement,thick/experiments/probe_force_curve_0p8/probe_force_curve.csv,eyelid_1p20mm_s0.6,loading_path_0p8,1.2,0.6,20.0,2666.44,,,321.35077528807017,0.62796949440368,,0.6,,,7.8,14.65741468458854,,,,,1.3611561494600004,accepted_loading_path,metadata omits IOP; linked study report identifies the source sweep as IOP=20 mmHg
force_displacement,thick/experiments/probe_force_curve_0p8/probe_force_curve.csv,eyelid_1p20mm_s0.625,loading_path_0p8,1.2,0.6,20.0,2666.44,,,338.787917381256,0.66204438746808,,0.625,,,7.8,14.65741468458854,,,,,1.3556582479216648,accepted_loading_path,metadata omits IOP; linked study report identifies the source sweep as IOP=20 mmHg
force_displacement,thick/experiments/probe_force_curve_0p8/probe_force_curve.csv,eyelid_1p20mm_s0.65,loading_path_0p8,1.2,0.6,20.0,2666.44,,,356.2250594744418,0.69611928053248,,0.6499999999999999,,,7.8,14.65741468458854,,,,,1.3396245070103974,accepted_loading_path,metadata omits IOP; linked study report identifies the source sweep as IOP=20 mmHg
force_displacement,thick/experiments/probe_force_curve_0p8/probe_force_curve.csv,eyelid_1p20mm_s0.675,loading_path_0p8,1.2,0.6,20.0,2666.44,,,373.098980776688,0.72909355239873,,0.6749999999999999,,,7.8,14.65741468458854,,,,,1.3222319744964672,accepted_loading_path,metadata omits IOP; linked study report identifies the source sweep as IOP=20 mmHg
force_displacement,thick/experiments/probe_force_curve_0p8/probe_force_curve.csv,eyelid_1p20mm_s0.7,loading_path_0p8,1.2,0.6,20.0,2666.44,,,389.8686019324681,0.76186400552459,,0.7,,,7.8,14.65741468458854,,,,,1.3098683235905342,accepted_loading_path,metadata omits IOP; linked study report identifies the source sweep as IOP=20 mmHg
force_displacement,thick/experiments/probe_force_curve_0p8/probe_force_curve.csv,eyelid_1p20mm_s0.725,loading_path_0p8,1.2,0.6,20.0,2666.44,,,406.6382230882431,0.79463445865044,,0.725,,,7.8,14.65741468458854,,,,,1.3009984757386004,accepted_loading_path,metadata omits IOP; linked study report identifies the source sweep as IOP=20 mmHg
force_displacement,thick/experiments/probe_force_curve_0p8/probe_force_curve.csv,eyelid_1p20mm_s0.75,loading_path_0p8,1.2,0.6,20.0,2666.44,,,423.2306378259069,0.82705862281935,,0.75,,,7.8,14.65741468458854,,,,,1.2905935493327316,accepted_loading_path,metadata omits IOP; linked study report identifies the source sweep as IOP=20 mmHg
force_displacement,thick/experiments/probe_force_curve_0p8/probe_force_curve.csv,eyelid_1p20mm_s0.775,loading_path_0p8,1.2,0.6,20.0,2666.44,,,439.6009205746647,0.85904870646476,,0.7749999999999999,,,7.8,14.65741468458854,,,,,1.282497215973265,accepted_loading_path,metadata omits IOP; linked study report identifies the source sweep as IOP=20 mmHg
force_displacement,thick/experiments/probe_force_curve_0p8/probe_force_curve.csv,eyelid_1p20mm_s0.8,loading_path_0p8,1.2,0.6,20.0,2666.44,,,455.9712033234275,0.89103879011018,,0.7999999999999999,,,7.8,14.65741468458854,,,,,1.2796033458167988,accepted_loading_path,metadata omits IOP; linked study report identifies the source sweep as IOP=20 mmHg
force_displacement,thick/experiments/probe_force_curve_0p8/probe_force_curve.csv,eyelid_1p40mm_s0.0,loading_path_0p8,1.4,0.6,20.0,2666.44,,,8.14090386538504,0.015908594836132,,0.0,,,7.8,14.65741468458854,,,,,0.5662085155069599,accepted_loading_path,metadata omits IOP; linked study report identifies the source sweep as IOP=20 mmHg
force_displacement,thick/experiments/probe_force_curve_0p8/probe_force_curve.csv,eyelid_1p40mm_s0.025,loading_path_0p8,1.4,0.6,20.0,2666.44,,,15.3845497372936,0.030063807723806,,0.0249999999999999,,,7.8,14.65741468458854,,,,,0.63812854288154,accepted_loading_path,metadata omits IOP; linked study report identifies the source sweep as IOP=20 mmHg
force_displacement,thick/experiments/probe_force_curve_0p8/probe_force_curve.csv,eyelid_1p40mm_s0.05,loading_path_0p8,1.4,0.6,20.0,2666.44,,,24.39614906847379,0.047673877189787,,0.05,,,7.8,14.65741468458854,,,,,0.7121086002535533,accepted_loading_path,metadata omits IOP; linked study report identifies the source sweep as IOP=20 mmHg
force_displacement,thick/experiments/probe_force_curve_0p8/probe_force_curve.csv,eyelid_1p40mm_s0.075,loading_path_0p8,1.4,0.6,20.0,2666.44,,,33.624432433994144,0.065707381027034,,0.075,,,7.8,14.65741468458854,,,,,0.78532579181456,accepted_loading_path,metadata omits IOP; linked study report identifies the source sweep as IOP=20 mmHg
force_displacement,thick/experiments/probe_force_curve_0p8/probe_force_curve.csv,eyelid_1p40mm_s0.1,loading_path_0p8,1.4,0.6,20.0,2666.44,,,44.56211207042132,0.087081311570937,,0.0999999999999999,,,7.8,14.65741468458854,,,,,0.8389557387851266,accepted_loading_path,metadata omits IOP; linked study report identifies the source sweep as IOP=20 mmHg
force_displacement,thick/experiments/probe_force_curve_0p8/probe_force_curve.csv,eyelid_1p40mm_s0.125,loading_path_0p8,1.4,0.6,20.0,2666.44,,,55.49979170684848,0.10845524211484,,0.1249999999999999,,,7.8,14.65741468458854,,,,,0.8932082669047268,accepted_loading_path,metadata omits IOP; linked study report identifies the source sweep as IOP=20 mmHg
force_displacement,thick/experiments/probe_force_curve_0p8/probe_force_curve.csv,eyelid_1p40mm_s0.15,loading_path_0p8,1.4,0.6,20.0,2666.44,,,66.91860198878678,0.13076937691975,,0.15,,,7.8,14.65741468458854,,,,,0.9446382435750867,accepted_loading_path,metadata omits IOP; linked study report identifies the source sweep as IOP=20 mmHg
force_displacement,thick/experiments/probe_force_curve_0p8/probe_force_curve.csv,eyelid_1p40mm_s0.175,loading_path_0p8,1.4,0.6,20.0,2666.44,,,79.8301509401273,0.15600055571393,,0.175,,,7.8,14.65741468458854,,,,,0.9898001918387334,accepted_loading_path,metadata omits IOP; linked study report identifies the source sweep as IOP=20 mmHg
force_displacement,thick/experiments/probe_force_curve_0p8/probe_force_curve.csv,eyelid_1p40mm_s0.2,loading_path_0p8,1.4,0.6,20.0,2666.44,,,92.7416998914678,0.18123173450811,,0.2,,,7.8,14.65741468458854,,,,,1.0297341266288664,accepted_loading_path,metadata omits IOP; linked study report identifies the source sweep as IOP=20 mmHg
force_displacement,thick/experiments/probe_force_curve_0p8/probe_force_curve.csv,eyelid_1p40mm_s0.225,loading_path_0p8,1.4,0.6,20.0,2666.44,,,105.65324884280828,0.20646291330229,,0.225,,,7.8,14.65741468458854,,,,,1.074501960585733,accepted_loading_path,metadata omits IOP; linked study report identifies the source sweep as IOP=20 mmHg
force_displacement,thick/experiments/probe_force_curve_0p8/probe_force_curve.csv,eyelid_1p40mm_s0.25,loading_path_0p8,1.4,0.6,20.0,2666.44,,,120.13736747638043,0.23476713832572,,0.25,,,7.8,14.65741468458854,,,,,1.1230636787762005,accepted_loading_path,metadata omits IOP; linked study report identifies the source sweep as IOP=20 mmHg
force_displacement,thick/experiments/probe_force_curve_0p8/probe_force_curve.csv,eyelid_1p40mm_s0.275,loading_path_0p8,1.4,0.6,20.0,2666.44,,,134.91270271776494,0.26364044598418,,0.275,,,7.8,14.65741468458854,,,,,1.1621331390839331,accepted_loading_path,metadata omits IOP; linked study report identifies the source sweep as IOP=20 mmHg
force_displacement,thick/experiments/probe_force_curve_0p8/probe_force_curve.csv,eyelid_1p40mm_s0.3,loading_path_0p8,1.4,0.6,20.0,2666.44,,,149.68803795915454,0.29251375364265,,0.3,,,7.8,14.65741468458854,,,,,1.201698567291134,accepted_loading_path,metadata omits IOP; linked study report identifies the source sweep as IOP=20 mmHg
force_displacement,thick/experiments/probe_force_curve_0p8/probe_force_curve.csv,eyelid_1p40mm_s0.325,loading_path_0p8,1.4,0.6,20.0,2666.44,,,165.30732203644743,0.32303626884795,,0.325,,,7.8,14.65741468458854,,,,,1.2512522212805337,accepted_loading_path,metadata omits IOP; linked study report identifies the source sweep as IOP=20 mmHg
force_displacement,thick/experiments/probe_force_curve_0p8/probe_force_curve.csv,eyelid_1p40mm_s0.35,loading_path_0p8,1.4,0.6,20.0,2666.44,,,181.98451380945292,0.35562610055562,,0.35,,,7.8,14.65741468458854,,,,,1.2908820441306663,accepted_loading_path,metadata omits IOP; linked study report identifies the source sweep as IOP=20 mmHg
force_displacement,thick/experiments/probe_force_curve_0p8/probe_force_curve.csv,eyelid_1p40mm_s0.375,loading_path_0p8,1.4,0.6,20.0,2666.44,,,198.66170558245847,0.38821593226329,,0.375,,,7.8,14.65741468458854,,,,,1.3302124306068663,accepted_loading_path,metadata omits IOP; linked study report identifies the source sweep as IOP=20 mmHg
force_displacement,thick/experiments/probe_force_curve_0p8/probe_force_curve.csv,eyelid_1p40mm_s0.4,loading_path_0p8,1.4,0.6,20.0,2666.44,,,215.4210980032396,0.42096639684691,,0.4,,,7.8,14.65741468458854,,,,,1.3791672118482667,accepted_loading_path,metadata omits IOP; linked study report identifies the source sweep as IOP=20 mmHg
force_displacement,thick/experiments/probe_force_curve_0p8/probe_force_curve.csv,eyelid_1p40mm_s0.425,loading_path_0p8,1.4,0.6,20.0,2666.44,,,233.97716172538435,0.45722783714769,,0.425,,,7.8,14.65741468458854,,,,,1.4270511072500014,accepted_loading_path,metadata omits IOP; linked study report identifies the source sweep as IOP=20 mmHg
force_displacement,thick/experiments/probe_force_curve_0p8/probe_force_curve.csv,eyelid_1p40mm_s0.45,loading_path_0p8,1.4,0.6,20.0,2666.44,,,252.533225447524,0.49348927744846,,0.45,,,7.8,14.65741468458854,,,,,1.4640550617851995,accepted_loading_path,metadata omits IOP; linked study report identifies the source sweep as IOP=20 mmHg
force_displacement,thick/experiments/probe_force_curve_0p8/probe_force_curve.csv,eyelid_1p40mm_s0.475,loading_path_0p8,1.4,0.6,20.0,2666.44,,,271.08928916966875,0.52975071774924,,0.475,,,7.8,14.65741468458854,,,,,1.4987747635847992,accepted_loading_path,metadata omits IOP; linked study report identifies the source sweep as IOP=20 mmHg
force_displacement,thick/experiments/probe_force_curve_0p8/probe_force_curve.csv,eyelid_1p40mm_s0.5,loading_path_0p8,1.4,0.6,20.0,2666.44,,,290.6890861605564,0.56805177551314,,0.5,,,7.8,14.65741468458854,,,,,1.541019267675665,accepted_loading_path,metadata omits IOP; linked study report identifies the source sweep as IOP=20 mmHg
force_displacement,thick/experiments/probe_force_curve_0p8/probe_force_curve.csv,eyelid_1p40mm_s0.525,loading_path_0p8,1.4,0.6,20.0,2666.44,,,310.86648311571065,0.60748155362073,,0.5249999999999999,,,7.8,14.65741468458854,,,,,1.5689404001550658,accepted_loading_path,metadata omits IOP; linked study report identifies the source sweep as IOP=20 mmHg
force_displacement,thick/experiments/probe_force_curve_0p8/probe_force_curve.csv,eyelid_1p40mm_s0.55,loading_path_0p8,1.4,0.6,20.0,2666.44,,,331.0438800708651,0.64691133172832,,0.5499999999999999,,,7.8,14.65741468458854,,,,,1.572761139636268,accepted_loading_path,metadata omits IOP; linked study report identifies the source sweep as IOP=20 mmHg
force_displacement,thick/experiments/probe_force_curve_0p8/probe_force_curve.csv,eyelid_1p40mm_s0.575,loading_path_0p8,1.4,0.6,20.0,2666.44,,,351.16555563659443,0.68623222155732,,0.575,,,7.8,14.65741468458854,,,,,1.566804857730668,accepted_loading_path,metadata omits IOP; linked study report identifies the source sweep as IOP=20 mmHg
force_displacement,thick/experiments/probe_force_curve_0p8/probe_force_curve.csv,eyelid_1p40mm_s0.6,loading_path_0p8,1.4,0.6,20.0,2666.44,,,371.1143520197556,0.72521527852199,,0.6,,,7.8,14.65741468458854,,,,,1.5615744976823338,accepted_loading_path,metadata omits IOP; linked study report identifies the source sweep as IOP=20 mmHg
force_displacement,thick/experiments/probe_force_curve_0p8/probe_force_curve.csv,eyelid_1p40mm_s0.625,loading_path_0p8,1.4,0.6,20.0,2666.44,,,391.0631484029168,0.76419833548666,,0.625,,,7.8,14.65741468458854,,,,,1.556449827978465,accepted_loading_path,metadata omits IOP; linked study report identifies the source sweep as IOP=20 mmHg
force_displacement,thick/experiments/probe_force_curve_0p8/probe_force_curve.csv,eyelid_1p40mm_s0.65,loading_path_0p8,1.4,0.6,20.0,2666.44,,,411.011944786078,0.80318139245133,,0.6499999999999999,,,7.8,14.65741468458854,,,,,1.5501729914638642,accepted_loading_path,metadata omits IOP; linked study report identifies the source sweep as IOP=20 mmHg
force_displacement,thick/experiments/probe_force_curve_0p8/probe_force_curve.csv,eyelid_1p40mm_s0.675,loading_path_0p8,1.4,0.6,20.0,2666.44,,,430.7402533338768,0.84173358182475,,0.6749999999999999,,,7.8,14.65741468458854,,,,,1.5433642196514008,accepted_loading_path,metadata omits IOP; linked study report identifies the source sweep as IOP=20 mmHg
force_displacement,thick/experiments/probe_force_curve_0p8/probe_force_curve.csv,eyelid_1p40mm_s0.7,loading_path_0p8,1.4,0.6,20.0,2666.44,,,450.42773080104575,0.88020598090348,,0.7,,,7.8,14.65741468458854,,,,,1.5367650156178003,accepted_loading_path,metadata omits IOP; linked study report identifies the source sweep as IOP=20 mmHg
force_displacement,thick/experiments/probe_force_curve_0p8/probe_force_curve.csv,eyelid_1p40mm_s0.725,loading_path_0p8,1.4,0.6,20.0,2666.44,,,470.1152082682199,0.91867837998222,,0.725,,,7.8,14.65741468458854,,,,,1.527569334776134,accepted_loading_path,metadata omits IOP; linked study report identifies the source sweep as IOP=20 mmHg
force_displacement,thick/experiments/probe_force_curve_0p8/probe_force_curve.csv,eyelid_1p40mm_s0.75,loading_path_0p8,1.4,0.6,20.0,2666.44,,,489.59828421524094,0.95675134663653,,0.75,,,7.8,14.65741468458854,,,,,1.515567609347465,accepted_loading_path,metadata omits IOP; linked study report identifies the source sweep as IOP=20 mmHg
force_displacement,thick/experiments/probe_force_curve_0p8/probe_force_curve.csv,eyelid_1p40mm_s0.775,loading_path_0p8,1.4,0.6,20.0,2666.44,,,508.8251385384168,0.99432361630812,,0.7749999999999999,,,7.8,14.65741468458854,,,,,1.506228766748199,accepted_loading_path,metadata omits IOP; linked study report identifies the source sweep as IOP=20 mmHg
force_displacement,thick/experiments/probe_force_curve_0p8/probe_force_curve.csv,eyelid_1p40mm_s0.8,loading_path_0p8,1.4,0.6,20.0,2666.44,,,528.0519928615875,1.0318958859797,,0.7999999999999999,,,7.8,14.65741468458854,,,,,1.5028907868631989,accepted_loading_path,metadata omits IOP; linked study report identifies the source sweep as IOP=20 mmHg
force_displacement,thick/experiments/probe_force_curve_0p8/probe_force_curve.csv,eyelid_1p60mm_s0.0,loading_path_0p8,1.6,0.6,20.0,2666.44,,,7.471377526244384,0.014600236030079,,0.0,,,7.8,14.65741468458854,,,,,0.5949008925235599,accepted_loading_path,metadata omits IOP; linked study report identifies the source sweep as IOP=20 mmHg
force_displacement,thick/experiments/probe_force_curve_0p8/probe_force_curve.csv,eyelid_1p60mm_s0.025,loading_path_0p8,1.6,0.6,20.0,2666.44,,,15.082092088643144,0.029472758343168,,0.0249999999999999,,,7.8,14.65741468458854,,,,,0.6839451843388733,accepted_loading_path,metadata omits IOP; linked study report identifies the source sweep as IOP=20 mmHg
force_displacement,thick/experiments/probe_force_curve_0p8/probe_force_curve.csv,eyelid_1p60mm_s0.05,loading_path_0p8,1.6,0.6,20.0,2666.44,,,24.881133949772376,0.048621613228169,,0.05,,,7.8,14.65741468458854,,,,,0.7757485068042533,accepted_loading_path,metadata omits IOP; linked study report identifies the source sweep as IOP=20 mmHg
force_displacement,thick/experiments/probe_force_curve_0p8/probe_force_curve.csv,eyelid_1p60mm_s0.075,loading_path_0p8,1.6,0.6,20.0,2666.44,,,34.95018808198269,0.068298114169731,,0.075,,,7.8,14.65741468458854,,,,,0.8667932195426467,accepted_loading_path,metadata omits IOP; linked study report identifies the source sweep as IOP=20 mmHg
force_displacement,thick/experiments/probe_force_curve_0p8/probe_force_curve.csv,eyelid_1p60mm_s0.1,loading_path_0p8,1.6,0.6,20.0,2666.44,,,47.149339019383454,0.092137156224154,,0.0999999999999999,,,7.8,14.65741468458854,,,,,0.9333851552750668,accepted_loading_path,metadata omits IOP; linked study report identifies the source sweep as IOP=20 mmHg
force_displacement,thick/experiments/probe_force_curve_0p8/probe_force_curve.csv,eyelid_1p60mm_s0.125,loading_path_0p8,1.6,0.6,20.0,2666.44,,,59.34848995678576,0.11597619827858,,0.1249999999999999,,,7.8,14.65741468458854,,,,,0.999780959863167,accepted_loading_path,metadata omits IOP; linked study report identifies the source sweep as IOP=20 mmHg
force_displacement,thick/experiments/probe_force_curve_0p8/probe_force_curve.csv,eyelid_1p60mm_s0.15,loading_path_0p8,1.6,0.6,20.0,2666.44,,,72.128997843303,0.14095130241058,,0.15,,,7.8,14.65741468458854,,,,,1.0619245265001735,accepted_loading_path,metadata omits IOP; linked study report identifies the source sweep as IOP=20 mmHg
force_displacement,thick/experiments/probe_force_curve_0p8/probe_force_curve.csv,eyelid_1p60mm_s0.175,loading_path_0p8,1.6,0.6,20.0,2666.44,,,86.71320293093817,0.16945111196278,,0.175,,,7.8,14.65741468458854,,,,,1.1164943459533332,accepted_loading_path,metadata omits IOP; linked study report identifies the source sweep as IOP=20 mmHg
force_displacement,thick/experiments/probe_force_curve_0p8/probe_force_curve.csv,eyelid_1p60mm_s0.2,loading_path_0p8,1.6,0.6,20.0,2666.44,,,101.2974080185733,0.19795092151498,,0.2,,,7.8,14.65741468458854,,,,,1.165394217813133,accepted_loading_path,metadata omits IOP; linked study report identifies the source sweep as IOP=20 mmHg
force_displacement,thick/experiments/probe_force_curve_0p8/probe_force_curve.csv,eyelid_1p60mm_s0.225,loading_path_0p8,1.6,0.6,20.0,2666.44,,,115.88161310620843,0.22645073106718,,0.225,,,7.8,14.65741468458854,,,,,1.2209019329161994,accepted_loading_path,metadata omits IOP; linked study report identifies the source sweep as IOP=20 mmHg
force_displacement,thick/experiments/probe_force_curve_0p8/probe_force_curve.csv,eyelid_1p60mm_s0.25,loading_path_0p8,1.6,0.6,20.0,2666.44,,,132.41565007503152,0.25876081597815,,0.25,,,7.8,14.65741468458854,,,,,1.2811136916721342,accepted_loading_path,metadata omits IOP; linked study report identifies the source sweep as IOP=20 mmHg
force_displacement,thick/experiments/probe_force_curve_0p8/probe_force_curve.csv,eyelid_1p60mm_s0.275,loading_path_0p8,1.6,0.6,20.0,2666.44,,,149.31076702185217,0.29177650743704,,0.275,,,7.8,14.65741468458854,,,,,1.3288014734804672,accepted_loading_path,metadata omits IOP; linked study report identifies the source sweep as IOP=20 mmHg
force_displacement,thick/experiments/probe_force_curve_0p8/probe_force_curve.csv,eyelid_1p60mm_s0.3,loading_path_0p8,1.6,0.6,20.0,2666.44,,,166.20588396867797,0.32479219889594,,0.3,,,7.8,14.65741468458854,,,,,1.3754039027335343,accepted_loading_path,metadata omits IOP; linked study report identifies the source sweep as IOP=20 mmHg
force_displacement,thick/experiments/probe_force_curve_0p8/probe_force_curve.csv,eyelid_1p60mm_s0.325,loading_path_0p8,1.6,0.6,20.0,2666.44,,,184.08949874996915,0.35973956917146,,0.325,,,7.8,14.65741468458854,,,,,1.433444956378933,accepted_loading_path,metadata omits IOP; linked study report identifies the source sweep as IOP=20 mmHg
force_displacement,thick/experiments/probe_force_curve_0p8/probe_force_curve.csv,eyelid_1p60mm_s0.35,loading_path_0p8,1.6,0.6,20.0,2666.44,,,203.2122164505357,0.39710833965376,,0.35,,,7.8,14.65741468458854,,,,,1.4799253305191995,accepted_loading_path,metadata omits IOP; linked study report identifies the source sweep as IOP=20 mmHg
force_displacement,thick/experiments/probe_force_curve_0p8/probe_force_curve.csv,eyelid_1p60mm_s0.375,loading_path_0p8,1.6,0.6,20.0,2666.44,,,222.3349341511022,0.43447711013606,,0.375,,,7.8,14.65741468458854,,,,,1.5274921326364663,accepted_loading_path,metadata omits IOP; linked study report identifies the source sweep as IOP=20 mmHg
force_displacement,thick/experiments/probe_force_curve_0p8/probe_force_curve.csv,eyelid_1p60mm_s0.4,loading_path_0p8,1.6,0.6,20.0,2666.44,,,241.55875785701247,0.47204345750922,,0.4,,,7.8,14.65741468458854,,,,,1.587706042235799,accepted_loading_path,metadata omits IOP; linked study report identifies the source sweep as IOP=20 mmHg
force_displacement,thick/experiments/probe_force_curve_0p8/probe_force_curve.csv,eyelid_1p60mm_s0.425,loading_path_0p8,1.6,0.6,20.0,2666.44,,,262.9924699655851,0.51392827121147,,0.425,,,7.8,14.65741468458854,,,,,1.6466027725627337,accepted_loading_path,metadata omits IOP; linked study report identifies the source sweep as IOP=20 mmHg
force_displacement,thick/experiments/probe_force_curve_0p8/probe_force_curve.csv,eyelid_1p60mm_s0.45,loading_path_0p8,1.6,0.6,20.0,2666.44,,,284.42618207415785,0.55581308491372,,0.45,,,7.8,14.65741468458854,,,,,1.6868571679444,accepted_loading_path,metadata omits IOP; linked study report identifies the source sweep as IOP=20 mmHg
force_displacement,thick/experiments/probe_force_curve_0p8/probe_force_curve.csv,eyelid_1p60mm_s0.475,loading_path_0p8,1.6,0.6,20.0,2666.44,,,305.8598941827305,0.59769789861597,,0.475,,,7.8,14.65741468458854,,,,,1.7161309060192669,accepted_loading_path,metadata omits IOP; linked study report identifies the source sweep as IOP=20 mmHg
force_displacement,thick/experiments/probe_force_curve_0p8/probe_force_curve.csv,eyelid_1p60mm_s0.5,loading_path_0p8,1.6,0.6,20.0,2666.44,,,328.17362463091047,0.64130240529638,,0.5,,,7.8,14.65741468458854,,,,,1.7517491424601983,accepted_loading_path,metadata omits IOP; linked study report identifies the source sweep as IOP=20 mmHg
force_displacement,thick/experiments/probe_force_curve_0p8/probe_force_curve.csv,eyelid_1p60mm_s0.525,loading_path_0p8,1.6,0.6,20.0,2666.44,,,350.9743555194587,0.6858585867317,,0.5249999999999999,,,7.8,14.65741468458854,,,,,1.7753852544865982,accepted_loading_path,metadata omits IOP; linked study report identifies the source sweep as IOP=20 mmHg
force_displacement,thick/experiments/probe_force_curve_0p8/probe_force_curve.csv,eyelid_1p60mm_s0.55,loading_path_0p8,1.6,0.6,20.0,2666.44,,,373.7750864080069,0.73041476816702,,0.5499999999999999,,,7.8,14.65741468458854,,,,,1.7790891526613333,accepted_loading_path,metadata omits IOP; linked study report identifies the source sweep as IOP=20 mmHg
force_displacement,thick/experiments/probe_force_curve_0p8/probe_force_curve.csv,eyelid_1p60mm_s0.575,loading_path_0p8,1.6,0.6,20.0,2666.44,,,396.536093911957,0.77489332391832,,0.575,,,7.8,14.65741468458854,,,,,1.7748429613989338,accepted_loading_path,metadata omits IOP; linked study report identifies the source sweep as IOP=20 mmHg
force_displacement,thick/experiments/probe_force_curve_0p8/probe_force_curve.csv,eyelid_1p60mm_s0.6,loading_path_0p8,1.6,0.6,20.0,2666.44,,,419.17385706882953,0.81913104100896,,0.6,,,7.8,14.65741468458854,,,,,1.7711142746966666,accepted_loading_path,metadata omits IOP; linked study report identifies the source sweep as IOP=20 mmHg
force_displacement,thick/experiments/probe_force_curve_0p8/probe_force_curve.csv,eyelid_1p60mm_s0.625,loading_path_0p8,1.6,0.6,20.0,2666.44,,,441.811620225702,0.8633687580996,,0.625,,,7.8,14.65741468458854,,,,,1.766564902375465,accepted_loading_path,metadata omits IOP; linked study report identifies the source sweep as IOP=20 mmHg
force_displacement,thick/experiments/probe_force_curve_0p8/probe_force_curve.csv,eyelid_1p60mm_s0.65,loading_path_0p8,1.6,0.6,20.0,2666.44,,,464.4493833825745,0.90760647519024,,0.6499999999999999,,,7.8,14.65741468458854,,,,,1.7601321951993314,accepted_loading_path,metadata omits IOP; linked study report identifies the source sweep as IOP=20 mmHg
force_displacement,thick/experiments/probe_force_curve_0p8/probe_force_curve.csv,eyelid_1p60mm_s0.675,loading_path_0p8,1.6,0.6,20.0,2666.44,,,486.8611834006069,0.95140262509336,,0.6749999999999999,,,7.8,14.65741468458854,,,,,1.7531543433470675,accepted_loading_path,metadata omits IOP; linked study report identifies the source sweep as IOP=20 mmHg
force_displacement,thick/experiments/probe_force_curve_0p8/probe_force_curve.csv,eyelid_1p60mm_s0.7,loading_path_0p8,1.6,0.6,20.0,2666.44,,,509.2311383929345,0.9951170032951,,0.7,,,7.8,14.65741468458854,,,,,1.7460327330300012,accepted_loading_path,metadata omits IOP; linked study report identifies the source sweep as IOP=20 mmHg
force_displacement,thick/experiments/probe_force_curve_0p8/probe_force_curve.csv,eyelid_1p60mm_s0.725,loading_path_0p8,1.6,0.6,20.0,2666.44,,,531.6010933852417,1.0388313814968,,0.725,,,7.8,14.65741468458854,,,,,1.735442212660936,accepted_loading_path,metadata omits IOP; linked study report identifies the source sweep as IOP=20 mmHg
force_displacement,thick/experiments/probe_force_curve_0p8/probe_force_curve.csv,eyelid_1p60mm_s0.75,loading_path_0p8,1.6,0.6,20.0,2666.44,,,553.7340504127073,1.0820826287413,,0.75,,,7.8,14.65741468458854,,,,,1.7215265407046667,accepted_loading_path,metadata omits IOP; linked study report identifies the source sweep as IOP=20 mmHg
force_displacement,thick/experiments/probe_force_curve_0p8/probe_force_curve.csv,eyelid_1p60mm_s0.775,loading_path_0p8,1.6,0.6,20.0,2666.44,,,575.5699254841467,1.1247533315463,,0.7749999999999999,,,7.8,14.65741468458854,,,,,1.7106984084633332,accepted_loading_path,metadata omits IOP; linked study report identifies the source sweep as IOP=20 mmHg
force_displacement,thick/experiments/probe_force_curve_0p8/probe_force_curve.csv,eyelid_1p60mm_s0.8,loading_path_0p8,1.6,0.6,20.0,2666.44,,,597.4058005555858,1.1674240343513,,0.7999999999999999,,,7.8,14.65741468458854,,,,,1.7068281121999969,accepted_loading_path,metadata omits IOP; linked study report identifies the source sweep as IOP=20 mmHg
force_displacement,thick/experiments/probe_force_curve_0p8/probe_force_curve.csv,eyelid_1p80mm_s0.0,loading_path_0p8,1.8,0.6,20.0,2666.44,,,6.875700874108351,0.013436191021211,,0.0,,,7.8,14.65741468458854,,,,,0.61678043136408,accepted_loading_path,metadata omits IOP; linked study report identifies the source sweep as IOP=20 mmHg
force_displacement,thick/experiments/probe_force_curve_0p8/probe_force_curve.csv,eyelid_1p80mm_s0.025,loading_path_0p8,1.8,0.6,20.0,2666.44,,,14.766325799669865,0.028855701805313,,0.0249999999999999,,,7.8,14.65741468458854,,,,,0.7222796563668066,accepted_loading_path,metadata omits IOP; linked study report identifies the source sweep as IOP=20 mmHg
force_displacement,thick/experiments/probe_force_curve_0p8/probe_force_curve.csv,eyelid_1p80mm_s0.05,loading_path_0p8,1.8,0.6,20.0,2666.44,,,25.24825721875718,0.049339029308468,,0.05,,,7.8,14.65741468458854,,,,,0.8315569087685001,accepted_loading_path,metadata omits IOP; linked study report identifies the source sweep as IOP=20 mmHg
force_displacement,thick/experiments/probe_force_curve_0p8/probe_force_curve.csv,eyelid_1p80mm_s0.075,loading_path_0p8,1.8,0.6,20.0,2666.44,,,36.05433555596459,0.070455790404873,,0.075,,,7.8,14.65741468458854,,,,,0.9403892979475,accepted_loading_path,metadata omits IOP; linked study report identifies the source sweep as IOP=20 mmHg
force_displacement,thick/experiments/probe_force_curve_0p8/probe_force_curve.csv,eyelid_1p80mm_s0.1,loading_path_0p8,1.8,0.6,20.0,2666.44,,,49.41757291390199,0.096569638736926,,0.0999999999999999,,,7.8,14.65741468458854,,,,,1.0195420901404602,accepted_loading_path,metadata omits IOP; linked study report identifies the source sweep as IOP=20 mmHg
force_displacement,thick/experiments/probe_force_curve_0p8/probe_force_curve.csv,eyelid_1p80mm_s0.125,loading_path_0p8,1.8,0.6,20.0,2666.44,,,62.78081027183989,0.12268348706898,,0.1249999999999999,,,7.8,14.65741468458854,,,,,1.0952178583978067,accepted_loading_path,metadata omits IOP; linked study report identifies the source sweep as IOP=20 mmHg
force_displacement,thick/experiments/probe_force_curve_0p8/probe_force_curve.csv,eyelid_1p80mm_s0.15,loading_path_0p8,1.8,0.6,20.0,2666.44,,,76.78131039999124,0.15004264616543,,0.15,,,7.8,14.65741468458854,,,,,1.16333742157856,accepted_loading_path,metadata omits IOP; linked study report identifies the source sweep as IOP=20 mmHg
force_displacement,thick/experiments/probe_force_curve_0p8/probe_force_curve.csv,eyelid_1p80mm_s0.175,loading_path_0p8,1.8,0.6,20.0,2666.44,,,92.75895912291168,0.18126546173604,,0.175,,,7.8,14.65741468458854,,,,,1.2354104320909332,accepted_loading_path,metadata omits IOP; linked study report identifies the source sweep as IOP=20 mmHg
force_displacement,thick/experiments/probe_force_curve_0p8/probe_force_curve.csv,eyelid_1p80mm_s0.2,loading_path_0p8,1.8,0.6,20.0,2666.44,,,108.73660784583213,0.21248827730665,,0.2,,,7.8,14.65741468458854,,,,,1.3061050452642666,accepted_loading_path,metadata omits IOP; linked study report identifies the source sweep as IOP=20 mmHg
force_displacement,thick/experiments/probe_force_curve_0p8/probe_force_curve.csv,eyelid_1p80mm_s0.225,loading_path_0p8,1.8,0.6,20.0,2666.44,,,125.6549839283451,0.2455494207414,,0.225,,,7.8,14.65741468458854,,,,,1.3714678137669998,accepted_loading_path,metadata omits IOP; linked study report identifies the source sweep as IOP=20 mmHg
force_displacement,thick/experiments/probe_force_curve_0p8/probe_force_curve.csv,eyelid_1p80mm_s0.25,loading_path_0p8,1.8,0.6,20.0,2666.44,,,144.141238943509,0.28167444394971,,0.25,,,7.8,14.65741468458854,,,,,1.424575063175467,accepted_loading_path,metadata omits IOP; linked study report identifies the source sweep as IOP=20 mmHg
force_displacement,thick/experiments/probe_force_curve_0p8/probe_force_curve.csv,eyelid_1p80mm_s0.275,loading_path_0p8,1.8,0.6,20.0,2666.44,,,162.62749395867797,0.31779946715803,,0.275,,,7.8,14.65741468458854,,,,,1.4780690649648665,accepted_loading_path,metadata omits IOP; linked study report identifies the source sweep as IOP=20 mmHg
force_displacement,thick/experiments/probe_force_curve_0p8/probe_force_curve.csv,eyelid_1p80mm_s0.3,loading_path_0p8,1.8,0.6,20.0,2666.44,,,181.11374897384184,0.35392449036634,,0.3,,,7.8,14.65741468458854,,,,,1.5450532391688,accepted_loading_path,metadata omits IOP; linked study report identifies the source sweep as IOP=20 mmHg
force_displacement,thick/experiments/probe_force_curve_0p8/probe_force_curve.csv,eyelid_1p80mm_s0.325,loading_path_0p8,1.8,0.6,20.0,2666.44,,,202.13829719564225,0.3950097340695,,0.325,,,7.8,14.65741468458854,,,,,1.612885314311999,accepted_loading_path,metadata omits IOP; linked study report identifies the source sweep as IOP=20 mmHg
force_displacement,thick/experiments/probe_force_curve_0p8/probe_force_curve.csv,eyelid_1p80mm_s0.35,loading_path_0p8,1.8,0.6,20.0,2666.44,,,223.2279298586417,0.43622216291356,,0.35,,,7.8,14.65741468458854,,,,,1.6679154833821326,accepted_loading_path,metadata omits IOP; linked study report identifies the source sweep as IOP=20 mmHg
force_displacement,thick/experiments/probe_force_curve_0p8/probe_force_curve.csv,eyelid_1p80mm_s0.375,loading_path_0p8,1.8,0.6,20.0,2666.44,,,244.317562521636,0.47743459175761,,0.375,,,7.8,14.65741468458854,,,,,1.724275233244533,accepted_loading_path,metadata omits IOP; linked study report identifies the source sweep as IOP=20 mmHg
force_displacement,thick/experiments/probe_force_curve_0p8/probe_force_curve.csv,eyelid_1p80mm_s0.4,loading_path_0p8,1.8,0.6,20.0,2666.44,,,266.9628206474337,0.52168695518555,,0.4,,,7.8,14.65741468458854,,,,,1.7947664699723334,accepted_loading_path,metadata omits IOP; linked study report identifies the source sweep as IOP=20 mmHg
force_displacement,thick/experiments/probe_force_curve_0p8/probe_force_curve.csv,eyelid_1p80mm_s0.425,loading_path_0p8,1.8,0.6,20.0,2666.44,,,290.75788889791124,0.56818622678419,,0.425,,,7.8,14.65741468458854,,,,,1.8482416585677357,accepted_loading_path,metadata omits IOP; linked study report identifies the source sweep as IOP=20 mmHg
force_displacement,thick/experiments/probe_force_curve_0p8/probe_force_curve.csv,eyelid_1p80mm_s0.45,loading_path_0p8,1.8,0.6,20.0,2666.44,,,314.55295714838894,0.61468549838283,,0.45,,,7.8,14.65741468458854,,,,,1.8850436998096003,accepted_loading_path,metadata omits IOP; linked study report identifies the source sweep as IOP=20 mmHg
force_displacement,thick/experiments/probe_force_curve_0p8/probe_force_curve.csv,eyelid_1p80mm_s0.475,loading_path_0p8,1.8,0.6,20.0,2666.44,,,338.5975077348689,0.66167229734549,,0.475,,,7.8,14.65741468458854,,,,,1.922188641830266,accepted_loading_path,metadata omits IOP; linked study report identifies the source sweep as IOP=20 mmHg
force_displacement,thick/experiments/probe_force_curve_0p8/probe_force_curve.csv,eyelid_1p80mm_s0.5,loading_path_0p8,1.8,0.6,20.0,2666.44,,,363.81818933393953,0.71095743959569,,0.5,,,7.8,14.65741468458854,,,,,1.9560834014241304,accepted_loading_path,metadata omits IOP; linked study report identifies the source sweep as IOP=20 mmHg
force_displacement,thick/experiments/probe_force_curve_0p8/probe_force_curve.csv,eyelid_1p80mm_s0.525,loading_path_0p8,1.8,0.6,20.0,2666.44,,,389.038870933,0.76024258184587,,0.5249999999999999,,,7.8,14.65741468458854,,,,,1.969308829315998,accepted_loading_path,metadata omits IOP; linked study report identifies the source sweep as IOP=20 mmHg
force_displacement,thick/experiments/probe_force_curve_0p8/probe_force_curve.csv,eyelid_1p80mm_s0.55,loading_path_0p8,1.8,0.6,20.0,2666.44,,,414.2595525320706,0.80952772409607,,0.5499999999999999,,,7.8,14.65741468458854,,,,,1.9645063419254016,accepted_loading_path,metadata omits IOP; linked study report identifies the source sweep as IOP=20 mmHg
force_displacement,thick/experiments/probe_force_curve_0p8/probe_force_curve.csv,eyelid_1p80mm_s0.575,loading_path_0p8,1.8,0.6,20.0,2666.44,,,439.31928017996256,0.85849833724251,,0.575,,,7.8,14.65741468458854,,,,,1.959095088527535,accepted_loading_path,metadata omits IOP; linked study report identifies the source sweep as IOP=20 mmHg
force_displacement,thick/experiments/probe_force_curve_0p8/probe_force_curve.csv,eyelid_1p80mm_s0.6,loading_path_0p8,1.8,0.6,20.0,2666.44,,,464.33227926138414,0.90737763548786,,0.6,,,7.8,14.65741468458854,,,,,1.9568498646422012,accepted_loading_path,metadata omits IOP; linked study report identifies the source sweep as IOP=20 mmHg
force_displacement,thick/experiments/probe_force_curve_0p8/probe_force_curve.csv,eyelid_1p80mm_s0.625,loading_path_0p8,1.8,0.6,20.0,2666.44,,,489.3452783428057,0.95625693373321,,0.625,,,7.8,14.65741468458854,,,,,1.9601613843108647,accepted_loading_path,metadata omits IOP; linked study report identifies the source sweep as IOP=20 mmHg
force_displacement,thick/experiments/probe_force_curve_0p8/probe_force_curve.csv,eyelid_1p80mm_s0.65,loading_path_0p8,1.8,0.6,20.0,2666.44,,,514.4403462745256,1.0052966073017,,0.6499999999999999,,,7.8,14.65741468458854,,,,,1.965863618020865,accepted_loading_path,metadata omits IOP; linked study report identifies the source sweep as IOP=20 mmHg
force_displacement,thick/experiments/probe_force_curve_0p8/probe_force_curve.csv,eyelid_1p80mm_s0.675,loading_path_0p8,1.8,0.6,20.0,2666.44,,,539.6721956233463,1.0546035730753,,0.6749999999999999,,,7.8,14.65741468458854,,,,,1.970496682909933,accepted_loading_path,metadata omits IOP; linked study report identifies the source sweep as IOP=20 mmHg
force_displacement,thick/experiments/probe_force_curve_0p8/probe_force_curve.csv,eyelid_1p80mm_s0.7,loading_path_0p8,1.8,0.6,20.0,2666.44,,,564.9040449721668,1.1039105388489,,0.7,,,7.8,14.65741468458854,,,,,1.9634177597753333,accepted_loading_path,metadata omits IOP; linked study report identifies the source sweep as IOP=20 mmHg
force_displacement,thick/experiments/probe_force_curve_0p8/probe_force_curve.csv,eyelid_1p80mm_s0.725,loading_path_0p8,1.8,0.6,20.0,2666.44,,,590.1358943209875,1.1532175046225,,0.725,,,7.8,14.65741468458854,,,,,1.9454688156140016,accepted_loading_path,metadata omits IOP; linked study report identifies the source sweep as IOP=20 mmHg
force_displacement,thick/experiments/probe_force_curve_0p8/probe_force_curve.csv,eyelid_1p80mm_s0.75,loading_path_0p8,1.8,0.6,20.0,2666.44,,,614.6875877438066,1.2011953397208,,0.75,,,7.8,14.65741468458854,,,,,1.927292669628001,accepted_loading_path,metadata omits IOP; linked study report identifies the source sweep as IOP=20 mmHg
force_displacement,thick/experiments/probe_force_curve_0p8/probe_force_curve.csv,eyelid_1p80mm_s0.775,loading_path_0p8,1.8,0.6,20.0,2666.44,,,639.2218412711516,1.2491390945455,,0.7749999999999999,,,7.8,14.65741468458854,,,,,1.9179773948100007,accepted_loading_path,metadata omits IOP; linked study report identifies the source sweep as IOP=20 mmHg
force_displacement,thick/experiments/probe_force_curve_0p8/probe_force_curve.csv,eyelid_1p80mm_s0.8,loading_path_0p8,1.8,0.6,20.0,2666.44,,,663.7560947984454,1.2970828493701,,0.7999999999999999,,,7.8,14.65741468458854,,,,,1.9177501929839984,accepted_loading_path,metadata omits IOP; linked study report identifies the source sweep as IOP=20 mmHg
force_displacement,thick/experiments/probe_force_curve_0p8/probe_force_curve.csv,eyelid_2p00mm_s0.0,loading_path_0p8,2.0,0.6,20.0,2666.44,,,6.465198128442768,0.012634004683195,,0.0,,,7.8,14.65741468458854,,,,,0.6475601746387999,accepted_loading_path,metadata omits IOP; linked study report identifies the source sweep as IOP=20 mmHg
force_displacement,thick/experiments/probe_force_curve_0p8/probe_force_curve.csv,eyelid_2p00mm_s0.025,loading_path_0p8,2.0,0.6,20.0,2666.44,,,14.74959593838187,0.028823009049165,,0.0249999999999999,,,7.8,14.65741468458854,,,,,0.7679170007489999,accepted_loading_path,metadata omits IOP; linked study report identifies the source sweep as IOP=20 mmHg
force_displacement,thick/experiments/probe_force_curve_0p8/probe_force_curve.csv,eyelid_2p00mm_s0.05,loading_path_0p8,2.0,0.6,20.0,2666.44,,,25.98838998377896,0.050785364074039,,0.05,,,7.8,14.65741468458854,,,,,0.8932498263076067,accepted_loading_path,metadata omits IOP; linked study report identifies the source sweep as IOP=20 mmHg
force_displacement,thick/experiments/probe_force_curve_0p8/probe_force_curve.csv,eyelid_2p00mm_s0.075,loading_path_0p8,2.0,0.6,20.0,2666.44,,,37.60252356176973,0.073481191038731,,0.075,,,7.8,14.65741468458854,,,,,1.0186688383824405,accepted_loading_path,metadata omits IOP; linked study report identifies the source sweep as IOP=20 mmHg
force_displacement,thick/experiments/probe_force_curve_0p8/probe_force_curve.csv,eyelid_2p00mm_s0.1,loading_path_0p8,2.0,0.6,20.0,2666.44,,,52.17766900800199,0.10196329663977,,0.0999999999999999,,,7.8,14.65741468458854,,,,,1.11030284795,accepted_loading_path,metadata omits IOP; linked study report identifies the source sweep as IOP=20 mmHg
force_displacement,thick/experiments/probe_force_curve_0p8/probe_force_curve.csv,eyelid_2p00mm_s0.125,loading_path_0p8,2.0,0.6,20.0,2666.44,,,66.75281445422964,0.1304454022408,,0.1249999999999999,,,7.8,14.65741468458854,,,,,1.1978310939533934,accepted_loading_path,metadata omits IOP; linked study report identifies the source sweep as IOP=20 mmHg
force_displacement,thick/experiments/probe_force_curve_0p8/probe_force_curve.csv,eyelid_2p00mm_s0.15,loading_path_0p8,2.0,0.6,20.0,2666.44,,,82.06437620501046,0.16036658006447,,0.15,,,7.8,14.65741468458854,,,,,1.2765495745072,accepted_loading_path,metadata omits IOP; linked study report identifies the source sweep as IOP=20 mmHg
force_displacement,thick/experiments/probe_force_curve_0p8/probe_force_curve.csv,eyelid_2p00mm_s0.175,loading_path_0p8,2.0,0.6,20.0,2666.44,,,99.66071674681022,0.19475257170704,,0.175,,,7.8,14.65741468458854,,,,,1.359660779802933,accepted_loading_path,metadata omits IOP; linked study report identifies the source sweep as IOP=20 mmHg
force_displacement,thick/experiments/probe_force_curve_0p8/probe_force_curve.csv,eyelid_2p00mm_s0.2,loading_path_0p8,2.0,0.6,20.0,2666.44,,,117.25705728861,0.22913856334961,,0.2,,,7.8,14.65741468458854,,,,,1.4407101836469995,accepted_loading_path,metadata omits IOP; linked study report identifies the source sweep as IOP=20 mmHg
force_displacement,thick/experiments/probe_force_curve_0p8/probe_force_curve.csv,eyelid_2p00mm_s0.225,loading_path_0p8,2.0,0.6,20.0,2666.44,,,135.92699743303854,0.2656225359261,,0.225,,,7.8,14.65741468458854,,,,,1.5153050612975325,accepted_loading_path,metadata omits IOP; linked study report identifies the source sweep as IOP=20 mmHg
force_displacement,thick/experiments/probe_force_curve_0p8/probe_force_curve.csv,eyelid_2p00mm_s0.25,loading_path_0p8,2.0,0.6,20.0,2666.44,,,156.3862702485167,0.30560314339246,,0.25,,,7.8,14.65741468458854,,,,,1.575913399388667,accepted_loading_path,metadata omits IOP; linked study report identifies the source sweep as IOP=20 mmHg
force_displacement,thick/experiments/probe_force_curve_0p8/probe_force_curve.csv,eyelid_2p00mm_s0.275,loading_path_0p8,2.0,0.6,20.0,2666.44,,,176.8455430639949,0.34558375085882,,0.275,,,7.8,14.65741468458854,,,,,1.6374588819692673,accepted_loading_path,metadata omits IOP; linked study report identifies the source sweep as IOP=20 mmHg
force_displacement,thick/experiments/probe_force_curve_0p8/probe_force_curve.csv,eyelid_2p00mm_s0.3,loading_path_0p8,2.0,0.6,20.0,2666.44,,,197.3048158794782,0.38556435832519,,0.3,,,7.8,14.65741468458854,,,,,1.7149084225298683,accepted_loading_path,metadata omits IOP; linked study report identifies the source sweep as IOP=20 mmHg
force_displacement,thick/experiments/probe_force_curve_0p8/probe_force_curve.csv,eyelid_2p00mm_s0.325,loading_path_0p8,2.0,0.6,20.0,2666.44,,,220.69895569896747,0.43128015328876,,0.325,,,7.8,14.65741468458854,,,,,1.7933383370215343,accepted_loading_path,metadata omits IOP; linked study report identifies the source sweep as IOP=20 mmHg
force_displacement,thick/experiments/probe_force_curve_0p8/probe_force_curve.csv,eyelid_2p00mm_s0.35,loading_path_0p8,2.0,0.6,20.0,2666.44,,,244.16834851855856,0.477143004342,,0.35,,,7.8,14.65741468458854,,,,,1.855578196572667,accepted_loading_path,metadata omits IOP; linked study report identifies the source sweep as IOP=20 mmHg
force_displacement,thick/experiments/probe_force_curve_0p8/probe_force_curve.csv,eyelid_2p00mm_s0.375,loading_path_0p8,2.0,0.6,20.0,2666.44,,,267.6377413381496,0.52300585539524,,0.375,,,7.8,14.65741468458854,,,,,1.916941409094,accepted_loading_path,metadata omits IOP; linked study report identifies the source sweep as IOP=20 mmHg
force_displacement,thick/experiments/probe_force_curve_0p8/probe_force_curve.csv,eyelid_2p00mm_s0.4,loading_path_0p8,2.0,0.6,20.0,2666.44,,,292.7992608486963,0.57217538570461,,0.4,,,7.8,14.65741468458854,,,,,1.993618029525999,accepted_loading_path,metadata omits IOP; linked study report identifies the source sweep as IOP=20 mmHg
force_displacement,thick/experiments/probe_force_curve_0p8/probe_force_curve.csv,eyelid_2p00mm_s0.425,loading_path_0p8,2.0,0.6,20.0,2666.44,,,319.2114826960361,0.62378898329025,,0.425,,,7.8,14.65741468458854,,,,,2.0505159637680004,accepted_loading_path,metadata omits IOP; linked study report identifies the source sweep as IOP=20 mmHg
force_displacement,thick/experiments/probe_force_curve_0p8/probe_force_curve.csv,eyelid_2p00mm_s0.45,loading_path_0p8,2.0,0.6,20.0,2666.44,,,345.62370454337616,0.67540258087589,,0.45,,,7.8,14.65741468458854,,,,,2.0820232574181325,accepted_loading_path,metadata omits IOP; linked study report identifies the source sweep as IOP=20 mmHg
force_displacement,thick/experiments/probe_force_curve_0p8/probe_force_curve.csv,eyelid_2p00mm_s0.475,loading_path_0p8,2.0,0.6,20.0,2666.44,,,372.20985127458266,0.72735605478916,,0.475,,,7.8,14.65741468458854,,,,,2.1079185966663987,accepted_loading_path,metadata omits IOP; linked study report identifies the source sweep as IOP=20 mmHg
force_displacement,thick/experiments/probe_force_curve_0p8/probe_force_curve.csv,eyelid_2p00mm_s0.5,loading_path_0p8,2.0,0.6,20.0,2666.44,,,399.6159296011709,0.78091180281842,,0.5,,,7.8,14.65741468458854,,,,,2.131548093730464,accepted_loading_path,metadata omits IOP; linked study report identifies the source sweep as IOP=20 mmHg
force_displacement,thick/experiments/probe_force_curve_0p8/probe_force_curve.csv,eyelid_2p00mm_s0.525,loading_path_0p8,2.0,0.6,20.0,2666.44,,,427.02200792775903,0.83446755084768,,0.5249999999999999,,,7.8,14.65741468458854,,,,,2.1440247038362656,accepted_loading_path,metadata omits IOP; linked study report identifies the source sweep as IOP=20 mmHg
force_displacement,thick/experiments/probe_force_curve_0p8/probe_force_curve.csv,eyelid_2p00mm_s0.55,loading_path_0p8,2.0,0.6,20.0,2666.44,,,454.4280862543473,0.88802329887694,,0.5499999999999999,,,7.8,14.65741468458854,,,,,2.148135335103269,accepted_loading_path,metadata omits IOP; linked study report identifies the source sweep as IOP=20 mmHg
force_displacement,thick/experiments/probe_force_curve_0p8/probe_force_curve.csv,eyelid_2p00mm_s0.575,loading_path_0p8,2.0,0.6,20.0,2666.44,,,481.97193117778994,0.94184826430608,,0.575,,,7.8,14.65741468458854,,,,,2.152767032305269,accepted_loading_path,metadata omits IOP; linked study report identifies the source sweep as IOP=20 mmHg
force_displacement,thick/experiments/probe_force_curve_0p8/probe_force_curve.csv,eyelid_2p00mm_s0.6,loading_path_0p8,2.0,0.6,20.0,2666.44,,,509.5557728551595,0.99575138962551,,0.6,,,7.8,14.65741468458854,,,,,2.1560256325285345,accepted_loading_path,metadata omits IOP; linked study report identifies the source sweep as IOP=20 mmHg
force_displacement,thick/experiments/probe_force_curve_0p8/probe_force_curve.csv,eyelid_2p00mm_s0.625,loading_path_0p8,2.0,0.6,20.0,2666.44,,,537.1396145325083,1.0496545149449,,0.625,,,7.8,14.65741468458854,,,,,2.1580928793153995,accepted_loading_path,metadata omits IOP; linked study report identifies the source sweep as IOP=20 mmHg
force_displacement,thick/experiments/probe_force_curve_0p8/probe_force_curve.csv,eyelid_2p00mm_s0.65,loading_path_0p8,2.0,0.6,20.0,2666.44,,,564.7558245869319,1.1036208931174,,0.6499999999999999,,,7.8,14.65741468458854,,,,,2.160341869645267,accepted_loading_path,metadata omits IOP; linked study report identifies the source sweep as IOP=20 mmHg
force_displacement,thick/experiments/probe_force_curve_0p8/probe_force_curve.csv,eyelid_2p00mm_s0.675,loading_path_0p8,2.0,0.6,20.0,2666.44,,,592.4259819363513,1.1576926927115,,0.6749999999999999,,,7.8,14.65741468458854,,,,,2.162169174288003,accepted_loading_path,metadata omits IOP; linked study report identifies the source sweep as IOP=20 mmHg
force_displacement,thick/experiments/probe_force_curve_0p8/probe_force_curve.csv,eyelid_2p00mm_s0.7,loading_path_0p8,2.0,0.6,20.0,2666.44,,,620.0961392858219,1.2117644923057,,0.7,,,7.8,14.65741468458854,,,,,2.156770364991335,accepted_loading_path,metadata omits IOP; linked study report identifies the source sweep as IOP=20 mmHg
force_displacement,thick/experiments/probe_force_curve_0p8/probe_force_curve.csv,eyelid_2p00mm_s0.725,loading_path_0p8,2.0,0.6,20.0,2666.44,,,647.7662966352412,1.2658362918998,,0.725,,,7.8,14.65741468458854,,,,,2.1444106756786674,accepted_loading_path,metadata omits IOP; linked study report identifies the source sweep as IOP=20 mmHg
force_displacement,thick/experiments/probe_force_curve_0p8/probe_force_curve.csv,eyelid_2p00mm_s0.75,loading_path_0p8,2.0,0.6,20.0,2666.44,,,674.9680968572021,1.3189928486778,,0.75,,,7.8,14.65741468458854,,,,,2.131894534602665,accepted_loading_path,metadata omits IOP; linked study report identifies the source sweep as IOP=20 mmHg
force_displacement,thick/experiments/probe_force_curve_0p8/probe_force_curve.csv,eyelid_2p00mm_s0.775,loading_path_0p8,2.0,0.6,20.0,2666.44,,,702.1578879220051,1.3721259376912,,0.7749999999999999,,,7.8,14.65741468458854,,,,,2.125480012301998,accepted_loading_path,metadata omits IOP; linked study report identifies the source sweep as IOP=20 mmHg
force_displacement,thick/experiments/probe_force_curve_0p8/probe_force_curve.csv,eyelid_2p00mm_s0.8,loading_path_0p8,2.0,0.6,20.0,2666.44,,,729.3476789868595,1.4252590267047,,0.7999999999999999,,,7.8,14.65741468458854,,,,,2.1253235605399983,accepted_loading_path,metadata omits IOP; linked study report identifies the source sweep as IOP=20 mmHg
