2026-08-11T06:40:41Z,iop0,103769792,471866624
2026-08-11T06:40:51Z,iop0,102970728,471866624
2026-08-11T06:41:01Z,iop0,101961740,471866496
2026-08-11T06:41:11Z,iop0,102043256,471866496
2026-08-11T06:41:21Z,iop0,100726312,471865472
2026-08-11T06:41:31Z,iop0,100779220,471865344
2026-08-11T06:41:41Z,iop0,99525984,471824384
2026-08-11T06:41:51Z,iop0,97470460,471658240
2026-08-11T06:42:01Z,iop0,89317964,471474432
2026-08-11T06:42:11Z,iop0,85352044,470297984
2026-08-11T06:42:21Z,iop0,81741208,468486912
2026-08-11T06:42:31Z,iop0,81923748,465699712
2026-08-11T06:42:41Z,iop0,82309460,464643840
2026-08-11T06:42:51Z,iop0,82313132,464206336
2026-08-11T06:43:01Z,iop0,81691344,456731008
2026-08-11T06:43:11Z,iop0,79107524,454568576
2026-08-11T06:43:21Z,iop0,79615704,451563520
2026-08-11T06:43:31Z,iop0,81523196,447847424
2026-08-11T06:43:41Z,iop0,79595016,445528960
2026-08-11T06:43:51Z,iop0,80008456,443952512
2026-08-11T06:44:01Z,iop0,79909104,443657472
2026-08-11T06:44:11Z,iop0,82040228,441614976
2026-08-11T06:44:21Z,iop0,81765916,440218624
2026-08-11T06:44:31Z,iop0,81989708,439392768
2026-08-11T06:44:41Z,iop0,81692564,438087936
2026-08-11T06:44:51Z,iop0,79903576,436604544
2026-08-11T06:45:01Z,iop0,80876248,435442688
2026-08-11T06:45:11Z,iop0,81976456,434292864
2026-08-11T06:45:21Z,iop0,81852764,433160832
2026-08-11T06:45:31Z,iop0,81819564,432376448
2026-08-11T06:45:41Z,iop0,81588708,431228288
2026-08-11T06:45:51Z,iop0,81715876,430615040
2026-08-11T06:46:01Z,iop0,81758148,429572480
2026-08-11T06:46:11Z,iop0,82083048,428176512
2026-08-11T06:46:21Z,iop0,82107768,426659968
2026-08-11T06:46:31Z,iop0,81193688,425570944
2026-08-11T06:46:41Z,iop0,79407548,424824320
2026-08-11T06:46:51Z,iop0,82083836,424383872
2026-08-11T06:47:01Z,iop0,78332020,419646464
2026-08-11T06:47:11Z,iop0,78335104,419646464
2026-08-11T06:47:21Z,iop0,74907784,419106432
2026-08-11T06:47:31Z,iop0,74941328,419106432
2026-08-11T06:47:41Z,iop0,74982368,419106432
2026-08-11T06:47:51Z,iop0,75009592,419106432
2026-08-11T06:48:01Z,iop0,78199280,416954240
2026-08-11T06:48:11Z,iop0,78301804,416954112
2026-08-11T06:48:21Z,iop0,78507400,415091072
2026-08-11T06:48:31Z,iop0,78572564,415091072
2026-08-11T06:48:41Z,iop0,78595208,415090944
2026-08-11T06:48:51Z,iop0,78616496,415090944
2026-08-11T06:49:01Z,iop0,81792520,413455616
2026-08-11T06:49:11Z,iop0,82261664,412531840
2026-08-11T06:49:21Z,iop0,81488712,411001600
2026-08-11T06:49:31Z,iop0,81480376,409847040
2026-08-11T06:49:41Z,iop0,82234092,409565824
2026-08-11T06:49:51Z,iop0,81136548,408460416
2026-08-11T06:50:01Z,iop0,81244984,405379584
2026-08-11T06:50:11Z,iop0,81908352,403861376
2026-08-11T06:50:21Z,iop0,81611456,402460416
2026-08-11T06:50:31Z,iop0,82124744,401917184
2026-08-11T06:50:41Z,iop0,81884560,401425408
2026-08-11T06:50:51Z,iop0,81886868,401425408
2026-08-11T06:51:01Z,iop0,81553148,400040832
2026-08-11T06:51:11Z,iop0,81620760,400040960
2026-08-11T06:51:21Z,iop0,82181688,397628288
2026-08-11T06:51:31Z,iop0,82252764,397628288
2026-08-11T06:51:41Z,iop0,82320072,397628288
2026-08-11T06:51:51Z,iop0,82344984,397628288
2026-08-11T06:52:01Z,iop0,94848508,397626880
2026-08-11T06:52:11Z,iop0,95107424,397619584
2026-08-11T06:52:21Z,iop0,94480704,397455104
2026-08-11T06:52:31Z,iop0,94532404,395701120
2026-08-11T06:52:41Z,iop0,87285952,395667968
2026-08-11T06:52:51Z,iop0,82582876,395651200
2026-08-11T06:53:01Z,iop0,79169388,395651072
2026-08-11T06:53:11Z,iop0,79014508,395651072
2026-08-11T06:53:21Z,iop0,79047228,395651072
2026-08-11T06:53:31Z,iop0,79484072,395650944
2026-08-11T06:53:41Z,iop0,77015848,395651200
2026-08-11T06:53:51Z,iop0,77234596,395651200
2026-08-11T06:54:01Z,iop0,79302324,395644544
2026-08-11T06:54:11Z,iop0,78767708,395643136
2026-08-11T06:54:21Z,iop0,77128664,395650048
2026-08-11T06:54:31Z,iop0,77603368,395649664
2026-08-11T06:54:42Z,iop0,77349924,395650048
2026-08-11T06:54:52Z,iop0,79389012,395636352
2026-08-11T06:55:02Z,iop0,79231736,395649920
2026-08-11T06:55:12Z,iop0,79433496,395649920
2026-08-11T06:55:22Z,iop0,79424332,395649920
2026-08-11T06:55:32Z,iop0,77783996,395649664
2026-08-11T06:55:42Z,iop0,79494384,395647744
2026-08-11T06:55:52Z,iop0,79356328,395649664
2026-08-11T06:56:02Z,iop0,79012636,395649536
2026-08-11T06:56:12Z,iop0,79716688,395649536
2026-08-11T06:56:22Z,iop0,79538556,395650304
2026-08-11T06:56:32Z,iop0,79649384,395650048
2026-08-11T06:56:42Z,iop0,79222336,395649792
2026-08-11T06:56:52Z,iop0,76708904,395633152
2026-08-11T06:57:02Z,iop0,76492000,395649792
2026-08-11T06:57:12Z,iop0,79795048,395649792
2026-08-11T06:57:22Z,iop0,79787372,395649664
2026-08-11T06:57:32Z,iop0,76298808,395649536
2026-08-11T06:57:42Z,iop0,72070488,395649280
2026-08-11T06:57:52Z,iop0,71667332,395649920
2026-08-11T06:58:02Z,iop0,72369816,395649920
2026-08-11T06:58:12Z,iop0,72393548,395649920
2026-08-11T06:58:22Z,iop0,72762084,395649792
2026-08-11T06:58:32Z,iop0,75675444,395650688
2026-08-11T06:58:42Z,iop0,75679108,395650688
2026-08-11T06:58:52Z,iop0,75690652,395650816
2026-08-11T06:59:02Z,iop0,75714080,395650816
2026-08-11T06:59:12Z,iop0,75722088,395650816
2026-08-11T06:59:22Z,iop0,79174968,395652480
2026-08-11T06:59:32Z,iop0,79135320,395651456
2026-08-11T06:59:42Z,iop0,79467932,395651456
2026-08-11T06:59:52Z,iop0,79669968,395651584
2026-08-11T07:00:02Z,iop0,79214740,395651456
2026-08-11T07:00:12Z,iop0,78801008,395651584
2026-08-11T07:00:22Z,iop0,79335884,395651584
2026-08-11T07:00:32Z,iop0,79958848,395651584
2026-08-11T07:00:42Z,iop0,79986888,395651584
2026-08-11T07:00:52Z,iop0,79775580,395651584
2026-08-11T07:01:02Z,iop0,78535124,395651584
2026-08-11T07:01:12Z,iop0,79935644,395651712
2026-08-11T07:01:22Z,iop0,80044044,395651840
2026-08-11T07:01:32Z,iop0,79248252,395651712
2026-08-11T07:01:42Z,iop0,79067260,395651712
2026-08-11T07:01:52Z,iop0,78974160,395651712
2026-08-11T07:02:02Z,iop0,79841644,395651968
2026-08-11T07:02:12Z,iop0,79974696,395651968
2026-08-11T07:02:22Z,iop0,80038300,395651968
2026-08-11T07:02:32Z,iop0,92953096,395651712
2026-08-11T07:02:42Z,iop0,92399724,395651456
2026-08-11T07:02:52Z,iop0,92378588,395208832
2026-08-11T07:03:02Z,iop0,91852440,395184384
2026-08-11T07:03:12Z,iop0,84321776,395187584
2026-08-11T07:03:22Z,iop0,79606040,395187584
2026-08-11T07:03:32Z,iop0,79211628,395187712
2026-08-11T07:03:42Z,iop0,78885864,395187712
2026-08-11T07:03:52Z,iop0,80158104,395171456
2026-08-11T07:04:02Z,iop0,75951308,395188224
2026-08-11T07:04:12Z,iop0,78113496,395187840
2026-08-11T07:04:22Z,iop0,79891596,395187840
2026-08-11T07:04:32Z,iop0,79541832,395187840
2026-08-11T07:04:42Z,iop0,79610696,395187712
2026-08-11T07:04:52Z,iop0,79502428,395186560
2026-08-11T07:05:02Z,iop0,77725908,395186432
2026-08-11T07:05:12Z,iop0,77974292,395186688
2026-08-11T07:05:22Z,iop0,77813172,395186560
2026-08-11T07:05:32Z,iop0,79942276,395186560
2026-08-11T07:05:42Z,iop0,78113908,395186432
2026-08-11T07:05:52Z,iop0,79769456,395170048
2026-08-11T07:06:02Z,iop0,79846448,395170048
2026-08-11T07:06:12Z,iop0,79750188,395185920
2026-08-11T07:06:22Z,iop0,79783060,395186048
2026-08-11T07:06:32Z,iop0,79808596,395186816
2026-08-11T07:06:42Z,iop0,79838512,395171712
2026-08-11T07:06:52Z,iop0,79357164,395187200
2026-08-11T07:07:02Z,iop0,79506376,395186688
2026-08-11T07:07:12Z,iop0,79704564,395186816
2026-08-11T07:07:22Z,iop0,79840184,395172480
2026-08-11T07:07:32Z,iop0,77564424,395172480
2026-08-11T07:07:42Z,iop0,76632696,395172352
2026-08-11T07:07:52Z,iop0,79757568,395186688
2026-08-11T07:08:02Z,iop0,80082724,395186688
2026-08-11T07:08:12Z,iop0,79974648,395156864
2026-08-11T07:08:22Z,iop0,79632220,395156480
2026-08-11T07:08:32Z,iop0,79156432,395156480
2026-08-11T07:08:42Z,iop0,73467096,395157120
2026-08-11T07:08:52Z,iop0,72533284,395186688
2026-08-11T07:09:02Z,iop0,72644484,395186688
2026-08-11T07:09:12Z,iop0,72683996,395186688
2026-08-11T07:09:22Z,iop0,76256972,395186688
2026-08-11T07:09:32Z,iop0,71999876,395186560
2026-08-11T07:09:42Z,iop0,76028460,395186560
2026-08-11T07:09:52Z,iop0,75826696,395186560
2026-08-11T07:10:02Z,iop0,76135764,395186688
2026-08-11T07:10:12Z,iop0,76461704,395187328
2026-08-11T07:10:22Z,iop0,80142644,395187328
2026-08-11T07:10:32Z,iop0,79772844,395187456
2026-08-11T07:10:42Z,iop0,79611808,395187456
2026-08-11T07:10:52Z,iop0,79651272,395187456
2026-08-11T07:11:02Z,iop0,79801272,395187456
2026-08-11T07:11:12Z,iop0,80077220,395187328
2026-08-11T07:11:22Z,iop0,78942444,395187456
2026-08-11T07:11:32Z,iop0,79774512,395187456
2026-08-11T07:11:42Z,iop0,79766732,395187456
2026-08-11T07:11:52Z,iop0,79864352,395187456
2026-08-11T07:12:02Z,iop0,79824732,395187584
2026-08-11T07:12:12Z,iop0,79843212,395187584
2026-08-11T07:12:22Z,iop0,79528280,395187584
2026-08-11T07:12:32Z,iop0,79162724,395187584
2026-08-11T07:12:42Z,iop0,80123772,395187584
2026-08-11T07:12:52Z,iop0,79952920,395187584
2026-08-11T07:13:02Z,iop0,79841260,395187584
2026-08-11T07:13:12Z,iop0,80190488,395187840
2026-08-11T07:13:22Z,iop0,80248740,395187840
2026-08-11T07:13:32Z,iop0,80222136,395187840
2026-08-11T07:13:42Z,iop0,93219976,395187840
2026-08-11T07:13:52Z,iop0,93227252,395187712
2026-08-11T07:14:02Z,iop0,92805212,394759424
2026-08-11T07:14:12Z,iop0,87946300,394755328
2026-08-11T07:14:22Z,iop0,83552596,394757376
2026-08-11T07:14:32Z,iop0,79618428,394757376
2026-08-11T07:14:42Z,iop0,78737580,394757376
2026-08-11T07:14:52Z,iop0,78748468,394757376
2026-08-11T07:15:02Z,iop0,79598008,394757376
2026-08-11T07:15:12Z,iop0,76512680,394757504
2026-08-11T07:15:22Z,iop0,77940868,394757504
2026-08-11T07:15:32Z,iop0,79790576,394741504
2026-08-11T07:15:42Z,iop0,79181916,394754816
2026-08-11T07:15:52Z,iop0,77363964,394740096
2026-08-11T07:16:02Z,iop0,77638632,394710400
2026-08-11T07:16:12Z,iop0,77632424,394756480
2026-08-11T07:16:22Z,iop0,79562968,394736000
2026-08-11T07:16:32Z,iop0,79453160,394756352
2026-08-11T07:16:42Z,iop0,79493704,394756224
2026-08-11T07:16:52Z,iop0,79554764,394755968
2026-08-11T07:17:02Z,iop0,77494612,394755840
2026-08-11T07:17:12Z,iop0,79350000,394755840
2026-08-11T07:17:22Z,iop0,79518764,394756096
2026-08-11T07:17:32Z,iop0,79391420,394756096
2026-08-11T07:17:42Z,iop0,79441676,394756096
2026-08-11T07:17:52Z,iop0,79598756,394739712
2026-08-11T07:18:02Z,iop0,79582920,394739712
2026-08-11T07:18:12Z,iop0,79704592,394756480
2026-08-11T07:18:22Z,iop0,78864956,394756608
2026-08-11T07:18:32Z,iop0,77237852,394756352
2026-08-11T07:18:42Z,iop0,77713828,394756224
2026-08-11T07:18:52Z,iop0,79574312,394755840
2026-08-11T07:19:02Z,iop0,78625456,394755456
2026-08-11T07:19:12Z,iop0,78147232,394755712
2026-08-11T07:19:22Z,iop0,78493336,394743936
2026-08-11T07:19:32Z,iop0,72144696,394744192
2026-08-11T07:19:42Z,iop0,72147968,394756224
2026-08-11T07:19:52Z,iop0,72138400,394756224
2026-08-11T07:20:02Z,iop0,72164512,394756224
2026-08-11T07:20:12Z,iop0,72019156,394756224
2026-08-11T07:20:22Z,iop0,71727848,394756224
2026-08-11T07:20:32Z,iop0,75461096,394756224
2026-08-11T07:20:42Z,iop0,75706728,394756224
2026-08-11T07:20:52Z,iop0,76445652,394756864
2026-08-11T07:21:02Z,iop0,76578216,394756864
2026-08-11T07:21:12Z,iop0,79320228,394752768
2026-08-11T07:21:22Z,iop0,79433044,394756864
2026-08-11T07:21:32Z,iop0,79685452,394756864
2026-08-11T07:21:42Z,iop0,79753552,394756992
2026-08-11T07:21:52Z,iop0,79431980,394756992
2026-08-11T07:22:02Z,iop0,79824264,394756736
2026-08-11T07:22:12Z,iop0,78605992,394757120
2026-08-11T07:22:22Z,iop0,79263044,394757120
2026-08-11T07:22:32Z,iop0,79277908,394757120
2026-08-11T07:22:42Z,iop0,79951636,394757120
2026-08-11T07:22:52Z,iop0,80050500,394757248
2026-08-11T07:23:02Z,iop0,80064588,394757248
2026-08-11T07:23:12Z,iop0,79326296,394757248
2026-08-11T07:23:22Z,iop0,79179132,394757248
2026-08-11T07:23:32Z,iop0,78907996,394757248
2026-08-11T07:23:42Z,iop0,79850524,394757504
2026-08-11T07:23:52Z,iop0,80064528,394757504
2026-08-11T07:24:02Z,iop0,80071916,394757504
2026-08-11T07:24:12Z,iop0,92847216,394757248
2026-08-11T07:24:22Z,iop0,92834684,394757248
2026-08-11T07:24:32Z,iop0,92482228,394328704
2026-08-11T07:24:42Z,iop0,91179220,394324352
2026-08-11T07:24:52Z,iop0,83997888,394323200
2026-08-11T07:25:02Z,iop0,79329760,394323200
2026-08-11T07:25:12Z,iop0,79156076,394323200
2026-08-11T07:25:22Z,iop0,78747868,394323328
2026-08-11T07:25:32Z,iop0,79917616,394323456
2026-08-11T07:25:42Z,iop0,76672232,394323584
2026-08-11T07:25:52Z,iop0,78151324,394323584
2026-08-11T07:26:02Z,iop0,79635696,394322816
2026-08-11T07:26:12Z,iop0,79498424,394323712
2026-08-11T07:26:22Z,iop0,79604176,394322432
2026-08-11T07:26:32Z,iop0,79023928,394322432
2026-08-11T07:26:42Z,iop0,79738924,394322432
2026-08-11T07:26:52Z,iop0,76562392,394322688
2026-08-11T07:27:02Z,iop0,77332128,394322304
2026-08-11T07:27:12Z,iop0,75420788,394323328
2026-08-11T07:27:22Z,iop0,75774608,394323072
2026-08-11T07:27:32Z,iop0,79418708,394315136
2026-08-11T07:27:42Z,iop0,79795244,394322944
2026-08-11T07:27:52Z,iop0,79710880,394322944
2026-08-11T07:28:03Z,iop0,79581552,394323584
2026-08-11T07:28:13Z,iop0,79744500,394307328
2026-08-11T07:28:23Z,iop0,79744012,394290432
2026-08-11T07:28:33Z,iop0,79815788,394290432
2026-08-11T07:28:43Z,iop0,79325748,394323456
2026-08-11T07:28:53Z,iop0,78169496,394323456
2026-08-11T07:29:03Z,iop0,76968388,394323328
2026-08-11T07:29:13Z,iop0,76535940,394306944
2026-08-11T07:29:23Z,iop0,79865556,394323200
2026-08-11T07:29:33Z,iop0,79635316,394322176
2026-08-11T07:29:43Z,iop0,79082544,394303360
2026-08-11T07:29:53Z,iop0,78139724,394322816
2026-08-11T07:30:03Z,iop0,75146332,394322944
2026-08-11T07:30:13Z,iop0,72359084,394323328
2026-08-11T07:30:23Z,iop0,72439728,394323328
2026-08-11T07:30:33Z,iop0,72472516,394323328
2026-08-11T07:30:43Z,iop0,76387128,394323200
2026-08-11T07:30:53Z,iop0,71855684,394323200
2026-08-11T07:31:03Z,iop0,75705676,394323200
2026-08-11T07:31:13Z,iop0,75527992,394323200
2026-08-11T07:31:23Z,iop0,75364780,394323456
2026-08-11T07:31:33Z,iop0,76554228,394323840
2026-08-11T07:31:43Z,iop0,79882224,394323840
2026-08-11T07:31:53Z,iop0,78926768,394323840
2026-08-11T07:32:03Z,iop0,79216812,394323840
2026-08-11T07:32:13Z,iop0,79285724,394323840
2026-08-11T07:32:23Z,iop0,79727644,394323840
2026-08-11T07:32:33Z,iop0,80044180,394323712
2026-08-11T07:32:43Z,iop0,78799476,394323840
2026-08-11T07:32:53Z,iop0,79933436,394323840
2026-08-11T07:33:03Z,iop0,79582152,394323968
2026-08-11T07:33:13Z,iop0,79819456,394323840
2026-08-11T07:33:23Z,iop0,80051776,394323968
2026-08-11T07:33:33Z,iop0,80088424,394324096
2026-08-11T07:33:43Z,iop0,79435824,394324096
2026-08-11T07:33:53Z,iop0,79300560,394324096
2026-08-11T07:34:03Z,iop0,79730068,394296960
2026-08-11T07:34:13Z,iop0,79959488,394324352
2026-08-11T07:34:23Z,iop0,80062960,394324480
2026-08-11T07:34:33Z,iop0,80104912,394324352
2026-08-11T07:34:43Z,iop0,80024720,394324352
2026-08-11T07:34:53Z,iop0,92885328,394324096
2026-08-11T07:35:03Z,iop0,92390448,393988352
2026-08-11T07:35:13Z,iop0,91635328,393891584
2026-08-11T07:35:23Z,iop0,85525580,393890176
2026-08-11T07:35:33Z,iop0,80119156,393890176
2026-08-11T07:35:43Z,iop0,79028768,393890176
2026-08-11T07:35:53Z,iop0,79543308,393890176
2026-08-11T07:36:03Z,iop0,80091784,393890048
2026-08-11T07:36:13Z,iop0,77839264,393890432
2026-08-11T07:36:23Z,iop0,77627032,393890176
2026-08-11T07:36:33Z,iop0,79476040,393890176
2026-08-11T07:36:43Z,iop0,79641376,393890176
2026-08-11T07:36:53Z,iop0,78656192,393885056
2026-08-11T07:37:03Z,iop0,79793712,393888896
2026-08-11T07:37:13Z,iop0,77692404,393888896
2026-08-11T07:37:23Z,iop0,77731904,393889024
2026-08-11T07:37:33Z,iop0,77514752,393889024
2026-08-11T07:37:43Z,iop0,79829304,393889024
2026-08-11T07:37:53Z,iop0,77685932,393888768
2026-08-11T07:38:03Z,iop0,79450168,393871488
2026-08-11T07:38:13Z,iop0,79558536,393888768
2026-08-11T07:38:23Z,iop0,79446580,393888768
2026-08-11T07:38:33Z,iop0,79579060,393889024
2026-08-11T07:38:43Z,iop0,79621068,393888384
2026-08-11T07:38:53Z,iop0,79673244,393867776
2026-08-11T07:39:03Z,iop0,79376984,393889408
2026-08-11T07:39:13Z,iop0,79469372,393888896
2026-08-11T07:39:23Z,iop0,79633904,393888896
2026-08-11T07:39:33Z,iop0,79513072,393889280
2026-08-11T07:39:43Z,iop0,77181344,393889280
2026-08-11T07:39:53Z,iop0,76561820,393889024
2026-08-11T07:40:03Z,iop0,79842204,393889024
2026-08-11T07:40:13Z,iop0,79785456,393889024
2026-08-11T07:40:23Z,iop0,79890712,393889024
2026-08-11T07:40:33Z,iop0,79838700,393888896
2026-08-11T07:40:43Z,iop0,72865608,393889536
2026-08-11T07:40:53Z,iop0,72614380,393889152
2026-08-11T07:41:03Z,iop0,72625528,393889152
2026-08-11T07:41:13Z,iop0,75431324,393889152
2026-08-11T07:41:23Z,iop0,71780128,393889024
2026-08-11T07:41:33Z,iop0,75941216,393889024
2026-08-11T07:41:43Z,iop0,75682108,393889024
2026-08-11T07:41:53Z,iop0,75691596,393889024
2026-08-11T07:42:03Z,iop0,75685264,393889024
2026-08-11T07:42:13Z,iop0,79440852,393889664
2026-08-11T07:42:23Z,iop0,79296300,393889664
2026-08-11T07:42:33Z,iop0,79350708,393889664
2026-08-11T07:42:43Z,iop0,79380396,393889664
2026-08-11T07:42:53Z,iop0,79408052,393889664
2026-08-11T07:43:03Z,iop0,79522336,393889664
2026-08-11T07:43:13Z,iop0,78895088,393889792
2026-08-11T07:43:23Z,iop0,79686348,393889792
2026-08-11T07:43:33Z,iop0,79833828,393889792
2026-08-11T07:43:43Z,iop0,79998996,393889792
2026-08-11T07:43:53Z,iop0,78616624,393889792
2026-08-11T07:44:03Z,iop0,79333936,393889920
2026-08-11T07:44:13Z,iop0,79436824,393889920
2026-08-11T07:44:23Z,iop0,79130340,393889920
2026-08-11T07:44:33Z,iop0,78877752,393889920
2026-08-11T07:44:43Z,iop0,79476856,393889920
2026-08-11T07:44:53Z,iop0,79574048,393889920
2026-08-11T07:45:03Z,iop0,79983136,393889920
2026-08-11T07:45:13Z,iop0,79964676,393890176
2026-08-11T07:45:23Z,iop0,80077740,393890176
2026-08-11T07:45:33Z,iop0,80089668,393890304
2026-08-11T07:45:43Z,iop0,92631484,393889920
2026-08-11T07:45:53Z,iop0,92306632,393829888
2026-08-11T07:46:03Z,iop0,92268380,393460096
2026-08-11T07:46:13Z,iop0,86847724,393456384
2026-08-11T07:46:23Z,iop0,82079512,393456256
2026-08-11T07:46:33Z,iop0,79853652,393456256
2026-08-11T07:46:43Z,iop0,78837100,393456256
2026-08-11T07:46:53Z,iop0,78767176,393456256
2026-08-11T07:47:03Z,iop0,79462196,393456256
2026-08-11T07:47:13Z,iop0,76295972,393456384
2026-08-11T07:47:23Z,iop0,77382884,393456384
2026-08-11T07:47:33Z,iop0,79599312,393456512
2026-08-11T07:47:43Z,iop0,77517132,393422336
2026-08-11T07:47:53Z,iop0,77637288,393455104
2026-08-11T07:48:03Z,iop0,77507280,393438976
2026-08-11T07:48:13Z,iop0,79263720,393407360
2026-08-11T07:48:23Z,iop0,79332320,393455104
2026-08-11T07:48:33Z,iop0,79399920,393452928
2026-08-11T07:48:43Z,iop0,79321472,393447040
2026-08-11T07:48:53Z,iop0,77146936,393411456
2026-08-11T07:49:03Z,iop0,79125244,393404672
2026-08-11T07:49:13Z,iop0,79288212,393454848
2026-08-11T07:49:23Z,iop0,78819096,393454848
2026-08-11T07:49:33Z,iop0,79449004,393454976
2026-08-11T07:49:43Z,iop0,79559064,393454976
2026-08-11T07:49:53Z,iop0,79456884,393454976
2026-08-11T07:50:03Z,iop0,79484992,393455360
2026-08-11T07:50:13Z,iop0,79432596,393455488
2026-08-11T07:50:23Z,iop0,79595200,393455488
2026-08-11T07:50:33Z,iop0,78492592,393455360
2026-08-11T07:50:43Z,iop0,79655764,393455232
2026-08-11T07:50:53Z,iop0,77665112,393455104
2026-08-11T07:51:03Z,iop0,77453096,393455232
2026-08-11T07:51:13Z,iop0,76962512,393454592
2026-08-11T07:51:23Z,iop0,73540480,393455232
2026-08-11T07:51:33Z,iop0,73548588,393455232
2026-08-11T07:51:43Z,iop0,73564652,393455232
2026-08-11T07:51:53Z,iop0,72143576,393455232
2026-08-11T07:52:03Z,iop0,72205408,393455104
2026-08-11T07:52:13Z,iop0,75605896,393455104
2026-08-11T07:52:23Z,iop0,75474028,393455232
2026-08-11T07:52:33Z,iop0,75487408,393455232
2026-08-11T07:52:43Z,iop0,75886248,393455872
2026-08-11T07:52:53Z,iop0,79637352,393455872
2026-08-11T07:53:03Z,iop0,79496380,393455872
2026-08-11T07:53:13Z,iop0,79482224,393455872
2026-08-11T07:53:23Z,iop0,79845936,393455872
2026-08-11T07:53:33Z,iop0,79742136,393455872
2026-08-11T07:53:43Z,iop0,79523760,393456000
2026-08-11T07:53:53Z,iop0,79762804,393456128
2026-08-11T07:54:03Z,iop0,79431852,393456128
2026-08-11T07:54:13Z,iop0,79172432,393439616
2026-08-11T07:54:23Z,iop0,79610208,393456128
2026-08-11T07:54:33Z,iop0,79651204,393456000
2026-08-11T07:54:43Z,iop0,79816612,393456256
2026-08-11T07:54:53Z,iop0,79957128,393456256
2026-08-11T07:55:03Z,iop0,79079000,393456256
2026-08-11T07:55:13Z,iop0,78994456,393456128
2026-08-11T07:55:23Z,iop0,79025200,393456128
2026-08-11T07:55:33Z,iop0,79812480,393456384
2026-08-11T07:55:43Z,iop0,79920740,393456384
2026-08-11T07:55:53Z,iop0,79968748,393456384
2026-08-11T07:56:03Z,iop0,92870744,393456384
2026-08-11T07:56:13Z,iop0,92848320,393455872
2026-08-11T07:56:23Z,iop0,92746576,393026944
2026-08-11T07:56:33Z,iop0,91107556,393021824
2026-08-11T07:56:43Z,iop0,83825316,393021696
2026-08-11T07:56:53Z,iop0,79299768,393021696
2026-08-11T07:57:03Z,iop0,78716948,393021824
2026-08-11T07:57:13Z,iop0,78583492,393021824
2026-08-11T07:57:23Z,iop0,79656376,393021824
2026-08-11T07:57:33Z,iop0,76616728,393021952
2026-08-11T07:57:43Z,iop0,78054992,393022080
2026-08-11T07:57:53Z,iop0,79692092,393021440
2026-08-11T07:58:03Z,iop0,79254148,393022208
2026-08-11T07:58:13Z,iop0,78997132,393021952
2026-08-11T07:58:23Z,iop0,76834360,393021056
2026-08-11T07:58:33Z,iop0,77570824,393021056
2026-08-11T07:58:43Z,iop0,77583768,393021440
2026-08-11T07:58:53Z,iop0,79806380,393005056
2026-08-11T07:59:03Z,iop0,79796248,393005056
2026-08-11T07:59:13Z,iop0,79623564,393005056
2026-08-11T07:59:23Z,iop0,78194272,393020544
2026-08-11T07:59:33Z,iop0,78145968,393020544
2026-08-11T07:59:43Z,iop0,79411012,393020544
2026-08-11T07:59:53Z,iop0,79037280,393021184
2026-08-11T08:00:03Z,iop0,79505152,393021056
2026-08-11T08:00:13Z,iop0,79645208,393021312
2026-08-11T08:00:23Z,iop0,79733840,393013120
2026-08-11T08:00:33Z,iop0,79624200,393001984
2026-08-11T08:00:43Z,iop0,79692208,392994688
2026-08-11T08:00:53Z,iop0,79508028,393020928
2026-08-11T08:01:03Z,iop0,77522960,393020544
2026-08-11T08:01:13Z,iop0,77130664,393021312
2026-08-11T08:01:23Z,iop0,79271804,393020800
2026-08-11T08:01:33Z,iop0,78492708,393020672
2026-08-11T08:01:43Z,iop0,71956904,393020672
2026-08-11T08:01:54Z,iop0,73049120,393020928
2026-08-11T08:02:04Z,iop0,73041844,393020928
2026-08-11T08:02:14Z,iop0,73039860,393020928
2026-08-11T08:02:24Z,iop0,72005540,393020800
2026-08-11T08:02:34Z,iop0,71814268,393020800
2026-08-11T08:02:44Z,iop0,75626820,393020800
2026-08-11T08:02:54Z,iop0,75622944,393020800
2026-08-11T08:03:04Z,iop0,75979576,393021440
2026-08-11T08:03:14Z,iop0,77513796,393021440
2026-08-11T08:03:24Z,iop0,79937204,393021440
2026-08-11T08:03:34Z,iop0,79679328,393021440
2026-08-11T08:03:44Z,iop0,79233336,393021568
2026-08-11T08:03:54Z,iop0,79578512,393021440
2026-08-11T08:04:04Z,iop0,79393468,393021440
2026-08-11T08:04:14Z,iop0,79948316,393021440
2026-08-11T08:04:24Z,iop0,79350040,393021568
2026-08-11T08:04:34Z,iop0,79739568,393021568
2026-08-11T08:04:44Z,iop0,79967272,393021568
2026-08-11T08:04:54Z,iop0,79961548,393021568
2026-08-11T08:05:04Z,iop0,80185648,393021696
2026-08-11T08:05:14Z,iop0,80213196,393021696
2026-08-11T08:05:24Z,iop0,79375168,393021696
2026-08-11T08:05:34Z,iop0,79172188,393021696
2026-08-11T08:05:44Z,iop0,79965452,393021696
2026-08-11T08:05:54Z,iop0,80003980,393021952
2026-08-11T08:06:04Z,iop0,80054692,393021952
2026-08-11T08:06:14Z,iop0,80019772,393021952
2026-08-11T08:06:24Z,iop0,93273672,393021696
2026-08-11T08:06:34Z,iop0,92802332,393021696
2026-08-11T08:06:44Z,iop0,92131564,391993088
2026-08-11T08:06:54Z,iop0,92662016,391707904
2026-08-11T08:07:04Z,iop0,85178480,391707648
2026-08-11T08:07:14Z,iop0,80659780,391707648
2026-08-11T08:07:24Z,iop0,78790584,391707520
2026-08-11T08:07:34Z,iop0,78476808,391707520
2026-08-11T08:07:44Z,iop0,79082800,391707520
2026-08-11T08:07:54Z,iop0,76870648,391707520
2026-08-11T08:08:04Z,iop0,75714664,391708032
2026-08-11T08:08:14Z,iop0,76857080,391708032
2026-08-11T08:08:24Z,iop0,77739260,391707648
2026-08-11T08:08:34Z,iop0,78337636,391706368
2026-08-11T08:08:44Z,iop0,76208360,391706240
2026-08-11T08:08:54Z,iop0,76423628,391706496
2026-08-11T08:09:04Z,iop0,76952760,391706368
2026-08-11T08:09:14Z,iop0,78209836,391698944
2026-08-11T08:09:24Z,iop0,78379940,391698432
2026-08-11T08:09:34Z,iop0,76381012,391680512
2026-08-11T08:09:44Z,iop0,78006444,391680512
2026-08-11T08:09:54Z,iop0,78141404,391691648
2026-08-11T08:10:04Z,iop0,78501924,391691648
2026-08-11T08:10:14Z,iop0,78557604,391706240
2026-08-11T08:10:24Z,iop0,78386496,391706496
2026-08-11T08:10:34Z,iop0,77994160,391706752
2026-08-11T08:10:44Z,iop0,78680648,391706624
2026-08-11T08:10:54Z,iop0,78655136,391706880
2026-08-11T08:11:04Z,iop0,78609340,391706496
2026-08-11T08:11:14Z,iop0,78410464,391663872
2026-08-11T08:11:24Z,iop0,77205800,391706496
2026-08-11T08:11:34Z,iop0,76085484,391706496
2026-08-11T08:11:44Z,iop0,76482064,391706240
2026-08-11T08:11:54Z,iop0,78706780,391706240
2026-08-11T08:12:04Z,iop0,78792700,391706368
2026-08-11T08:12:14Z,iop0,78162288,391705728
2026-08-11T08:12:24Z,iop0,78043412,391705088
2026-08-11T08:12:34Z,iop0,73283428,391706368
2026-08-11T08:12:44Z,iop0,71504904,391706496
2026-08-11T08:12:54Z,iop0,71573948,391706368
2026-08-11T08:13:04Z,iop0,71616244,391706496
2026-08-11T08:13:14Z,iop0,74760692,391706368
2026-08-11T08:13:24Z,iop0,70520436,391706368
2026-08-11T08:13:34Z,iop0,74589408,391706368
2026-08-11T08:13:44Z,iop0,74424220,391706368
2026-08-11T08:13:54Z,iop0,74823460,391706368
2026-08-11T08:14:04Z,iop0,76411880,391707136
2026-08-11T08:14:14Z,iop0,78374656,391707136
2026-08-11T08:14:24Z,iop0,78576432,391707136
2026-08-11T08:14:34Z,iop0,78419176,391707136
2026-08-11T08:14:44Z,iop0,78212668,391707136
2026-08-11T08:14:54Z,iop0,78415408,391707136
2026-08-11T08:15:04Z,iop0,78733572,391707136
2026-08-11T08:15:14Z,iop0,77576900,391707264
2026-08-11T08:15:24Z,iop0,78370340,391707008
2026-08-11T08:15:34Z,iop0,78443568,391707264
2026-08-11T08:15:44Z,iop0,78551240,391707264
2026-08-11T08:15:54Z,iop0,78898756,391707392
2026-08-11T08:16:04Z,iop0,78975544,391707392
2026-08-11T08:16:14Z,iop0,78206068,391707392
2026-08-11T08:16:24Z,iop0,77996752,391707392
2026-08-11T08:16:34Z,iop0,78283760,391707392
2026-08-11T08:16:44Z,iop0,78816732,391707648
2026-08-11T08:16:54Z,iop0,78865988,391707648
2026-08-11T08:17:04Z,iop0,78980720,391707648
2026-08-11T08:17:14Z,iop0,78967648,391707648
2026-08-11T08:17:24Z,iop0,91944100,391707392
2026-08-11T08:17:34Z,iop0,86001320,391704832
2026-08-11T08:17:44Z,iop0,82840396,391703296
2026-08-11T08:17:54Z,iop0,78473216,391703168
2026-08-11T08:18:04Z,iop0,78181276,391703168
2026-08-11T08:18:14Z,iop0,77607364,391703296
2026-08-11T08:18:24Z,iop0,78387440,391703168
2026-08-11T08:18:34Z,iop0,75741168,391703424
2026-08-11T08:18:44Z,iop0,76539004,391703424
2026-08-11T08:18:54Z,iop0,77445432,391702144
2026-08-11T08:19:04Z,iop0,78540552,391702016
2026-08-11T08:19:14Z,iop0,76426388,391701888
2026-08-11T08:19:24Z,iop0,76297308,391702528
2026-08-11T08:19:34Z,iop0,76194876,391702144
2026-08-11T08:19:44Z,iop0,78317580,391702016
2026-08-11T08:19:54Z,iop0,78379340,391702016
2026-08-11T08:20:04Z,iop0,76448244,391695232
2026-08-11T08:20:14Z,iop0,76652040,391691648
2026-08-11T08:20:24Z,iop0,78107008,391701760
2026-08-11T08:20:34Z,iop0,77859220,391701504
2026-08-11T08:20:44Z,iop0,77795744,391701888
2026-08-11T08:20:54Z,iop0,78285616,391685504
2026-08-11T08:21:04Z,iop0,78276504,391702144
2026-08-11T08:21:14Z,iop0,78277972,391702400
2026-08-11T08:21:24Z,iop0,78348472,391702656
2026-08-11T08:21:34Z,iop0,78509036,391702656
2026-08-11T08:21:44Z,iop0,78433400,391702528
2026-08-11T08:21:54Z,iop0,77921128,391702144
2026-08-11T08:22:04Z,iop0,78907252,391702144
2026-08-11T08:22:14Z,iop0,76353496,391702144
2026-08-11T08:22:24Z,iop0,73204460,391701760
2026-08-11T08:22:34Z,iop0,72114864,391702272
2026-08-11T08:22:44Z,iop0,72283260,391702272
2026-08-11T08:22:54Z,iop0,72316252,391702272
2026-08-11T08:23:04Z,iop0,70925448,391702144
2026-08-11T08:23:14Z,iop0,70723104,391702144
2026-08-11T08:23:24Z,iop0,74341844,391702144
2026-08-11T08:23:34Z,iop0,74275248,391702144
2026-08-11T08:23:44Z,iop0,74316900,391702144
2026-08-11T08:23:54Z,iop0,74280236,391703552
2026-08-11T08:24:04Z,iop0,77859532,391702912
2026-08-11T08:24:14Z,iop0,78264276,391702912
2026-08-11T08:24:24Z,iop0,78030084,391702912
2026-08-11T08:24:34Z,iop0,78199320,391702912
2026-08-11T08:24:44Z,iop0,78131624,391702912
2026-08-11T08:24:54Z,iop0,78140708,391702912
2026-08-11T08:25:04Z,iop0,78246588,391703040
2026-08-11T08:25:14Z,iop0,78380100,391696640
2026-08-11T08:25:24Z,iop0,78561220,391703040
2026-08-11T08:25:34Z,iop0,78708492,391703040
2026-08-11T08:25:44Z,iop0,78263648,391703040
2026-08-11T08:25:54Z,iop0,77582728,391702912
2026-08-11T08:26:04Z,iop0,77771320,391703168
2026-08-11T08:26:14Z,iop0,77795860,391703168
2026-08-11T08:26:24Z,iop0,77800368,391703168
2026-08-11T08:26:34Z,iop0,78385648,391703168
2026-08-11T08:26:44Z,iop0,78269696,391703168
2026-08-11T08:26:54Z,iop0,78780848,391703168
2026-08-11T08:27:04Z,iop0,78628884,391703424
2026-08-11T08:27:14Z,iop0,78700056,391703424
2026-08-11T08:27:24Z,iop0,78757060,391703424
2026-08-11T08:27:34Z,iop0,91800820,391703040
2026-08-11T08:27:44Z,iop0,91101420,391553664
2026-08-11T08:27:54Z,iop0,91329440,391135232
2026-08-11T08:28:04Z,iop0,85282760,391131648
2026-08-11T08:28:14Z,iop0,80438660,391131648
2026-08-11T08:28:24Z,iop0,77413728,391131520
2026-08-11T08:28:34Z,iop0,77535444,391131520
2026-08-11T08:28:44Z,iop0,78143900,391131520
2026-08-11T08:28:54Z,iop0,78359152,391131392
2026-08-11T08:29:04Z,iop0,74984208,391131520
2026-08-11T08:29:14Z,iop0,75880072,391131520
2026-08-11T08:29:24Z,iop0,78074424,391131648
2026-08-11T08:29:34Z,iop0,76119672,391130240
2026-08-11T08:29:44Z,iop0,76257284,391130240
2026-08-11T08:29:54Z,iop0,75962496,391130240
2026-08-11T08:30:04Z,iop0,78137900,391130752
2026-08-11T08:30:14Z,iop0,77819840,391130240
2026-08-11T08:30:24Z,iop0,77913380,391130240
2026-08-11T08:30:34Z,iop0,77958608,391130240
2026-08-11T08:30:44Z,iop0,77140192,391130240
2026-08-11T08:30:54Z,iop0,76261020,391129856
2026-08-11T08:31:04Z,iop0,77964108,391129600
2026-08-11T08:31:14Z,iop0,77979036,391123456
2026-08-11T08:31:24Z,iop0,77596948,391091072
2026-08-11T08:31:34Z,iop0,78242640,391091072
2026-08-11T08:31:44Z,iop0,77534720,391130368
2026-08-11T08:31:54Z,iop0,78417968,391130496
2026-08-11T08:32:04Z,iop0,77050100,391130112
2026-08-11T08:32:14Z,iop0,77820336,391129984
2026-08-11T08:32:24Z,iop0,78306408,391129984
2026-08-11T08:32:34Z,iop0,75219736,391128960
2026-08-11T08:32:44Z,iop0,74627044,391128832
2026-08-11T08:32:54Z,iop0,77804256,391129472
2026-08-11T08:33:04Z,iop0,77040872,391130112
2026-08-11T08:33:14Z,iop0,74472912,391130112
2026-08-11T08:33:24Z,iop0,71691716,391129984
2026-08-11T08:33:34Z,iop0,71713788,391129984
2026-08-11T08:33:44Z,iop0,71734784,391129984
2026-08-11T08:33:54Z,iop0,70497912,391129984
2026-08-11T08:34:04Z,iop0,70279624,391129984
2026-08-11T08:34:14Z,iop0,74334348,391129856
2026-08-11T08:34:24Z,iop0,74120136,391129856
2026-08-11T08:34:34Z,iop0,74765892,391130496
2026-08-11T08:34:44Z,iop0,75822168,391130496
2026-08-11T08:34:54Z,iop0,78848836,391130496
2026-08-11T08:35:04Z,iop0,78186996,391130624
2026-08-11T08:35:14Z,iop0,78193516,391130496
2026-08-11T08:35:24Z,iop0,78459572,391130496
2026-08-11T08:35:34Z,iop0,78316320,391130496
2026-08-11T08:35:44Z,iop0,78270176,391130496
2026-08-11T08:35:54Z,iop0,78268564,391130368
2026-08-11T08:36:04Z,iop0,78339740,391113984
2026-08-11T08:36:14Z,iop0,77049108,391130624
2026-08-11T08:36:24Z,iop0,78403500,391130624
2026-08-11T08:36:34Z,iop0,78395200,391130624
2026-08-11T08:36:44Z,iop0,78795208,391130752
2026-08-11T08:36:55Z,iop0,78774040,391130880
2026-08-11T08:37:05Z,iop0,77548460,391130752
2026-08-11T08:37:15Z,iop0,77585276,391130880
2026-08-11T08:37:25Z,iop0,77833820,391121536
2026-08-11T08:37:35Z,iop0,78439136,391131136
2026-08-11T08:37:45Z,iop0,78536148,391131136
2026-08-11T08:37:55Z,iop0,78567988,391131136
2026-08-11T08:38:05Z,iop0,91644196,391130752
2026-08-11T08:38:15Z,iop0,90839732,390963712
2026-08-11T08:38:25Z,iop0,90987192,390649216
2026-08-11T08:38:35Z,iop0,84930796,390646016
2026-08-11T08:38:45Z,iop0,80690400,390646016
2026-08-11T08:38:55Z,iop0,77650232,390646016
2026-08-11T08:39:05Z,iop0,77480720,390646016
2026-08-11T08:39:15Z,iop0,77699136,390646144
2026-08-11T08:39:25Z,iop0,78322456,390646144
2026-08-11T08:39:35Z,iop0,75322520,390646272
2026-08-11T08:39:45Z,iop0,75505940,390646272
2026-08-11T08:39:55Z,iop0,78054816,390646400
2026-08-11T08:40:05Z,iop0,77931072,390646400
2026-08-11T08:40:15Z,iop0,75690776,390628864
2026-08-11T08:40:25Z,iop0,76267240,390628864
2026-08-11T08:40:35Z,iop0,76212196,390628608
2026-08-11T08:40:45Z,iop0,78295040,390644992
2026-08-11T08:40:55Z,iop0,78241356,390644992
2026-08-11T08:41:05Z,iop0,78471740,390644992
2026-08-11T08:41:15Z,iop0,76463564,390644864
2026-08-11T08:41:25Z,iop0,78524260,390644864
2026-08-11T08:41:35Z,iop0,77918192,390644736
2026-08-11T08:41:45Z,iop0,78329648,390644864
2026-08-11T08:41:55Z,iop0,77607668,390645504
2026-08-11T08:42:05Z,iop0,78350880,390644992
2026-08-11T08:42:15Z,iop0,78310952,390645888
2026-08-11T08:42:25Z,iop0,78452732,390645120
2026-08-11T08:42:35Z,iop0,77947576,390645248
2026-08-11T08:42:45Z,iop0,76186648,390645248
2026-08-11T08:42:55Z,iop0,75838272,390644992
2026-08-11T08:43:05Z,iop0,78183736,390645120
2026-08-11T08:43:15Z,iop0,78202364,390644864
2026-08-11T08:43:25Z,iop0,78369944,390644864
2026-08-11T08:43:35Z,iop0,78275336,390637184
2026-08-11T08:43:45Z,iop0,77529144,390637056
2026-08-11T08:43:55Z,iop0,74220596,390628864
2026-08-11T08:44:05Z,iop0,71283832,390644992
2026-08-11T08:44:15Z,iop0,71287824,390645120
2026-08-11T08:44:25Z,iop0,71303100,390645120
2026-08-11T08:44:35Z,iop0,75070764,390644992
2026-08-11T08:44:45Z,iop0,75746520,390644864
2026-08-11T08:44:55Z,iop0,74666540,390644992
2026-08-11T08:45:05Z,iop0,74398596,390644992
2026-08-11T08:45:15Z,iop0,74425736,390644992
2026-08-11T08:45:25Z,iop0,75725884,390645760
2026-08-11T08:45:35Z,iop0,75848220,390645760
2026-08-11T08:45:45Z,iop0,75971664,390645760
2026-08-11T08:45:55Z,iop0,77710508,390645760
2026-08-11T08:46:05Z,iop0,78014136,390645760
2026-08-11T08:46:15Z,iop0,77853104,390645760
2026-08-11T08:46:25Z,iop0,78284244,390645760
2026-08-11T08:46:35Z,iop0,78002824,390645760
2026-08-11T08:46:45Z,iop0,78488224,390645632
2026-08-11T08:46:55Z,iop0,77772684,390645888
2026-08-11T08:47:05Z,iop0,77340312,390645888
2026-08-11T08:47:15Z,iop0,78319480,390645760
2026-08-11T08:47:25Z,iop0,78403508,390645760
2026-08-11T08:47:35Z,iop0,78757200,390645888
2026-08-11T08:47:45Z,iop0,78841160,390646016
2026-08-11T08:47:55Z,iop0,77950596,390645504
2026-08-11T08:48:05Z,iop0,77877164,390645888
2026-08-11T08:48:15Z,iop0,78286256,390646016
2026-08-11T08:48:25Z,iop0,78596892,390646272
2026-08-11T08:48:35Z,iop0,78570884,390646272
2026-08-11T08:48:45Z,iop0,78592140,390646272
2026-08-11T08:48:55Z,iop0,91348784,390646016
2026-08-11T08:49:05Z,iop0,91464284,390646016
2026-08-11T08:49:15Z,iop0,90720756,390170752
2026-08-11T08:49:25Z,iop0,86719832,390166656
2026-08-11T08:49:35Z,iop0,82257956,390165504
2026-08-11T08:49:45Z,iop0,78651748,390165504
2026-08-11T08:49:55Z,iop0,77984480,390165376
2026-08-11T08:50:05Z,iop0,78038620,390165376
2026-08-11T08:50:15Z,iop0,77480144,390165376
2026-08-11T08:50:25Z,iop0,78314996,390165376
2026-08-11T08:50:35Z,iop0,75066948,390165504
2026-08-11T08:50:45Z,iop0,76367368,390165632
2026-08-11T08:50:55Z,iop0,77760248,390164352
2026-08-11T08:51:05Z,iop0,75580836,390164224
2026-08-11T08:51:15Z,iop0,75981120,390164224
2026-08-11T08:51:25Z,iop0,75654344,390164352
2026-08-11T08:51:35Z,iop0,78380860,390164352
2026-08-11T08:51:45Z,iop0,78222964,390148096
2026-08-11T08:51:55Z,iop0,78160600,390137216
2026-08-11T08:52:05Z,iop0,77763580,390158208
2026-08-11T08:52:15Z,iop0,75852616,390142848
2026-08-11T08:52:25Z,iop0,77854560,390163072
2026-08-11T08:52:35Z,iop0,78158132,390162944
2026-08-11T08:52:45Z,iop0,78195916,390163072
2026-08-11T08:52:55Z,iop0,77959764,390164224
2026-08-11T08:53:05Z,iop0,77930820,390161536
2026-08-11T08:53:15Z,iop0,77857908,390164608
2026-08-11T08:53:25Z,iop0,78135632,390148224
2026-08-11T08:53:35Z,iop0,78214308,390131840
2026-08-11T08:53:45Z,iop0,78169132,390164992
2026-08-11T08:53:55Z,iop0,78250060,390164224
2026-08-11T08:54:05Z,iop0,77881036,390163840
2026-08-11T08:54:15Z,iop0,78263068,390164480
2026-08-11T08:54:25Z,iop0,76018520,390164480
2026-08-11T08:54:35Z,iop0,73588852,390164480
2026-08-11T08:54:45Z,iop0,71744240,390164352
2026-08-11T08:54:55Z,iop0,71823324,390164352
2026-08-11T08:55:05Z,iop0,71807796,390164224
2026-08-11T08:55:15Z,iop0,74582452,390164352
2026-08-11T08:55:25Z,iop0,70608028,390164224
2026-08-11T08:55:35Z,iop0,70673636,390164224
2026-08-11T08:55:45Z,iop0,74641756,390165504
2026-08-11T08:55:55Z,iop0,75269076,390164864
2026-08-11T08:56:05Z,iop0,75378652,390164864
2026-08-11T08:56:15Z,iop0,78450120,390164864
2026-08-11T08:56:25Z,iop0,78146216,390164864
2026-08-11T08:56:35Z,iop0,78032160,390164864
2026-08-11T08:56:45Z,iop0,77880304,390164864
2026-08-11T08:56:55Z,iop0,78003972,390164864
2026-08-11T08:57:05Z,iop0,78315876,390164864
2026-08-11T08:57:15Z,iop0,77119780,390164864
2026-08-11T08:57:25Z,iop0,78289716,390164864
2026-08-11T08:57:35Z,iop0,77481800,390164864
2026-08-11T08:57:45Z,iop0,77533340,390159360
2026-08-11T08:57:55Z,iop0,77828540,390164992
2026-08-11T08:58:05Z,iop0,77869444,390165120
2026-08-11T08:58:15Z,iop0,77896368,390165120
2026-08-11T08:58:25Z,iop0,77731168,390165120
2026-08-11T08:58:35Z,iop0,77737248,390165120
2026-08-11T08:58:45Z,iop0,78173540,390165120
2026-08-11T08:58:55Z,iop0,78366412,390165376
2026-08-11T08:59:05Z,iop0,78423220,390165376
2026-08-11T08:59:15Z,iop0,78472608,390165376
2026-08-11T08:59:25Z,iop0,78535340,390165376
2026-08-11T08:59:35Z,iop0,91502612,390165120
2026-08-11T08:59:45Z,iop0,90961052,389890944
2026-08-11T08:59:55Z,iop0,91160412,389687424
2026-08-11T09:00:05Z,iop0,84337600,389684992
2026-08-11T09:00:15Z,iop0,80103152,389684992
2026-08-11T09:00:25Z,iop0,78592116,389684864
2026-08-11T09:00:35Z,iop0,78514056,389684864
2026-08-11T09:00:45Z,iop0,78006776,389684992
2026-08-11T09:00:55Z,iop0,76195464,389668864
2026-08-11T09:01:05Z,iop0,75120228,389685120
2026-08-11T09:01:15Z,iop0,75916340,389684992
2026-08-11T09:01:25Z,iop0,77899808,389685248
2026-08-11T09:01:35Z,iop0,78135564,389684096
2026-08-11T09:01:45Z,iop0,75676388,389684096
2026-08-11T09:01:55Z,iop0,75822824,389684096
2026-08-11T09:02:05Z,iop0,76213836,389684224
2026-08-11T09:02:15Z,iop0,77979204,389683968
2026-08-11T09:02:25Z,iop0,77877204,389683840
2026-08-11T09:02:35Z,iop0,78109952,389683840
2026-08-11T09:02:45Z,iop0,77886776,389683840
2026-08-11T09:02:55Z,iop0,75799880,389683584
2026-08-11T09:03:05Z,iop0,77979236,389683584
2026-08-11T09:03:15Z,iop0,77786232,389683584
2026-08-11T09:03:25Z,iop0,77663400,389667200
2026-08-11T09:03:35Z,iop0,78185000,389683584
2026-08-11T09:03:45Z,iop0,78098460,389683584
2026-08-11T09:03:55Z,iop0,77571008,389683968
2026-08-11T09:04:05Z,iop0,77522868,389684096
2026-08-11T09:04:15Z,iop0,76539748,389683840
2026-08-11T09:04:25Z,iop0,77296236,389683712
2026-08-11T09:04:35Z,iop0,78227228,389684608
2026-08-11T09:04:45Z,iop0,78252232,389684480
2026-08-11T09:04:55Z,iop0,77922700,389683712
2026-08-11T09:05:05Z,iop0,75073072,389667584
2026-08-11T09:05:15Z,iop0,75715300,389651072
2026-08-11T09:05:25Z,iop0,72056888,389683840
2026-08-11T09:05:35Z,iop0,72060956,389683840
2026-08-11T09:05:45Z,iop0,70754580,389683712
2026-08-11T09:05:55Z,iop0,70503996,389683712
2026-08-11T09:06:05Z,iop0,70509828,389683712
2026-08-11T09:06:15Z,iop0,74454804,389683712
2026-08-11T09:06:25Z,iop0,74210652,389683840
2026-08-11T09:06:35Z,iop0,74686672,389683968
2026-08-11T09:06:45Z,iop0,79627112,389684480
2026-08-11T09:06:55Z,iop0,78284676,389684480
2026-08-11T09:07:05Z,iop0,78248860,389684480
2026-08-11T09:07:15Z,iop0,78413232,389684480
2026-08-11T09:07:25Z,iop0,77762508,389684480
2026-08-11T09:07:35Z,iop0,78408200,389684480
2026-08-11T09:07:45Z,iop0,78399216,389684480
2026-08-11T09:07:55Z,iop0,77733800,389684608
2026-08-11T09:08:05Z,iop0,78330740,389684736
2026-08-11T09:08:15Z,iop0,77285372,389684736
2026-08-11T09:08:25Z,iop0,78287124,389684608
2026-08-11T09:08:35Z,iop0,78752084,389684864
2026-08-11T09:08:45Z,iop0,78804624,389684864
2026-08-11T09:08:55Z,iop0,77622980,389684864
2026-08-11T09:09:05Z,iop0,77616176,389684864
2026-08-11T09:09:15Z,iop0,77767344,389684736
2026-08-11T09:09:25Z,iop0,78578608,389685120
2026-08-11T09:09:35Z,iop0,78608468,389685120
2026-08-11T09:09:45Z,iop0,78670008,389685120
2026-08-11T09:09:55Z,iop0,91731548,389684736
2026-08-11T09:10:06Z,iop0,90915408,389519360
2026-08-11T09:10:16Z,iop0,91196124,389208320
2026-08-11T09:10:26Z,iop0,84839100,389204864
2026-08-11T09:10:36Z,iop0,80334000,389204864
2026-08-11T09:10:46Z,iop0,77607272,389204864
2026-08-11T09:10:56Z,iop0,77271232,389204864
2026-08-11T09:11:06Z,iop0,77545564,389204736
2026-08-11T09:11:16Z,iop0,78248668,389204736
2026-08-11T09:11:26Z,iop0,74538396,389204992
2026-08-11T09:11:36Z,iop0,76248212,389204992
2026-08-11T09:11:46Z,iop0,77747104,389188608
2026-08-11T09:11:56Z,iop0,77911668,389204992
2026-08-11T09:12:06Z,iop0,77998052,389205120
2026-08-11T09:12:16Z,iop0,77292416,389203840
2026-08-11T09:12:26Z,iop0,75781884,389203840
2026-08-11T09:12:36Z,iop0,74552584,389204224
2026-08-11T09:12:46Z,iop0,76128128,389204736
2026-08-11T09:12:56Z,iop0,76704040,389204736
2026-08-11T09:13:06Z,iop0,76360568,389204480
2026-08-11T09:13:16Z,iop0,77759380,389204352
2026-08-11T09:13:26Z,iop0,78042396,389188992
2026-08-11T09:13:36Z,iop0,78163936,389188992
2026-08-11T09:13:46Z,iop0,77930016,389204864
2026-08-11T09:13:56Z,iop0,77936452,389204992
2026-08-11T09:14:06Z,iop0,77991436,389205248
2026-08-11T09:14:16Z,iop0,78004844,389188224
2026-08-11T09:14:26Z,iop0,78072440,389172864
2026-08-11T09:14:36Z,iop0,78022268,389204992
2026-08-11T09:14:46Z,iop0,75531416,389204992
2026-08-11T09:14:56Z,iop0,75059408,389204736
2026-08-11T09:15:06Z,iop0,77694780,389204736
2026-08-11T09:15:16Z,iop0,78169840,389204608
2026-08-11T09:15:26Z,iop0,75924768,389204608
2026-08-11T09:15:36Z,iop0,71592204,389204608
2026-08-11T09:15:46Z,iop0,70771484,389188992
2026-08-11T09:15:56Z,iop0,70052472,389187968
2026-08-11T09:16:06Z,iop0,74581028,389204736
2026-08-11T09:16:16Z,iop0,75386584,389204608
2026-08-11T09:16:26Z,iop0,78475428,389204608
2026-08-11T09:16:36Z,iop0,74385768,389204608
2026-08-11T09:16:46Z,iop0,74424208,389204608
2026-08-11T09:16:56Z,iop0,74432468,389204608
2026-08-11T09:17:06Z,iop0,74477400,389204608
2026-08-11T09:17:16Z,iop0,74499660,389204608
2026-08-11T09:17:26Z,iop0,75596872,389205248
2026-08-11T09:17:36Z,iop0,77535676,389205248
2026-08-11T09:17:46Z,iop0,78274416,389205248
2026-08-11T09:17:56Z,iop0,77631236,389205248
2026-08-11T09:18:06Z,iop0,78129264,389205248
2026-08-11T09:18:16Z,iop0,78165852,389205120
2026-08-11T09:18:26Z,iop0,77075596,389205120
2026-08-11T09:18:36Z,iop0,77826540,389203072
2026-08-11T09:18:46Z,iop0,78386184,389205376
2026-08-11T09:18:56Z,iop0,78320628,389205248
2026-08-11T09:19:06Z,iop0,77553956,389205248
2026-08-11T09:19:16Z,iop0,78626616,389205504
2026-08-11T09:19:26Z,iop0,78661916,389205504
2026-08-11T09:19:36Z,iop0,77728560,389205504
2026-08-11T09:19:46Z,iop0,77593124,389205504
2026-08-11T09:19:56Z,iop0,78015416,389205632
2026-08-11T09:20:06Z,iop0,78382096,389205888
2026-08-11T09:20:16Z,iop0,78290940,389205760
2026-08-11T09:20:26Z,iop0,78400752,389205888
2026-08-11T09:20:36Z,iop0,91326796,389205760
2026-08-11T09:20:46Z,iop0,91239836,389205504
2026-08-11T09:20:56Z,iop0,90589756,388730496
2026-08-11T09:21:06Z,iop0,86939836,388726016
2026-08-11T09:21:16Z,iop0,81774116,388725888
2026-08-11T09:21:26Z,iop0,78390176,388726144
2026-08-11T09:21:36Z,iop0,77475812,388726016
2026-08-11T09:21:46Z,iop0,77388480,388726016
2026-08-11T09:21:56Z,iop0,78008240,388725888
2026-08-11T09:22:06Z,iop0,74812664,388726016
2026-08-11T09:22:16Z,iop0,75824180,388726016
2026-08-11T09:22:26Z,iop0,78119828,388726016
2026-08-11T09:22:36Z,iop0,77306900,388708992
2026-08-11T09:22:46Z,iop0,75881492,388724736
2026-08-11T09:22:56Z,iop0,75932896,388717952
2026-08-11T09:23:06Z,iop0,75754500,388704000
2026-08-11T09:23:16Z,iop0,77985648,388724736
2026-08-11T09:23:26Z,iop0,78019916,388724736
2026-08-11T09:23:36Z,iop0,77935592,388708480
2026-08-11T09:23:46Z,iop0,76035772,388724736
2026-08-11T09:23:56Z,iop0,77920572,388724736
2026-08-11T09:24:06Z,iop0,77772848,388724480
2026-08-11T09:24:16Z,iop0,77683324,388724480
2026-08-11T09:24:26Z,iop0,77691088,388724480
2026-08-11T09:24:36Z,iop0,77834416,388708224
2026-08-11T09:24:46Z,iop0,77844224,388678400
2026-08-11T09:24:56Z,iop0,77891744,388724608
2026-08-11T09:25:06Z,iop0,77961268,388724992
2026-08-11T09:25:16Z,iop0,78084652,388725120
2026-08-11T09:25:26Z,iop0,78176188,388725120
2026-08-11T09:25:36Z,iop0,76769076,388724864
2026-08-11T09:25:46Z,iop0,78448524,388724736
2026-08-11T09:25:56Z,iop0,76001700,388724736
2026-08-11T09:26:06Z,iop0,73190716,388724736
2026-08-11T09:26:16Z,iop0,74932988,388724736
2026-08-11T09:26:26Z,iop0,74903752,388724352
2026-08-11T09:26:36Z,iop0,74817364,388724096
2026-08-11T09:26:46Z,iop0,77521140,388724096
2026-08-11T09:26:56Z,iop0,77037436,388723584
2026-08-11T09:27:06Z,iop0,77222784,388724224
2026-08-11T09:27:16Z,iop0,74919836,388724736
2026-08-11T09:27:26Z,iop0,71357828,388724864
2026-08-11T09:27:36Z,iop0,71360752,388724864
2026-08-11T09:27:46Z,iop0,71370780,388724864
2026-08-11T09:27:56Z,iop0,71365032,388724864
2026-08-11T09:28:06Z,iop0,75118520,388724992
2026-08-11T09:28:16Z,iop0,73914372,388724864
2026-08-11T09:28:26Z,iop0,78095780,388724992
2026-08-11T09:28:36Z,iop0,78077784,388723072
2026-08-11T09:28:46Z,iop0,78099260,388723072
2026-08-11T09:28:56Z,iop0,78121676,388725632
2026-08-11T09:29:06Z,iop0,77697752,388709120
2026-08-11T09:29:16Z,iop0,78140528,388725632
2026-08-11T09:29:26Z,iop0,78227328,388725632
2026-08-11T09:29:36Z,iop0,77468472,388725632
2026-08-11T09:29:46Z,iop0,77988028,388725632
2026-08-11T09:29:56Z,iop0,78106560,388725632
2026-08-11T09:30:06Z,iop0,77228508,388724480
2026-08-11T09:30:16Z,iop0,78251564,388725632
2026-08-11T09:30:26Z,iop0,78353152,388725760
2026-08-11T09:30:36Z,iop0,77205584,388709504
2026-08-11T09:30:46Z,iop0,77870956,388726016
2026-08-11T09:30:56Z,iop0,77942820,388726016
2026-08-11T09:31:06Z,iop0,78079084,388725888
2026-08-11T09:31:16Z,iop0,77706744,388725888
2026-08-11T09:31:26Z,iop0,77231036,388710144
2026-08-11T09:31:36Z,iop0,78370776,388726272
2026-08-11T09:31:46Z,iop0,78358084,388726272
2026-08-11T09:31:56Z,iop0,78382540,388726144
2026-08-11T09:32:06Z,iop0,91413876,388725888
2026-08-11T09:32:16Z,iop0,91359828,388725760
2026-08-11T09:32:26Z,iop0,90653880,388250624
2026-08-11T09:32:36Z,iop0,89625240,388246784
2026-08-11T09:32:46Z,iop0,82654800,388245504
2026-08-11T09:32:56Z,iop0,78404688,388245376
2026-08-11T09:33:06Z,iop0,78164468,388245632
2026-08-11T09:33:16Z,iop0,78327364,388245120
2026-08-11T09:33:26Z,iop0,78530976,388244992
2026-08-11T09:33:36Z,iop0,78299496,388245376
2026-08-11T09:33:46Z,iop0,77484236,388245632
2026-08-11T09:33:56Z,iop0,75111024,388246144
2026-08-11T09:34:06Z,iop0,76274276,388246144
2026-08-11T09:34:16Z,iop0,77787672,388245760
2026-08-11T09:34:26Z,iop0,78164836,388245760
2026-08-11T09:34:36Z,iop0,77752584,388245248
2026-08-11T09:34:46Z,iop0,76216888,388243968
2026-08-11T09:34:56Z,iop0,76152028,388244352
2026-08-11T09:35:06Z,iop0,75825352,388228096
2026-08-11T09:35:16Z,iop0,78286244,388244992
2026-08-11T09:35:26Z,iop0,78346684,388244480
2026-08-11T09:35:36Z,iop0,78008960,388227840
2026-08-11T09:35:46Z,iop0,78070588,388227712
2026-08-11T09:35:56Z,iop0,76362604,388244224
2026-08-11T09:36:06Z,iop0,77579568,388243968
2026-08-11T09:36:16Z,iop0,77830804,388243968
2026-08-11T09:36:26Z,iop0,77917296,388244224
2026-08-11T09:36:36Z,iop0,77405856,388243584
2026-08-11T09:36:46Z,iop0,78073016,388244480
2026-08-11T09:36:56Z,iop0,78246296,388243840
2026-08-11T09:37:06Z,iop0,78293904,388243840
2026-08-11T09:37:16Z,iop0,78206800,388243712
2026-08-11T09:37:26Z,iop0,76999280,388244736
2026-08-11T09:37:36Z,iop0,78562476,388244608
2026-08-11T09:37:46Z,iop0,76324540,388244608
2026-08-11T09:37:56Z,iop0,76173140,388244608
2026-08-11T09:38:06Z,iop0,75349332,388243968
2026-08-11T09:38:16Z,iop0,75024580,388187904
2026-08-11T09:38:27Z,iop0,72105240,388244608
2026-08-11T09:38:37Z,iop0,72165940,388244608
2026-08-11T09:38:47Z,iop0,71756536,388244480
2026-08-11T09:38:57Z,iop0,71738264,388244480
2026-08-11T09:39:07Z,iop0,71754432,388244480
2026-08-11T09:39:17Z,iop0,71759216,388244480
2026-08-11T09:39:27Z,iop0,74053416,388244480
2026-08-11T09:39:37Z,iop0,76544820,388245248
2026-08-11T09:39:47Z,iop0,77786800,388245248
2026-08-11T09:39:57Z,iop0,78361936,388245248
2026-08-11T09:40:07Z,iop0,77920784,388245248
2026-08-11T09:40:17Z,iop0,78528584,388245248
2026-08-11T09:40:27Z,iop0,78431416,388245376
2026-08-11T09:40:37Z,iop0,77778816,388245376
2026-08-11T09:40:47Z,iop0,78441120,388245248
2026-08-11T09:40:57Z,iop0,78442996,388245504
2026-08-11T09:41:07Z,iop0,77341032,388245248
2026-08-11T09:41:17Z,iop0,78455620,388245504
2026-08-11T09:41:27Z,iop0,77614412,388245504
2026-08-11T09:41:37Z,iop0,77649648,388245376
2026-08-11T09:41:47Z,iop0,77721008,388245632
2026-08-11T09:41:57Z,iop0,77766296,388245632
2026-08-11T09:42:07Z,iop0,77657356,388245632
2026-08-11T09:42:17Z,iop0,78266468,388245376
2026-08-11T09:42:27Z,iop0,77807452,388244736
2026-08-11T09:42:37Z,iop0,78595148,388245888
2026-08-11T09:42:47Z,iop0,78612848,388245888
2026-08-11T09:42:57Z,iop0,78661632,388245888
2026-08-11T09:43:07Z,iop0,91077696,388245632
2026-08-11T09:43:17Z,iop0,91113068,388245504
2026-08-11T09:43:27Z,iop0,90988776,388102400
2026-08-11T09:43:37Z,iop0,91759004,387704576
2026-08-11T09:43:47Z,iop0,85449772,387704192
2026-08-11T09:43:57Z,iop0,80814160,387704192
2026-08-11T09:44:07Z,iop0,78524932,387704192
2026-08-11T09:44:17Z,iop0,77530368,387704320
2026-08-11T09:44:27Z,iop0,77673952,387704320
2026-08-11T09:44:37Z,iop0,78079892,387704320
2026-08-11T09:44:47Z,iop0,75366940,387704448
2026-08-11T09:44:57Z,iop0,75174056,387704448
2026-08-11T09:45:07Z,iop0,77921232,387704448
2026-08-11T09:45:17Z,iop0,77553312,387703424
2026-08-11T09:45:27Z,iop0,76925740,387703168
2026-08-11T09:45:37Z,iop0,75651504,387698816
2026-08-11T09:45:47Z,iop0,76003816,387697792
2026-08-11T09:45:57Z,iop0,78043292,387703680
2026-08-11T09:46:07Z,iop0,77726096,387703424
2026-08-11T09:46:17Z,iop0,77546048,387703296
2026-08-11T09:46:27Z,iop0,77577920,387703168
2026-08-11T09:46:37Z,iop0,76306372,387703168
2026-08-11T09:46:47Z,iop0,77879192,387703168
2026-08-11T09:46:57Z,iop0,78055252,387703168
2026-08-11T09:47:07Z,iop0,78065788,387703168
2026-08-11T09:47:17Z,iop0,78052656,387703168
2026-08-11T09:47:27Z,iop0,77929360,387703168
2026-08-11T09:47:37Z,iop0,77939388,387703168
2026-08-11T09:47:47Z,iop0,77915372,387688064
2026-08-11T09:47:57Z,iop0,77586400,387703040
2026-08-11T09:48:07Z,iop0,77861812,387703040
2026-08-11T09:48:17Z,iop0,77827896,387703040
2026-08-11T09:48:27Z,iop0,77693928,387703040
2026-08-11T09:48:37Z,iop0,77128200,387703040
2026-08-11T09:48:47Z,iop0,77700904,387703040
2026-08-11T09:48:57Z,iop0,77922424,387703040
2026-08-11T09:49:07Z,iop0,77862588,387702912
2026-08-11T09:49:17Z,iop0,77835280,387702912
2026-08-11T09:49:28Z,iop0,77757164,387702912
2026-08-11T09:49:38Z,iop0,77612108,387702912
2026-08-11T09:49:48Z,iop0,77589804,387691776
2026-08-11T09:49:58Z,iop0,77827052,387691008
2026-08-11T09:50:08Z,iop0,77152528,387703296
2026-08-11T09:50:18Z,iop0,77368564,387703296
2026-08-11T09:50:28Z,iop0,76188404,387703168
2026-08-11T09:50:38Z,iop0,75840468,387703296
2026-08-11T09:50:48Z,iop0,75353948,387703936
2026-08-11T09:50:58Z,iop0,74311400,387688192
2026-08-11T09:51:08Z,iop0,75405292,387703424
2026-08-11T09:51:18Z,iop0,72800972,387703296
2026-08-11T09:51:28Z,iop0,74911668,387703296
2026-08-11T09:51:38Z,iop0,71784552,387703168
2026-08-11T09:51:48Z,iop0,71812900,387703168
2026-08-11T09:51:58Z,iop0,71877228,387703168
2026-08-11T09:52:08Z,iop0,71874628,387703168
2026-08-11T09:52:18Z,iop0,74028732,387703168
2026-08-11T09:52:28Z,iop0,76313456,387704064
2026-08-11T09:52:38Z,iop0,77802496,387704064
2026-08-11T09:52:48Z,iop0,78104636,387704064
2026-08-11T09:52:58Z,iop0,78177916,387704064
2026-08-11T09:53:08Z,iop0,77780912,387704064
2026-08-11T09:53:18Z,iop0,78277020,387704064
2026-08-11T09:53:28Z,iop0,78064736,387704064
2026-08-11T09:53:38Z,iop0,78023968,387703808
2026-08-11T09:53:48Z,iop0,78032200,387693824
2026-08-11T09:53:58Z,iop0,78097268,387704192
2026-08-11T09:54:08Z,iop0,77124944,387704192
2026-08-11T09:54:18Z,iop0,78527576,387704320
2026-08-11T09:54:28Z,iop0,78563904,387704448
2026-08-11T09:54:38Z,iop0,77720792,387704320
2026-08-11T09:54:48Z,iop0,77459956,387704320
2026-08-11T09:54:58Z,iop0,78044992,387704192
2026-08-11T09:55:08Z,iop0,78334392,387704576
2026-08-11T09:55:18Z,iop0,78395128,387704576
2026-08-11T09:55:28Z,iop0,78532320,387704576
2026-08-11T09:55:38Z,iop0,80658536,387704576
2026-08-11T09:55:48Z,iop0,91388028,387703040
2026-08-11T09:55:58Z,iop0,89150240,387699840
2026-08-11T09:56:08Z,iop0,83556288,387421184
2026-08-11T09:56:18Z,iop0,78469532,387421184
2026-08-11T09:56:28Z,iop0,77025960,387426048
2026-08-11T09:56:38Z,iop0,76630432,387424768
2026-08-11T09:56:48Z,iop0,77169972,387433600
2026-08-11T09:56:58Z,iop0,77440512,387416704
2026-08-11T09:57:08Z,iop0,76394940,387466624
2026-08-11T09:57:18Z,iop0,75503220,387458944
2026-08-11T09:57:28Z,iop0,70537752,387439872
2026-08-11T09:57:38Z,iop0,69855556,387430400
2026-08-11T09:57:48Z,iop0,73845060,387403008
2026-08-11T09:57:58Z,iop0,75317824,387414912
2026-08-11T09:58:08Z,iop0,73987120,387402112
2026-08-11T09:58:18Z,iop0,77154476,387399936
2026-08-11T09:58:28Z,iop0,77237708,387423488
2026-08-11T09:58:38Z,iop0,77270692,387424256
2026-08-11T09:58:48Z,iop0,77256096,387391488
2026-08-11T09:58:58Z,iop0,77140444,387425664
2026-08-11T09:59:08Z,iop0,77169208,387427456
2026-08-11T09:59:18Z,iop0,77171884,387450624
2026-08-11T09:59:28Z,iop0,77258860,387450624
2026-08-11T09:59:38Z,iop0,74898936,387473664
2026-08-11T09:59:48Z,iop0,76072344,387489280
2026-08-11T09:59:58Z,iop0,77390684,387457536
2026-08-11T10:00:08Z,iop0,74409852,387488512
2026-08-11T10:00:18Z,iop0,74250912,387491840
2026-08-11T10:00:28Z,iop0,74328144,387491840
2026-08-11T10:00:38Z,iop0,74107752,387445120
2026-08-11T10:00:48Z,iop0,77146168,387224064
2026-08-11T10:00:58Z,iop0,77373216,387209472
2026-08-11T10:01:08Z,iop0,77448244,387201536
2026-08-11T10:01:18Z,iop0,75797716,386631040
2026-08-11T10:01:28Z,iop0,75662348,386467456
2026-08-11T10:01:38Z,iop0,76740092,386401280
2026-08-11T10:01:48Z,iop0,77392072,386024320
2026-08-11T10:01:58Z,iop0,74782068,385897728
2026-08-11T10:02:08Z,iop0,74327960,385898240
2026-08-11T10:02:18Z,iop0,74955500,385757440
2026-08-11T10:02:28Z,iop0,72159460,385042816
2026-08-11T10:02:38Z,iop0,73277044,384905600
2026-08-11T10:02:48Z,iop0,74587772,384906368
2026-08-11T10:02:58Z,iop0,73645696,384583296
2026-08-11T10:03:08Z,iop0,73875052,384582656
2026-08-11T10:03:18Z,iop0,71381004,384218496
2026-08-11T10:03:28Z,iop0,71467984,384218496
2026-08-11T10:03:38Z,iop0,73684064,383021056
2026-08-11T10:03:48Z,iop0,73763096,383020928
2026-08-11T10:03:58Z,iop0,73836860,383020928
2026-08-11T10:04:08Z,iop0,76966912,381796480
2026-08-11T10:04:18Z,iop0,77515340,381808768
2026-08-11T10:04:28Z,iop0,77586420,381810944
2026-08-11T10:04:38Z,iop0,77663476,381810944
2026-08-11T10:04:48Z,iop0,77679292,381810944
2026-08-11T10:04:58Z,iop0,77715964,381810944
2026-08-11T10:05:08Z,iop0,77760660,381810816
2026-08-11T10:05:18Z,iop0,76962460,379917568
2026-08-11T10:05:28Z,iop0,77056932,379675776
2026-08-11T10:05:38Z,iop0,77084000,379675648
2026-08-11T10:05:48Z,iop0,77067264,379675648
2026-08-11T10:05:58Z,iop0,77071056,379675648
2026-08-11T10:06:08Z,iop0,77109072,379675648
2026-08-11T10:06:18Z,iop0,76350988,379680256
2026-08-11T10:06:28Z,iop0,76462380,379679744
2026-08-11T10:06:38Z,iop0,77117256,378626176
2026-08-11T10:06:48Z,iop0,77684904,378624256
2026-08-11T10:06:58Z,iop0,77767444,378624256
2026-08-11T10:07:08Z,iop0,77791012,378624128
2026-08-11T10:07:18Z,iop0,90162072,378623872
2026-08-11T10:07:28Z,iop0,86014508,378622592
2026-08-11T10:07:38Z,iop0,83001524,378578176
2026-08-11T10:07:48Z,iop0,78327016,378556544
2026-08-11T10:07:58Z,iop0,76368520,378560000
2026-08-11T10:08:08Z,iop0,75484404,378567040
2026-08-11T10:08:18Z,iop0,76489760,378580224
2026-08-11T10:08:28Z,iop0,76172996,378575872
2026-08-11T10:08:38Z,iop0,73053492,378580224
2026-08-11T10:08:48Z,iop0,75178512,378556032
2026-08-11T10:08:58Z,iop0,76607340,378540928
2026-08-11T10:09:08Z,iop0,74813720,378548608
2026-08-11T10:09:18Z,iop0,72548844,378550528
2026-08-11T10:09:28Z,iop0,72953464,378542336
2026-08-11T10:09:38Z,iop0,72249972,378522752
2026-08-11T10:09:48Z,iop0,75033180,378522752
2026-08-11T10:09:58Z,iop0,76001132,378549120
2026-08-11T10:10:08Z,iop0,76589812,378562816
2026-08-11T10:10:18Z,iop0,76497476,378556544
2026-08-11T10:10:28Z,iop0,76292004,378559360
2026-08-11T10:10:38Z,iop0,75256840,378559488
2026-08-11T10:10:48Z,iop0,76501792,378561664
2026-08-11T10:10:58Z,iop0,75422220,378543872
2026-08-11T10:11:08Z,iop0,76575568,378552832
2026-08-11T10:11:18Z,iop0,76635752,378558080
2026-08-11T10:11:28Z,iop0,76685196,378567936
2026-08-11T10:11:38Z,iop0,76662832,378567040
2026-08-11T10:11:48Z,iop0,74732336,378561664
2026-08-11T10:11:58Z,iop0,76695336,378560896
2026-08-11T10:12:08Z,iop0,76850396,378560640
2026-08-11T10:12:18Z,iop0,76554184,378557568
2026-08-11T10:12:28Z,iop0,73334052,378560896
2026-08-11T10:12:38Z,iop0,73390784,378560768
2026-08-11T10:12:48Z,iop0,73483420,378567296
2026-08-11T10:12:58Z,iop0,73282392,378566016
2026-08-11T10:13:08Z,iop0,73515356,378574976
2026-08-11T10:13:18Z,iop0,76818040,378493824
2026-08-11T10:13:28Z,iop0,76882244,378204800
2026-08-11T10:13:38Z,iop0,76904104,378137728
2026-08-11T10:13:48Z,iop0,77005504,378137728
2026-08-11T10:13:58Z,iop0,74705664,377877376
2026-08-11T10:14:08Z,iop0,75329044,377870848
2026-08-11T10:14:18Z,iop0,74287568,377872384
2026-08-11T10:14:29Z,iop0,72313692,377872512
2026-08-11T10:14:39Z,iop0,71924268,377872384
2026-08-11T10:14:49Z,iop0,70586320,377872256
2026-08-11T10:14:59Z,iop0,70666764,377872256
2026-08-11T10:15:09Z,iop0,70717736,377872256
2026-08-11T10:15:19Z,iop0,69559148,377878912
2026-08-11T10:15:29Z,iop0,70516976,377879680
2026-08-11T10:15:39Z,iop0,72936676,377879424
2026-08-11T10:15:49Z,iop0,76703304,377879168
2026-08-11T10:15:59Z,iop0,77055388,377879168
2026-08-11T10:16:09Z,iop0,77193420,377879168
2026-08-11T10:16:19Z,iop0,77231208,377879168
2026-08-11T10:16:29Z,iop0,77259788,377879168
2026-08-11T10:16:39Z,iop0,77263224,377879040
2026-08-11T10:16:49Z,iop0,77274024,377879040
2026-08-11T10:16:59Z,iop0,76184108,377878272
2026-08-11T10:17:09Z,iop0,76078836,377878016
2026-08-11T10:17:19Z,iop0,76549308,377783552
2026-08-11T10:17:29Z,iop0,76982268,377758976
2026-08-11T10:17:39Z,iop0,77113812,377758976
2026-08-11T10:17:49Z,iop0,77123384,377758976
2026-08-11T10:17:59Z,iop0,89499592,377758720
2026-08-11T10:18:09Z,iop0,89002052,377719808
2026-08-11T10:18:19Z,iop0,88664756,376921088
2026-08-11T10:18:29Z,iop0,84510640,376916224
2026-08-11T10:18:39Z,iop0,82024764,376878720
2026-08-11T10:18:49Z,iop0,78192540,376878848
2026-08-11T10:18:59Z,iop0,72934360,376859776
2026-08-11T10:19:09Z,iop0,75007596,376891008
2026-08-11T10:19:19Z,iop0,75234736,376879616
2026-08-11T10:19:29Z,iop0,75146456,376878976
2026-08-11T10:19:39Z,iop0,75864452,376866176
2026-08-11T10:19:49Z,iop0,75825680,376892544
2026-08-11T10:19:59Z,iop0,75876220,376920576
2026-08-11T10:20:09Z,iop0,75444292,376908800
2026-08-11T10:20:19Z,iop0,69828988,376860032
2026-08-11T10:20:29Z,iop0,69783332,376853248
2026-08-11T10:20:39Z,iop0,73623200,376850304
2026-08-11T10:20:49Z,iop0,75656060,376854784
2026-08-11T10:20:59Z,iop0,74506764,376878976
2026-08-11T10:21:09Z,iop0,74338660,376873600
2026-08-11T10:21:19Z,iop0,75479352,376858368
2026-08-11T10:21:29Z,iop0,75339368,376876544
2026-08-11T10:21:39Z,iop0,75373116,376894976
2026-08-11T10:21:49Z,iop0,74976196,376883328
2026-08-11T10:21:59Z,iop0,75373908,376875520
2026-08-11T10:22:09Z,iop0,75491504,376859008
2026-08-11T10:22:19Z,iop0,75595828,376877312
2026-08-11T10:22:29Z,iop0,75714524,376870656
2026-08-11T10:22:39Z,iop0,75866348,376870784
2026-08-11T10:22:49Z,iop0,75511668,376862848
2026-08-11T10:22:59Z,iop0,75428548,376864256
2026-08-11T10:23:09Z,iop0,74489228,376861440
2026-08-11T10:23:19Z,iop0,74783392,376860416
2026-08-11T10:23:29Z,iop0,74804980,376860416
2026-08-11T10:23:39Z,iop0,73528176,376861568
2026-08-11T10:23:49Z,iop0,73164444,376734720
2026-08-11T10:23:59Z,iop0,73425356,376715776
2026-08-11T10:24:09Z,iop0,75858228,376715904
2026-08-11T10:24:19Z,iop0,75838376,376582400
2026-08-11T10:24:29Z,iop0,75634832,376582272
2026-08-11T10:24:39Z,iop0,69556448,376550272
2026-08-11T10:24:49Z,iop0,69304528,376549248
2026-08-11T10:24:59Z,iop0,68394940,376543616
2026-08-11T10:25:09Z,iop0,67418308,376534144
2026-08-11T10:25:19Z,iop0,67341864,376550272
2026-08-11T10:25:29Z,iop0,72458696,376550656
2026-08-11T10:25:39Z,iop0,72768600,376550528
2026-08-11T10:25:49Z,iop0,72322924,376549504
2026-08-11T10:25:59Z,iop0,71785396,376548992
2026-08-11T10:26:09Z,iop0,72006828,376546688
2026-08-11T10:26:19Z,iop0,72130728,376544128
2026-08-11T10:26:29Z,iop0,72167336,376544128
2026-08-11T10:26:39Z,iop0,72214096,376544128
2026-08-11T10:26:49Z,iop0,72821360,376544128
2026-08-11T10:26:59Z,iop0,75604164,376545920
2026-08-11T10:27:09Z,iop0,74853024,376542848
2026-08-11T10:27:19Z,iop0,74787936,376542720
2026-08-11T10:27:29Z,iop0,75127832,376542848
2026-08-11T10:27:39Z,iop0,76464212,376542976
2026-08-11T10:27:49Z,iop0,76515096,376542976
2026-08-11T10:27:59Z,iop0,76523124,376542848
2026-08-11T10:28:09Z,iop0,76522236,376542976
2026-08-11T10:28:19Z,iop0,75068068,376542592
2026-08-11T10:28:29Z,iop0,75103936,376542720
2026-08-11T10:28:39Z,iop0,75113792,376542720
2026-08-11T10:28:49Z,iop0,75122096,376542720
2026-08-11T10:28:59Z,iop0,75138012,376542592
2026-08-11T10:29:09Z,iop0,75145932,376542720
2026-08-11T10:29:19Z,iop0,74911652,376555136
2026-08-11T10:29:29Z,iop0,75709164,376391680
2026-08-11T10:29:39Z,iop0,76062632,375738752
2026-08-11T10:29:49Z,iop0,76176168,375738752
2026-08-11T10:29:59Z,iop0,76160560,375738752
2026-08-11T10:30:09Z,iop0,88576156,375738624
2026-08-11T10:30:19Z,iop0,88673992,375738368
2026-08-11T10:30:29Z,iop0,86989376,375738240
2026-08-11T10:30:39Z,iop0,81593272,375719680
2026-08-11T10:30:49Z,iop0,75206136,375724160
2026-08-11T10:30:59Z,iop0,74445652,375733888
2026-08-11T10:31:09Z,iop0,75105780,375712896
2026-08-11T10:31:19Z,iop0,75132772,375705216
2026-08-11T10:31:29Z,iop0,75266040,375727872
2026-08-11T10:31:39Z,iop0,75255036,375736320
2026-08-11T10:31:49Z,iop0,73951660,375724416
2026-08-11T10:31:59Z,iop0,73394604,375735424
2026-08-11T10:32:09Z,iop0,73718300,375724544
2026-08-11T10:32:19Z,iop0,75418560,375719296
2026-08-11T10:32:29Z,iop0,75430016,375711104
2026-08-11T10:32:39Z,iop0,75515300,375731072
2026-08-11T10:32:49Z,iop0,75525368,375732608
2026-08-11T10:32:59Z,iop0,75476136,375727104
2026-08-11T10:33:09Z,iop0,75338112,375733504
2026-08-11T10:33:19Z,iop0,75542040,375721984
2026-08-11T10:33:29Z,iop0,70775448,375723648
2026-08-11T10:33:39Z,iop0,71733092,375722880
2026-08-11T10:33:49Z,iop0,71645892,375707648
2026-08-11T10:33:59Z,iop0,71694912,375698816
2026-08-11T10:34:09Z,iop0,71167412,375689856
2026-08-11T10:34:19Z,iop0,71928960,375677312
2026-08-11T10:34:29Z,iop0,71662320,375714176
2026-08-11T10:34:39Z,iop0,75593208,375720448
2026-08-11T10:34:49Z,iop0,75541364,375721728
2026-08-11T10:34:59Z,iop0,75639660,375709184
2026-08-11T10:35:09Z,iop0,75072728,375701888
2026-08-11T10:35:19Z,iop0,75168744,375656704
2026-08-11T10:35:29Z,iop0,74937888,375665792
2026-08-11T10:35:39Z,iop0,75512944,375654912
2026-08-11T10:35:49Z,iop0,73110576,375655168
2026-08-11T10:35:59Z,iop0,72900776,375666688
2026-08-11T10:36:09Z,iop0,72395768,375674624
2026-08-11T10:36:19Z,iop0,73741184,375683456
2026-08-11T10:36:29Z,iop0,73545728,375685376
2026-08-11T10:36:39Z,iop0,75561524,375690112
2026-08-11T10:36:49Z,iop0,75612100,375689984
2026-08-11T10:36:59Z,iop0,73806128,375689728
2026-08-11T10:37:09Z,iop0,70076840,375689728
2026-08-11T10:37:19Z,iop0,71572932,375696896
2026-08-11T10:37:29Z,iop0,68839240,375667072
2026-08-11T10:37:39Z,iop0,68861140,375667072
2026-08-11T10:37:49Z,iop0,69816472,375663232
2026-08-11T10:37:59Z,iop0,73177788,375663232
2026-08-11T10:38:09Z,iop0,72004080,375662720
2026-08-11T10:38:19Z,iop0,75636300,375656576
2026-08-11T10:38:29Z,iop0,75835632,375656704
2026-08-11T10:38:39Z,iop0,75895692,375656704
2026-08-11T10:38:49Z,iop0,75573484,375622016
2026-08-11T10:38:59Z,iop0,75620764,375622016
2026-08-11T10:39:09Z,iop0,75709276,375622016
2026-08-11T10:39:19Z,iop0,75727424,375622144
2026-08-11T10:39:29Z,iop0,75733936,375622144
2026-08-11T10:39:39Z,iop0,74968004,375602560
2026-08-11T10:39:49Z,iop0,74974608,375602560
2026-08-11T10:39:59Z,iop0,74972872,375602560
2026-08-11T10:40:09Z,iop0,74970940,375602560
2026-08-11T10:40:19Z,iop0,75004432,375602560
2026-08-11T10:40:29Z,iop0,74734876,375548416
2026-08-11T10:40:39Z,iop0,74800256,375548416
2026-08-11T10:40:49Z,iop0,75657348,375205760
2026-08-11T10:40:59Z,iop0,75782856,375205760
2026-08-11T10:41:09Z,iop0,75916056,375205760
2026-08-11T10:41:19Z,iop0,75838084,375205632
2026-08-11T10:41:29Z,iop0,88034044,375205376
2026-08-11T10:41:39Z,iop0,87552328,374861696
2026-08-11T10:41:49Z,iop0,88210160,374668032
2026-08-11T10:41:59Z,iop0,86521264,374661888
2026-08-11T10:42:09Z,iop0,80454408,374662784
2026-08-11T10:42:19Z,iop0,76028112,374658432
2026-08-11T10:42:29Z,iop0,76309520,374650368
2026-08-11T10:42:39Z,iop0,75944208,374636800
2026-08-11T10:42:49Z,iop0,75982832,374653696
2026-08-11T10:42:59Z,iop0,75797252,374648064
2026-08-11T10:43:09Z,iop0,75817768,374643456
2026-08-11T10:43:19Z,iop0,74554760,374655104
2026-08-11T10:43:29Z,iop0,73049748,374639232
2026-08-11T10:43:39Z,iop0,72383148,374652928
2026-08-11T10:43:49Z,iop0,73569504,374647808
2026-08-11T10:43:59Z,iop0,75436028,374659200
2026-08-11T10:44:09Z,iop0,75370112,374657536
2026-08-11T10:44:19Z,iop0,72943784,374658048
2026-08-11T10:44:29Z,iop0,72519928,374653184
2026-08-11T10:44:39Z,iop0,74408748,374660736
2026-08-11T10:44:49Z,iop0,76126992,374647424
2026-08-11T10:44:59Z,iop0,75927380,374647552
2026-08-11T10:45:10Z,iop0,75898664,374626304
2026-08-11T10:45:20Z,iop0,75896620,374653824
2026-08-11T10:45:30Z,iop0,73704068,374653696
2026-08-11T10:45:40Z,iop0,73318764,374635136
2026-08-11T10:45:50Z,iop0,76001476,374650240
2026-08-11T10:46:00Z,iop0,75928756,374643200
2026-08-11T10:46:10Z,iop0,75986280,374649472
2026-08-11T10:46:20Z,iop0,75978656,374618240
2026-08-11T10:46:30Z,iop0,76085456,374616448
2026-08-11T10:46:40Z,iop0,76056388,374653440
2026-08-11T10:46:50Z,iop0,75895320,374657664
2026-08-11T10:47:00Z,iop0,75968484,374661632
2026-08-11T10:47:10Z,iop0,75378752,374662016
2026-08-11T10:47:20Z,iop0,74021876,374662272
2026-08-11T10:47:30Z,iop0,74078236,374670848
2026-08-11T10:47:40Z,iop0,72371840,374661376
2026-08-11T10:47:50Z,iop0,72636264,374652928
2026-08-11T10:48:00Z,iop0,75743588,374652672
2026-08-11T10:48:10Z,iop0,72570156,374652672
2026-08-11T10:48:20Z,iop0,69624688,374658176
2026-08-11T10:48:30Z,iop0,69635700,374665600
2026-08-11T10:48:40Z,iop0,67145036,374666496
2026-08-11T10:48:50Z,iop0,68960052,374659712
2026-08-11T10:49:00Z,iop0,74535892,374659200
2026-08-11T10:49:10Z,iop0,76175220,374659712
2026-08-11T10:49:20Z,iop0,75639524,374658304
2026-08-11T10:49:30Z,iop0,75998800,374641920
2026-08-11T10:49:40Z,iop0,75971928,374641792
2026-08-11T10:49:50Z,iop0,76269044,374657792
2026-08-11T10:50:00Z,iop0,76643180,374657920
2026-08-11T10:50:10Z,iop0,76906428,374659328
2026-08-11T10:50:20Z,iop0,77201220,374657920
2026-08-11T10:50:30Z,iop0,77243700,374657920
2026-08-11T10:50:40Z,iop0,75486292,374658176
2026-08-11T10:50:50Z,iop0,75568544,374658176
2026-08-11T10:51:00Z,iop0,76315152,374658944
2026-08-11T10:51:10Z,iop0,77297820,374658304
2026-08-11T10:51:20Z,iop0,77303708,374658304
2026-08-11T10:51:30Z,iop0,77311528,374658304
2026-08-11T10:51:40Z,iop0,77314128,374658304
2026-08-11T10:51:50Z,iop0,77310988,374658304
2026-08-11T10:52:00Z,iop0,77325420,374658304
2026-08-11T10:52:10Z,iop0,77323300,374658304
2026-08-11T10:52:20Z,iop0,77315900,374658304
2026-08-11T10:52:30Z,iop0,77320928,374658304
2026-08-11T10:52:40Z,iop0,75471816,374658560
2026-08-11T10:52:50Z,iop0,75863992,374647808
2026-08-11T10:53:00Z,iop0,76157496,374685568
2026-08-11T10:53:10Z,iop0,76392612,374685568
2026-08-11T10:53:20Z,iop0,76452800,374685568
2026-08-11T10:53:30Z,iop0,87855312,374685568
2026-08-11T10:53:40Z,iop0,88903780,374685312
2026-08-11T10:53:50Z,iop0,87211636,374685312
2026-08-11T10:54:00Z,iop0,81176708,374679168
2026-08-11T10:54:10Z,iop0,75186628,374681216
2026-08-11T10:54:20Z,iop0,75484008,374663552
2026-08-11T10:54:30Z,iop0,75953072,374659200
2026-08-11T10:54:40Z,iop0,74524076,374659840
2026-08-11T10:54:50Z,iop0,74877572,374681472
2026-08-11T10:55:00Z,iop0,76819980,374665472
2026-08-11T10:55:10Z,iop0,76534120,374681088
2026-08-11T10:55:20Z,iop0,76789152,374672512
2026-08-11T10:55:30Z,iop0,76601960,374674688
2026-08-11T10:55:40Z,iop0,74150064,374667392
2026-08-11T10:55:50Z,iop0,73799996,374641664
2026-08-11T10:56:00Z,iop0,73310644,374632320
2026-08-11T10:56:10Z,iop0,76523868,374624000
2026-08-11T10:56:20Z,iop0,74672836,374653696
2026-08-11T10:56:30Z,iop0,73329272,374666880
2026-08-11T10:56:40Z,iop0,74512880,374664320
2026-08-11T10:56:50Z,iop0,76622068,374660352
2026-08-11T10:57:00Z,iop0,76659716,374665216
2026-08-11T10:57:10Z,iop0,74541964,374691712
2026-08-11T10:57:20Z,iop0,73641892,374709888
2026-08-11T10:57:30Z,iop0,73499300,374692736
2026-08-11T10:57:40Z,iop0,76633856,374660992
2026-08-11T10:57:50Z,iop0,76386920,374691840
2026-08-11T10:58:00Z,iop0,76559676,374698496
2026-08-11T10:58:10Z,iop0,76474432,374691200
2026-08-11T10:58:20Z,iop0,76570692,374665856
2026-08-11T10:58:30Z,iop0,73931228,374676224
2026-08-11T10:58:40Z,iop0,73766816,374676096
2026-08-11T10:58:50Z,iop0,74597432,374692480
2026-08-11T10:59:00Z,iop0,72885612,374697216
2026-08-11T10:59:10Z,iop0,70674480,374675328
2026-08-11T10:59:20Z,iop0,76111288,374704896
2026-08-11T10:59:30Z,iop0,76440348,374701312
2026-08-11T10:59:40Z,iop0,76168204,374706944
2026-08-11T10:59:50Z,iop0,76234140,374683392
2026-08-11T11:00:00Z,iop0,76504300,374691200
2026-08-11T11:00:10Z,iop0,76454748,374685440
2026-08-11T11:00:20Z,iop0,73229476,374706432
2026-08-11T11:00:30Z,iop0,73747524,374705920
2026-08-11T11:00:40Z,iop0,73242652,374698624
2026-08-11T11:00:50Z,iop0,70913588,374690304
2026-08-11T11:01:00Z,iop0,74686224,374697088
2026-08-11T11:01:10Z,iop0,73520664,374592768
2026-08-11T11:01:20Z,iop0,73584924,374592640
2026-08-11T11:01:30Z,iop0,73428492,374593792
2026-08-11T11:01:40Z,iop0,73564784,374593664
2026-08-11T11:01:50Z,iop0,73645568,374593664
2026-08-11T11:02:00Z,iop0,73726276,374593664
2026-08-11T11:02:10Z,iop0,77248144,374593280
2026-08-11T11:02:20Z,iop0,78109712,374581120
2026-08-11T11:02:30Z,iop0,78256192,374581120
2026-08-11T11:02:40Z,iop0,78359776,374581120
2026-08-11T11:02:50Z,iop0,78406660,374581120
2026-08-11T11:03:00Z,iop0,78447912,374581120
2026-08-11T11:03:10Z,iop0,78469860,374581248
2026-08-11T11:03:20Z,iop0,78475780,374581248
2026-08-11T11:03:30Z,iop0,76887800,374582528
2026-08-11T11:03:40Z,iop0,76005472,374557440
2026-08-11T11:03:50Z,iop0,76531236,374554240
2026-08-11T11:04:00Z,iop0,76945312,374355968
2026-08-11T11:04:10Z,iop0,77049184,374355968
2026-08-11T11:04:20Z,iop0,77135740,374355968
2026-08-11T11:04:30Z,iop0,88340908,374355968
2026-08-11T11:04:40Z,iop0,88168744,374355840
2026-08-11T11:04:50Z,iop0,87559844,373824768
2026-08-11T11:05:00Z,iop0,87417916,373816064
2026-08-11T11:05:10Z,iop0,83107116,373812864
2026-08-11T11:05:20Z,iop0,76639928,373812736
2026-08-11T11:05:30Z,iop0,75400552,373826048
2026-08-11T11:05:40Z,iop0,75551416,373818240
2026-08-11T11:05:50Z,iop0,75712172,373813888
2026-08-11T11:06:00Z,iop0,74748988,373830656
2026-08-11T11:06:10Z,iop0,74175168,373844992
2026-08-11T11:06:20Z,iop0,72960384,373855104
2026-08-11T11:06:30Z,iop0,72094600,373814912
2026-08-11T11:06:40Z,iop0,72134844,373800064
2026-08-11T11:06:50Z,iop0,70245052,373811712
2026-08-11T11:07:00Z,iop0,70986724,373814912
2026-08-11T11:07:10Z,iop0,74579264,373827584
2026-08-11T11:07:20Z,iop0,72870060,373823360
2026-08-11T11:07:30Z,iop0,70232752,373815808
2026-08-11T11:07:40Z,iop0,73578628,373783424
2026-08-11T11:07:50Z,iop0,73731220,373790336
2026-08-11T11:08:00Z,iop0,75507748,373790720
2026-08-11T11:08:10Z,iop0,73372184,373770624
2026-08-11T11:08:20Z,iop0,73164976,373779968
2026-08-11T11:08:30Z,iop0,73437728,373774592
2026-08-11T11:08:40Z,iop0,74874464,373773952
2026-08-11T11:08:50Z,iop0,75746488,373767680
2026-08-11T11:09:00Z,iop0,75600492,373723776
2026-08-11T11:09:10Z,iop0,75346668,373766912
2026-08-11T11:09:20Z,iop0,75332676,373745664
2026-08-11T11:09:30Z,iop0,75024836,373760512
2026-08-11T11:09:40Z,iop0,75723568,373748736
2026-08-11T11:09:50Z,iop0,75794056,373748352
2026-08-11T11:10:00Z,iop0,75624280,373759616
2026-08-11T11:10:10Z,iop0,75408736,373773696
2026-08-11T11:10:20Z,iop0,75491648,373774208
2026-08-11T11:10:30Z,iop0,75836620,373775616
2026-08-11T11:10:40Z,iop0,75302464,373787264
2026-08-11T11:10:50Z,iop0,76134952,373809024
2026-08-11T11:11:00Z,iop0,76159848,373808640
2026-08-11T11:11:10Z,iop0,75875404,373807872
2026-08-11T11:11:20Z,iop0,75917692,373776128
2026-08-11T11:11:30Z,iop0,75887816,373812224
2026-08-11T11:11:40Z,iop0,73474384,373805440
2026-08-11T11:11:50Z,iop0,70983864,373810176
2026-08-11T11:12:00Z,iop0,71480132,373809664
2026-08-11T11:12:10Z,iop0,75898912,373811584
2026-08-11T11:12:20Z,iop0,76057080,373812608
2026-08-11T11:12:30Z,iop0,75575420,373812608
2026-08-11T11:12:40Z,iop0,71729028,373812224
2026-08-11T11:12:50Z,iop0,68401816,373812864
2026-08-11T11:13:00Z,iop0,69246876,373812352
2026-08-11T11:13:10Z,iop0,69483044,373812608
2026-08-11T11:13:20Z,iop0,69498740,373812608
2026-08-11T11:13:30Z,iop0,72205844,373812224
2026-08-11T11:13:40Z,iop0,71899516,373811712
2026-08-11T11:13:50Z,iop0,75864284,373799552
2026-08-11T11:14:00Z,iop0,75188532,373796608
2026-08-11T11:14:10Z,iop0,76777648,373811072
2026-08-11T11:14:20Z,iop0,76796748,373811072
2026-08-11T11:14:30Z,iop0,76822344,373811072
2026-08-11T11:14:40Z,iop0,76835940,373811072
2026-08-11T11:14:50Z,iop0,76860944,373811072
2026-08-11T11:15:00Z,iop0,76872320,373811072
2026-08-11T11:15:10Z,iop0,75113592,373787136
2026-08-11T11:15:20Z,iop0,75138484,373787264
2026-08-11T11:15:30Z,iop0,75194100,373787264
2026-08-11T11:15:40Z,iop0,75202212,373787264
2026-08-11T11:15:50Z,iop0,75934056,373771520
2026-08-11T11:16:00Z,iop0,76215512,373801088
2026-08-11T11:16:10Z,iop0,76333300,373801088
2026-08-11T11:16:21Z,iop0,76297856,373801088
2026-08-11T11:16:31Z,iop0,87651808,373800832
2026-08-11T11:16:41Z,iop0,87436560,373800832
2026-08-11T11:16:51Z,iop0,83773464,373800832
2026-08-11T11:17:01Z,iop0,77848184,373782528
2026-08-11T11:17:11Z,iop0,74956032,373782528
2026-08-11T11:17:21Z,iop0,74579568,373793024
2026-08-11T11:17:31Z,iop0,75644240,373784960
2026-08-11T11:17:41Z,iop0,75764252,373779200
2026-08-11T11:17:51Z,iop0,74119884,373761024
2026-08-11T11:18:01Z,iop0,73474920,373772160
2026-08-11T11:18:11Z,iop0,71679312,373756800
2026-08-11T11:18:21Z,iop0,69458224,373766400
2026-08-11T11:18:31Z,iop0,67583400,373767040
2026-08-11T11:18:41Z,iop0,73741432,373757952
2026-08-11T11:18:51Z,iop0,75352724,373753856
2026-08-11T11:19:01Z,iop0,75367080,373749120
2026-08-11T11:19:11Z,iop0,75477360,373790720
2026-08-11T11:19:21Z,iop0,75530464,373783296
2026-08-11T11:19:31Z,iop0,75636540,373764864
2026-08-11T11:19:41Z,iop0,75703656,373797504
2026-08-11T11:19:51Z,iop0,75696516,373798272
2026-08-11T11:20:01Z,iop0,73628784,373801856
2026-08-11T11:20:11Z,iop0,73910248,373798528
2026-08-11T11:20:21Z,iop0,75892016,373783424
2026-08-11T11:20:31Z,iop0,75563688,373796864
2026-08-11T11:20:41Z,iop0,75247324,373796864
2026-08-11T11:20:51Z,iop0,72828592,373794048
2026-08-11T11:21:01Z,iop0,72645312,373785856
2026-08-11T11:21:11Z,iop0,72880724,373776128
2026-08-11T11:21:21Z,iop0,75697760,373787264
2026-08-11T11:21:31Z,iop0,75484520,373784832
2026-08-11T11:21:41Z,iop0,75539672,373779712
2026-08-11T11:21:51Z,iop0,75499608,373756672
2026-08-11T11:22:01Z,iop0,75356580,373763712
2026-08-11T11:22:11Z,iop0,73621672,373771776
2026-08-11T11:22:21Z,iop0,75407828,373772416
2026-08-11T11:22:31Z,iop0,75362604,373775872
2026-08-11T11:22:41Z,iop0,75275828,373773184
2026-08-11T11:22:51Z,iop0,75283624,373772160
2026-08-11T11:23:01Z,iop0,73733272,373761152
2026-08-11T11:23:11Z,iop0,74023388,373758976
2026-08-11T11:23:21Z,iop0,75781964,373758976
2026-08-11T11:23:31Z,iop0,73390636,373768192
2026-08-11T11:23:41Z,iop0,73248344,373770496
2026-08-11T11:23:51Z,iop0,75399020,373766272
2026-08-11T11:24:01Z,iop0,70065148,373168768
2026-08-11T11:24:11Z,iop0,70022868,373169024
2026-08-11T11:24:21Z,iop0,70050552,373169280
2026-08-11T11:24:31Z,iop0,70083044,373169280
2026-08-11T11:24:41Z,iop0,69664228,373168768
2026-08-11T11:24:51Z,iop0,75866052,373168384
2026-08-11T11:25:01Z,iop0,76268296,373168256
2026-08-11T11:25:11Z,iop0,76271544,373168256
2026-08-11T11:25:21Z,iop0,76288808,373168384
2026-08-11T11:25:31Z,iop0,76646744,373169536
2026-08-11T11:25:41Z,iop0,76734016,373169536
2026-08-11T11:25:51Z,iop0,76799380,373169536
2026-08-11T11:26:01Z,iop0,76840416,373169536
2026-08-11T11:26:11Z,iop0,74886096,373170304
2026-08-11T11:26:21Z,iop0,74856188,373169792
2026-08-11T11:26:31Z,iop0,74982540,373169792
2026-08-11T11:26:41Z,iop0,75069680,373169792
2026-08-11T11:26:51Z,iop0,74996452,373157632
2026-08-11T11:27:01Z,iop0,74996952,373157632
2026-08-11T11:27:11Z,iop0,75864472,372745344
2026-08-11T11:27:21Z,iop0,76020120,372745344
2026-08-11T11:27:31Z,iop0,76091256,372745344
2026-08-11T11:27:41Z,iop0,76103512,372745344
2026-08-11T11:27:51Z,iop0,88298100,372745088
2026-08-11T11:28:01Z,iop0,87834644,372410624
2026-08-11T11:28:11Z,iop0,88209980,372210304
2026-08-11T11:28:21Z,iop0,85164876,372203008
2026-08-11T11:28:31Z,iop0,79455892,372194560
2026-08-11T11:28:41Z,iop0,75341992,372194560
2026-08-11T11:28:51Z,iop0,75123944,372196352
2026-08-11T11:29:01Z,iop0,74995340,372194176
2026-08-11T11:29:11Z,iop0,75070000,372192384
2026-08-11T11:29:21Z,iop0,73848268,372206976
2026-08-11T11:29:31Z,iop0,73994044,372198784
2026-08-11T11:29:41Z,iop0,73787160,372195840
2026-08-11T11:29:51Z,iop0,74860420,372198784
2026-08-11T11:30:01Z,iop0,73249616,372196096
2026-08-11T11:30:11Z,iop0,71097980,372210304
2026-08-11T11:30:21Z,iop0,67425936,372195840
2026-08-11T11:30:31Z,iop0,71787436,372209920
2026-08-11T11:30:41Z,iop0,73305968,372200448
2026-08-11T11:30:51Z,iop0,73835056,372197632
2026-08-11T11:31:01Z,iop0,75154840,372205184
2026-08-11T11:31:11Z,iop0,75184456,372200320
2026-08-11T11:31:21Z,iop0,74516260,372186368
2026-08-11T11:31:31Z,iop0,75319212,372184576
2026-08-11T11:31:41Z,iop0,75055672,372183424
2026-08-11T11:31:51Z,iop0,74071844,372220288
2026-08-11T11:32:01Z,iop0,75286576,372221056
2026-08-11T11:32:11Z,iop0,75240496,372227840
2026-08-11T11:32:21Z,iop0,75156092,372226688
2026-08-11T11:32:31Z,iop0,75172320,372230912
2026-08-11T11:32:41Z,iop0,75229572,372226432
2026-08-11T11:32:51Z,iop0,75375784,372242432
2026-08-11T11:33:01Z,iop0,75475744,372238336
2026-08-11T11:33:11Z,iop0,75439636,372238336
2026-08-11T11:33:21Z,iop0,75682796,372226688
2026-08-11T11:33:31Z,iop0,75462364,372225024
2026-08-11T11:33:41Z,iop0,71718996,372206464
2026-08-11T11:33:51Z,iop0,73403196,372205056
2026-08-11T11:34:01Z,iop0,73259212,372189696
2026-08-11T11:34:11Z,iop0,73105620,372188800
2026-08-11T11:34:21Z,iop0,72468836,372169728
2026-08-11T11:34:31Z,iop0,75448640,372174848
2026-08-11T11:34:41Z,iop0,69838344,372187392
2026-08-11T11:34:51Z,iop0,71822420,372181120
2026-08-11T11:35:01Z,iop0,71756232,372184448
2026-08-11T11:35:11Z,iop0,68721564,372180096
2026-08-11T11:35:21Z,iop0,68856040,372191232
2026-08-11T11:35:31Z,iop0,71964260,372190336
2026-08-11T11:35:41Z,iop0,71764756,372192128
2026-08-11T11:35:51Z,iop0,71507624,372191488
2026-08-11T11:36:01Z,iop0,75527760,372191616
2026-08-11T11:36:11Z,iop0,75485008,372191488
2026-08-11T11:36:21Z,iop0,75822172,372190976
2026-08-11T11:36:31Z,iop0,75539016,372190976
2026-08-11T11:36:41Z,iop0,75781564,372191104
2026-08-11T11:36:51Z,iop0,75794660,372190976
2026-08-11T11:37:01Z,iop0,75255340,372190976
2026-08-11T11:37:11Z,iop0,75089508,372190592
2026-08-11T11:37:21Z,iop0,76489224,372190976
2026-08-11T11:37:31Z,iop0,74587736,372190976
2026-08-11T11:37:41Z,iop0,74598844,372190976
2026-08-11T11:37:51Z,iop0,74578036,372190976
2026-08-11T11:38:01Z,iop0,74619276,372190976
2026-08-11T11:38:11Z,iop0,74642976,372190976
2026-08-11T11:38:21Z,iop0,74638800,372190976
2026-08-11T11:38:31Z,iop0,74630560,372190976
2026-08-11T11:38:41Z,iop0,74642508,372190976
2026-08-11T11:38:51Z,iop0,74461436,372191744
2026-08-11T11:39:01Z,iop0,75097920,372055808
2026-08-11T11:39:11Z,iop0,75632316,371790208
2026-08-11T11:39:21Z,iop0,75723196,371790208
2026-08-11T11:39:31Z,iop0,75713280,371790208
2026-08-11T11:39:41Z,iop0,86867892,371790208
2026-08-11T11:39:51Z,iop0,88166060,371789824
2026-08-11T11:40:01Z,iop0,85794356,371789952
2026-08-11T11:40:11Z,iop0,80077464,371616128
2026-08-11T11:40:21Z,iop0,77106528,371602176
2026-08-11T11:40:31Z,iop0,75875764,371607296
2026-08-11T11:40:41Z,iop0,76597252,371591424
2026-08-11T11:40:51Z,iop0,76320464,371595008
2026-08-11T11:41:01Z,iop0,74788428,371608192
2026-08-11T11:41:11Z,iop0,76986780,371619968
2026-08-11T11:41:21Z,iop0,75760292,371645440
2026-08-11T11:41:31Z,iop0,75084852,371646336
2026-08-11T11:41:41Z,iop0,75238112,371596416
2026-08-11T11:41:51Z,iop0,77113812,371603072
2026-08-11T11:42:01Z,iop0,75044592,371622528
2026-08-11T11:42:11Z,iop0,74402384,371634048
2026-08-11T11:42:21Z,iop0,74056276,371643520
2026-08-11T11:42:31Z,iop0,76263120,371649664
2026-08-11T11:42:41Z,iop0,76589152,371654144
2026-08-11T11:42:51Z,iop0,75257324,371643904
2026-08-11T11:43:01Z,iop0,76565520,371651328
2026-08-11T11:43:11Z,iop0,73899588,371645824
2026-08-11T11:43:21Z,iop0,71411880,371624192
2026-08-11T11:43:31Z,iop0,71815660,371599104
2026-08-11T11:43:42Z,iop0,72413424,371615360
2026-08-11T11:43:52Z,iop0,74359512,371618816
2026-08-11T11:44:02Z,iop0,76931396,371621504
2026-08-11T11:44:12Z,iop0,76819700,371615616
2026-08-11T11:44:22Z,iop0,76972196,371621888
2026-08-11T11:44:32Z,iop0,75098660,371601920
2026-08-11T11:44:42Z,iop0,75394560,371622272
2026-08-11T11:44:52Z,iop0,77043492,371619200
2026-08-11T11:45:02Z,iop0,77135932,371626880
2026-08-11T11:45:12Z,iop0,76900584,371623552
2026-08-11T11:45:22Z,iop0,76016012,371623552
2026-08-11T11:45:32Z,iop0,70894360,371625472
2026-08-11T11:45:42Z,iop0,72251100,371613696
2026-08-11T11:45:52Z,iop0,74178452,371639168
2026-08-11T11:46:02Z,iop0,74537212,371623808
2026-08-11T11:46:12Z,iop0,76789900,371624576
2026-08-11T11:46:22Z,iop0,73852228,371636992
2026-08-11T11:46:32Z,iop0,74180136,371630848
2026-08-11T11:46:42Z,iop0,74194124,371613952
2026-08-11T11:46:52Z,iop0,73784012,370902784
2026-08-11T11:47:02Z,iop0,77132820,370666240
2026-08-11T11:47:12Z,iop0,77305348,369980288
2026-08-11T11:47:22Z,iop0,77534280,369753600
2026-08-11T11:47:32Z,iop0,78083928,369753600
2026-08-11T11:47:42Z,iop0,78097168,369753600
2026-08-11T11:47:52Z,iop0,78087824,369753728
2026-08-11T11:48:02Z,iop0,78103516,369753728
2026-08-11T11:48:12Z,iop0,76977568,369076864
2026-08-11T11:48:22Z,iop0,77095220,369076864
2026-08-11T11:48:32Z,iop0,75783896,369036544
2026-08-11T11:48:42Z,iop0,75926632,369036544
2026-08-11T11:48:52Z,iop0,76111760,369036544
2026-08-11T11:49:02Z,iop0,76270720,369036416
2026-08-11T11:49:12Z,iop0,77693492,368510592
2026-08-11T11:49:22Z,iop0,77738496,368510592
2026-08-11T11:49:32Z,iop0,77039260,367999872
2026-08-11T11:49:42Z,iop0,77297308,367999872
2026-08-11T11:49:52Z,iop0,77409232,367999872
2026-08-11T11:50:02Z,iop0,77407480,367999872
2026-08-11T11:50:12Z,iop0,87528316,367999616
2026-08-11T11:50:22Z,iop0,87060116,367767808
2026-08-11T11:50:32Z,iop0,87268964,367469056
2026-08-11T11:50:42Z,iop0,86683160,367461504
2026-08-11T11:50:52Z,iop0,81134884,367444352
2026-08-11T11:51:02Z,iop0,76304364,367445888
2026-08-11T11:51:12Z,iop0,75573416,367442304
2026-08-11T11:51:22Z,iop0,75247880,367415296
2026-08-11T11:51:32Z,iop0,74409288,367423104
2026-08-11T11:51:42Z,iop0,76749776,367420800
2026-08-11T11:51:52Z,iop0,76106084,367411712
2026-08-11T11:52:02Z,iop0,76042120,367405568
2026-08-11T11:52:12Z,iop0,75550324,367421056
2026-08-11T11:52:22Z,iop0,74944512,367422720
2026-08-11T11:52:32Z,iop0,74865936,367419648
2026-08-11T11:52:42Z,iop0,74514656,367407360
2026-08-11T11:52:52Z,iop0,74627932,367421824
2026-08-11T11:53:02Z,iop0,74561484,367414272
2026-08-11T11:53:12Z,iop0,72718804,367422592
2026-08-11T11:53:22Z,iop0,76531996,367411200
2026-08-11T11:53:32Z,iop0,76456152,367411584
2026-08-11T11:53:42Z,iop0,76318152,367414016
2026-08-11T11:53:52Z,iop0,71595780,367406080
2026-08-11T11:54:02Z,iop0,71998716,367412224
2026-08-11T11:54:12Z,iop0,72191776,367403008
2026-08-11T11:54:22Z,iop0,72722324,367421184
2026-08-11T11:54:32Z,iop0,71848160,367440512
2026-08-11T11:54:42Z,iop0,73034792,367445120
2026-08-11T11:54:52Z,iop0,72774380,367442048
2026-08-11T11:55:02Z,iop0,76157636,367440768
2026-08-11T11:55:12Z,iop0,76349272,367443072
2026-08-11T11:55:22Z,iop0,76435660,367448320
2026-08-11T11:55:32Z,iop0,76575728,367457408
2026-08-11T11:55:42Z,iop0,76648268,367457024
2026-08-11T11:55:52Z,iop0,76484552,367454592
2026-08-11T11:56:02Z,iop0,76116328,367406336
2026-08-11T11:56:12Z,iop0,75375488,367425664
2026-08-11T11:56:22Z,iop0,73850396,367425152
2026-08-11T11:56:32Z,iop0,73042676,367425280
2026-08-11T11:56:42Z,iop0,74746188,367449984
2026-08-11T11:56:52Z,iop0,74608820,367454848
2026-08-11T11:57:02Z,iop0,73707648,367458432
2026-08-11T11:57:12Z,iop0,72771944,367453184
2026-08-11T11:57:22Z,iop0,69995796,367467648
2026-08-11T11:57:32Z,iop0,71136152,367485312
2026-08-11T11:57:42Z,iop0,73706932,367486848
2026-08-11T11:57:52Z,iop0,73563152,367471104
2026-08-11T11:58:02Z,iop0,76460480,367488768
2026-08-11T11:58:12Z,iop0,76666808,367487360
2026-08-11T11:58:22Z,iop0,78123524,367487488
2026-08-11T11:58:32Z,iop0,78161680,367487488
2026-08-11T11:58:42Z,iop0,78161688,367487488
2026-08-11T11:58:52Z,iop0,78170184,367487360
2026-08-11T11:59:02Z,iop0,78174240,367487360
2026-08-11T11:59:12Z,iop0,75840568,367464064
2026-08-11T11:59:22Z,iop0,75941364,367463424
2026-08-11T11:59:32Z,iop0,75978688,367463424
2026-08-11T11:59:42Z,iop0,76014300,367463424
2026-08-11T11:59:52Z,iop0,76030084,367463424
2026-08-11T12:00:02Z,iop0,76029508,367463424
2026-08-11T12:00:12Z,iop0,76045172,367463424
2026-08-11T12:00:22Z,iop0,75435228,367257216
2026-08-11T12:00:32Z,iop0,75577220,367257216
2026-08-11T12:00:42Z,iop0,76336912,366684416
2026-08-11T12:00:52Z,iop0,76801716,366715904
2026-08-11T12:01:02Z,iop0,76878684,366715904
2026-08-11T12:01:12Z,iop0,76906768,366715776
2026-08-11T12:01:22Z,iop0,87655836,366715520
2026-08-11T12:01:32Z,iop0,86742592,366715648
2026-08-11T12:01:42Z,iop0,83392328,366715520
2026-08-11T12:01:52Z,iop0,78829644,366708608
2026-08-11T12:02:02Z,iop0,76710300,366726144
2026-08-11T12:02:12Z,iop0,76464880,366712960
2026-08-11T12:02:22Z,iop0,76813372,366711168
2026-08-11T12:02:32Z,iop0,75230412,366726784
2026-08-11T12:02:42Z,iop0,76452808,366715008
2026-08-11T12:02:52Z,iop0,76673732,366739840
2026-08-11T12:03:02Z,iop0,73529004,366735360
2026-08-11T12:03:12Z,iop0,76576684,366733312
2026-08-11T12:03:22Z,iop0,74370472,366727296
2026-08-11T12:03:32Z,iop0,74484260,366723328
2026-08-11T12:03:42Z,iop0,74665908,366728192
2026-08-11T12:03:52Z,iop0,74859872,366722048
2026-08-11T12:04:02Z,iop0,76480632,366724864
2026-08-11T12:04:12Z,iop0,76536240,366726016
2026-08-11T12:04:22Z,iop0,75107736,366716032
2026-08-11T12:04:32Z,iop0,76378396,366729728
2026-08-11T12:04:42Z,iop0,76426732,366732800
2026-08-11T12:04:52Z,iop0,76299276,366754432
2026-08-11T12:05:02Z,iop0,76322904,366756992
2026-08-11T12:05:12Z,iop0,74782584,366748416
2026-08-11T12:05:22Z,iop0,76717680,366742016
2026-08-11T12:05:32Z,iop0,76304828,366732928
2026-08-11T12:05:42Z,iop0,76729724,366703232
2026-08-11T12:05:52Z,iop0,76694300,366716544
2026-08-11T12:06:02Z,iop0,76403984,366676352
2026-08-11T12:06:12Z,iop0,76488308,366685568
2026-08-11T12:06:22Z,iop0,76384024,366717312
2026-08-11T12:06:32Z,iop0,76617844,366700672
2026-08-11T12:06:42Z,iop0,76469056,366713472
2026-08-11T12:06:52Z,iop0,71906532,366724352
2026-08-11T12:07:02Z,iop0,71484192,366727808
2026-08-11T12:07:12Z,iop0,71452292,366711296
2026-08-11T12:07:22Z,iop0,71872676,366727296
2026-08-11T12:07:32Z,iop0,71804656,366720896
2026-08-11T12:07:42Z,iop0,71755420,366722048
2026-08-11T12:07:52Z,iop0,70394180,366717952
2026-08-11T12:08:02Z,iop0,76747016,366708096
2026-08-11T12:08:12Z,iop0,76675120,366697344
2026-08-11T12:08:22Z,iop0,73442132,366691200
2026-08-11T12:08:32Z,iop0,70679076,366710144
2026-08-11T12:08:42Z,iop0,70174728,366705536
2026-08-11T12:08:52Z,iop0,74009856,366715392
2026-08-11T12:09:02Z,iop0,73513864,366620544
2026-08-11T12:09:12Z,iop0,76758720,366620800
2026-08-11T12:09:22Z,iop0,76760880,366620416
2026-08-11T12:09:32Z,iop0,76764936,366619776
2026-08-11T12:09:42Z,iop0,76705032,366596992
2026-08-11T12:09:52Z,iop0,76797252,366596992
2026-08-11T12:10:02Z,iop0,76795424,366596992
2026-08-11T12:10:12Z,iop0,76807820,366596992
2026-08-11T12:10:22Z,iop0,76813244,366596992
2026-08-11T12:10:32Z,iop0,76771496,366596352
2026-08-11T12:10:42Z,iop0,77836792,366596480
2026-08-11T12:10:52Z,iop0,77955460,366596352
2026-08-11T12:11:02Z,iop0,78039952,366596352
2026-08-11T12:11:12Z,iop0,78178224,366596480
2026-08-11T12:11:22Z,iop0,77421516,366586368
2026-08-11T12:11:32Z,iop0,77414148,366586368
2026-08-11T12:11:42Z,iop0,76909580,366557824
2026-08-11T12:11:52Z,iop0,76961552,366557824
2026-08-11T12:12:02Z,iop0,76974004,366557824
2026-08-11T12:12:12Z,iop0,86896044,366557824
2026-08-11T12:12:22Z,iop0,87783472,366557440
2026-08-11T12:12:32Z,iop0,87169340,366161280
2026-08-11T12:12:42Z,iop0,87533140,366013696
2026-08-11T12:12:52Z,iop0,86093748,366010496
2026-08-11T12:13:02Z,iop0,79576956,366011520
2026-08-11T12:13:12Z,iop0,74970836,366004992
2026-08-11T12:13:23Z,iop0,74777636,365992192
2026-08-11T12:13:33Z,iop0,75381116,366000256
2026-08-11T12:13:43Z,iop0,74267644,366008448
2026-08-11T12:13:53Z,iop0,74247028,365988864
2026-08-11T12:14:03Z,iop0,75644192,365994752
2026-08-11T12:14:13Z,iop0,75200036,366005504
2026-08-11T12:14:23Z,iop0,73843168,365996032
2026-08-11T12:14:33Z,iop0,72623132,365986176
2026-08-11T12:14:43Z,iop0,73741704,365966208
2026-08-11T12:14:53Z,iop0,73560068,365988352
2026-08-11T12:15:03Z,iop0,74402668,365983872
2026-08-11T12:15:13Z,iop0,75438176,366006656
2026-08-11T12:15:23Z,iop0,75533724,365980800
2026-08-11T12:15:33Z,iop0,75307616,365980160
2026-08-11T12:15:43Z,iop0,74251400,365993088
2026-08-11T12:15:53Z,iop0,75339604,366006400
2026-08-11T12:16:03Z,iop0,73373760,365989120
2026-08-11T12:16:13Z,iop0,75479620,365981184
2026-08-11T12:16:23Z,iop0,75413544,365990016
2026-08-11T12:16:33Z,iop0,75400048,365988480
2026-08-11T12:16:43Z,iop0,75490176,365880192
2026-08-11T12:16:53Z,iop0,75233524,365877632
2026-08-11T12:17:03Z,iop0,74773180,365879424
2026-08-11T12:17:13Z,iop0,75031112,365871360
2026-08-11T12:17:23Z,iop0,75558356,365873152
2026-08-11T12:17:33Z,iop0,75125908,365873024
2026-08-11T12:17:43Z,iop0,75057816,365870976
2026-08-11T12:17:53Z,iop0,75412552,365865600
2026-08-11T12:18:03Z,iop0,75521860,365868544
2026-08-11T12:18:13Z,iop0,75083308,365870592
2026-08-11T12:18:23Z,iop0,72422104,365873152
2026-08-11T12:18:33Z,iop0,70616988,365864192
2026-08-11T12:18:43Z,iop0,70885496,365867904
2026-08-11T12:18:53Z,iop0,70596912,365868416
2026-08-11T12:19:03Z,iop0,67554320,365866752
2026-08-11T12:19:13Z,iop0,70518664,365868032
2026-08-11T12:19:23Z,iop0,70250444,365868160
2026-08-11T12:19:33Z,iop0,72160004,365867136
2026-08-11T12:19:43Z,iop0,73096440,365864576
2026-08-11T12:19:53Z,iop0,72661136,365862400
2026-08-11T12:20:03Z,iop0,69161260,365832448
2026-08-11T12:20:13Z,iop0,73043104,365849472
2026-08-11T12:20:23Z,iop0,72136440,365847936
2026-08-11T12:20:33Z,iop0,71387160,365847552
2026-08-11T12:20:43Z,iop0,75713988,365864704
2026-08-11T12:20:53Z,iop0,74975972,365863680
2026-08-11T12:21:03Z,iop0,75190452,365849728
2026-08-11T12:21:13Z,iop0,76716980,365863936
2026-08-11T12:21:23Z,iop0,76752400,365863936
2026-08-11T12:21:33Z,iop0,76780088,365863936
2026-08-11T12:21:43Z,iop0,76784284,365863936
2026-08-11T12:21:53Z,iop0,75239900,365865344
2026-08-11T12:22:03Z,iop0,75506576,365864448
2026-08-11T12:22:13Z,iop0,75620028,365864960
2026-08-11T12:22:23Z,iop0,75678692,365864960
2026-08-11T12:22:33Z,iop0,75723244,365864960
2026-08-11T12:22:43Z,iop0,75768572,365864960
2026-08-11T12:22:53Z,iop0,75777300,365864960
2026-08-11T12:23:03Z,iop0,74740200,365852288
2026-08-11T12:23:13Z,iop0,74771536,365852288
2026-08-11T12:23:23Z,iop0,75408592,365808128
2026-08-11T12:23:33Z,iop0,75929036,365831808
2026-08-11T12:23:43Z,iop0,75909016,365831808
2026-08-11T12:23:53Z,iop0,76005884,365831808
2026-08-11T12:24:03Z,iop0,86952884,365831424
2026-08-11T12:24:13Z,iop0,87016332,365831296
2026-08-11T12:24:23Z,iop0,82256368,365831168
2026-08-11T12:24:33Z,iop0,76842492,365831424
2026-08-11T12:24:43Z,iop0,75883592,365831936
2026-08-11T12:24:53Z,iop0,75613660,365838080
2026-08-11T12:25:03Z,iop0,75644148,365839872
2026-08-11T12:25:13Z,iop0,73432528,365814912
2026-08-11T12:25:23Z,iop0,73728452,365827200
2026-08-11T12:25:33Z,iop0,74440232,365798272
2026-08-11T12:25:43Z,iop0,74142764,365819008
2026-08-11T12:25:53Z,iop0,70474236,365832704
2026-08-11T12:26:03Z,iop0,74110500,365835520
2026-08-11T12:26:13Z,iop0,73934812,365807744
2026-08-11T12:26:23Z,iop0,73440032,365805696
2026-08-11T12:26:33Z,iop0,75474048,365826048
2026-08-11T12:26:43Z,iop0,75816268,365825152
2026-08-11T12:26:53Z,iop0,74045216,365814400
2026-08-11T12:27:03Z,iop0,75292828,365787904
2026-08-11T12:27:13Z,iop0,75483804,365772416
2026-08-11T12:27:23Z,iop0,75555076,365839232
2026-08-11T12:27:33Z,iop0,75787148,365844736
2026-08-11T12:27:43Z,iop0,75249232,365633152
2026-08-11T12:27:53Z,iop0,76069288,365631360
2026-08-11T12:28:03Z,iop0,76099852,365631232
2026-08-11T12:28:13Z,iop0,75964480,365612544
2026-08-11T12:28:23Z,iop0,75838176,365629056
2026-08-11T12:28:33Z,iop0,75738444,365625600
2026-08-11T12:28:43Z,iop0,72047516,365612288
2026-08-11T12:28:53Z,iop0,72168032,365609600
2026-08-11T12:29:03Z,iop0,71912648,365586304
2026-08-11T12:29:13Z,iop0,70925780,365603456
2026-08-11T12:29:23Z,iop0,71876492,365610752
2026-08-11T12:29:33Z,iop0,72098996,365610880
2026-08-11T12:29:43Z,iop0,71918932,365611008
2026-08-11T12:29:53Z,iop0,72229332,365607040
2026-08-11T12:30:03Z,iop0,72399108,365613056
2026-08-11T12:30:13Z,iop0,75752948,365611264
2026-08-11T12:30:23Z,iop0,74180280,365622400
2026-08-11T12:30:33Z,iop0,74174828,365600512
2026-08-11T12:30:43Z,iop0,75995696,365616000
2026-08-11T12:30:53Z,iop0,74043852,365615488
2026-08-11T12:31:03Z,iop0,73520340,365611008
2026-08-11T12:31:13Z,iop0,75920184,365630976
2026-08-11T12:31:23Z,iop0,76034520,365616000
2026-08-11T12:31:33Z,iop0,74515628,365615616
2026-08-11T12:31:43Z,iop0,70364136,365615616
2026-08-11T12:31:53Z,iop0,70797412,365614080
2026-08-11T12:32:03Z,iop0,70588156,365614080
2026-08-11T12:32:13Z,iop0,73079528,365613696
2026-08-11T12:32:23Z,iop0,77049672,365612672
2026-08-11T12:32:33Z,iop0,77184436,365612672
2026-08-11T12:32:43Z,iop0,75570844,365585536
2026-08-11T12:32:53Z,iop0,75712040,365585536
2026-08-11T12:33:03Z,iop0,76080284,365585408
2026-08-11T12:33:13Z,iop0,76103948,365585408
2026-08-11T12:33:23Z,iop0,76149392,365585536
2026-08-11T12:33:33Z,iop0,74985036,365586048
2026-08-11T12:33:43Z,iop0,75007880,365572736
2026-08-11T12:33:53Z,iop0,75140468,365586432
2026-08-11T12:34:03Z,iop0,75848156,365575552
2026-08-11T12:34:13Z,iop0,76227316,365619712
2026-08-11T12:34:23Z,iop0,76272320,365619712
2026-08-11T12:34:33Z,iop0,76244948,365619712
2026-08-11T12:34:43Z,iop0,87575604,365619712
2026-08-11T12:34:53Z,iop0,87378972,365619456
2026-08-11T12:35:03Z,iop0,85918128,365619456
2026-08-11T12:35:13Z,iop0,80107072,365618432
2026-08-11T12:35:23Z,iop0,77049128,365620736
2026-08-11T12:35:33Z,iop0,75745004,365626240
2026-08-11T12:35:43Z,iop0,75822276,365630336
2026-08-11T12:35:53Z,iop0,76175836,365613568
2026-08-11T12:36:03Z,iop0,75266172,365630976
2026-08-11T12:36:13Z,iop0,75952280,365611776
2026-08-11T12:36:23Z,iop0,75682508,365622016
2026-08-11T12:36:33Z,iop0,74577000,365631616
2026-08-11T12:36:43Z,iop0,75848672,365634304
2026-08-11T12:36:53Z,iop0,70003412,365609216
2026-08-11T12:37:03Z,iop0,69957708,365610112
2026-08-11T12:37:13Z,iop0,74763120,365597568
2026-08-11T12:37:23Z,iop0,74777980,365616256
2026-08-11T12:37:33Z,iop0,72888892,365611392
2026-08-11T12:37:43Z,iop0,75626592,365617536
2026-08-11T12:37:53Z,iop0,75756088,365628544
2026-08-11T12:38:03Z,iop0,75328948,365638400
2026-08-11T12:38:13Z,iop0,76031100,365634432
2026-08-11T12:38:23Z,iop0,75849160,365645952
2026-08-11T12:38:33Z,iop0,71435648,365626880
2026-08-11T12:38:43Z,iop0,71104640,365660032
2026-08-11T12:38:53Z,iop0,71528884,365655040
2026-08-11T12:39:03Z,iop0,72062536,365646464
2026-08-11T12:39:13Z,iop0,72059172,365644288
2026-08-11T12:39:23Z,iop0,72186248,365631744
2026-08-11T12:39:33Z,iop0,72476044,365658624
2026-08-11T12:39:43Z,iop0,72069704,365651200
2026-08-11T12:39:53Z,iop0,75464508,365668864
2026-08-11T12:40:03Z,iop0,75698824,365662208
2026-08-11T12:40:13Z,iop0,74614524,365662464
2026-08-11T12:40:23Z,iop0,74555600,365648640
2026-08-11T12:40:33Z,iop0,75906240,365654400
2026-08-11T12:40:43Z,iop0,75871820,365655936
2026-08-11T12:40:54Z,iop0,75762624,365674880
2026-08-11T12:41:04Z,iop0,74076588,365660544
2026-08-11T12:41:14Z,iop0,74469324,365661952
2026-08-11T12:41:24Z,iop0,72666212,365663360
2026-08-11T12:41:34Z,iop0,71018636,365658368
2026-08-11T12:41:44Z,iop0,71719176,365658368
2026-08-11T12:41:54Z,iop0,73330736,365658496
2026-08-11T12:42:04Z,iop0,71295860,365641216
2026-08-11T12:42:14Z,iop0,73279596,365637632
2026-08-11T12:42:24Z,iop0,73364420,365637632
2026-08-11T12:42:34Z,iop0,76127584,365637120
2026-08-11T12:42:44Z,iop0,77167816,365637120
2026-08-11T12:42:54Z,iop0,77554276,365637248
2026-08-11T12:43:04Z,iop0,76389692,365619968
2026-08-11T12:43:14Z,iop0,77188048,365620352
2026-08-11T12:43:24Z,iop0,77184440,365620352
2026-08-11T12:43:34Z,iop0,77218012,365620352
2026-08-11T12:43:44Z,iop0,77256580,365621888
2026-08-11T12:43:54Z,iop0,75335952,365620608
2026-08-11T12:44:04Z,iop0,75358640,365620608
2026-08-11T12:44:14Z,iop0,75107312,365620864
2026-08-11T12:44:24Z,iop0,75217248,365620736
2026-08-11T12:44:34Z,iop0,76014140,365577472
2026-08-11T12:44:44Z,iop0,76225512,365625344
2026-08-11T12:44:54Z,iop0,76321772,365625344
2026-08-11T12:45:04Z,iop0,76336872,365625344
2026-08-11T12:45:14Z,iop0,87621208,365625088
2026-08-11T12:45:24Z,iop0,83463724,365624960
2026-08-11T12:45:34Z,iop0,82232104,365597696
2026-08-11T12:45:44Z,iop0,78776540,365604224
2026-08-11T12:45:54Z,iop0,74385368,365606784
2026-08-11T12:46:04Z,iop0,74333600,365602560
2026-08-11T12:46:14Z,iop0,73760180,365580288
2026-08-11T12:46:24Z,iop0,73739280,365581056
2026-08-11T12:46:34Z,iop0,73129400,365596032
2026-08-11T12:46:44Z,iop0,72340104,365634176
2026-08-11T12:46:54Z,iop0,71905808,365609344
2026-08-11T12:47:04Z,iop0,69873412,365631232
2026-08-11T12:47:14Z,iop0,69736628,365619968
2026-08-11T12:47:24Z,iop0,71970120,365643648
2026-08-11T12:47:34Z,iop0,71687380,365664640
2026-08-11T12:47:44Z,iop0,71721420,365656064
2026-08-11T12:47:54Z,iop0,73897940,365648896
2026-08-11T12:48:04Z,iop0,73944288,365663872
2026-08-11T12:48:14Z,iop0,73973208,365665920
2026-08-11T12:48:24Z,iop0,74242396,365662464
2026-08-11T12:48:34Z,iop0,72571756,365630336
2026-08-11T12:48:44Z,iop0,72328732,365613824
2026-08-11T12:48:54Z,iop0,73937552,365621504
2026-08-11T12:49:04Z,iop0,73137640,365644032
2026-08-11T12:49:14Z,iop0,73859532,365646592
2026-08-11T12:49:24Z,iop0,70581096,365650304
2026-08-11T12:49:34Z,iop0,69409504,365617920
2026-08-11T12:49:44Z,iop0,71444980,365606144
2026-08-11T12:49:54Z,iop0,74375888,365631104
2026-08-11T12:50:04Z,iop0,74015788,365600000
2026-08-11T12:50:14Z,iop0,74186644,365595136
2026-08-11T12:50:24Z,iop0,73069092,365630336
2026-08-11T12:50:34Z,iop0,70948884,365653888
2026-08-11T12:50:44Z,iop0,68001476,365645312
2026-08-11T12:50:54Z,iop0,67725724,365657472
2026-08-11T12:51:04Z,iop0,69799688,365657856
2026-08-11T12:51:14Z,iop0,69014936,365657472
2026-08-11T12:51:24Z,iop0,68882360,365636480
2026-08-11T12:51:34Z,iop0,70908052,365608960
2026-08-11T12:51:44Z,iop0,67079376,365648896
2026-08-11T12:51:54Z,iop0,70054280,365658624
2026-08-11T12:52:04Z,iop0,70661304,365664896
2026-08-11T12:52:14Z,iop0,69989944,365671936
2026-08-11T12:52:24Z,iop0,68365216,365634816
2026-08-11T12:52:34Z,iop0,67636500,365646720
2026-08-11T12:52:44Z,iop0,71390200,365644416
2026-08-11T12:52:54Z,iop0,71442164,365589504
2026-08-11T12:53:04Z,iop0,71248408,365587328
2026-08-11T12:53:14Z,iop0,70486784,365562240
2026-08-11T12:53:24Z,iop0,74423356,365562496
2026-08-11T12:53:34Z,iop0,74062172,365545856
2026-08-11T12:53:44Z,iop0,74120432,365545728
2026-08-11T12:53:54Z,iop0,75041968,365562368
2026-08-11T12:54:04Z,iop0,75032796,365562368
2026-08-11T12:54:14Z,iop0,75026208,365562368
2026-08-11T12:54:24Z,iop0,75051664,365562368
2026-08-11T12:54:34Z,iop0,75052396,365562240
2026-08-11T12:54:44Z,iop0,76171008,365541376
2026-08-11T12:54:54Z,iop0,76174320,365541376
2026-08-11T12:55:04Z,iop0,76148116,365541376
2026-08-11T12:55:14Z,iop0,76152504,365541376
2026-08-11T12:55:24Z,iop0,76156616,365541376
2026-08-11T12:55:34Z,iop0,76166064,365541376
2026-08-11T12:55:44Z,iop0,76164796,365541376
2026-08-11T12:55:54Z,iop0,76154672,365541376
2026-08-11T12:56:04Z,iop0,76161240,365541376
2026-08-11T12:56:14Z,iop0,76139696,365541504
2026-08-11T12:56:24Z,iop0,73585376,364494336
2026-08-11T12:56:34Z,iop0,73603556,364494336
2026-08-11T12:56:44Z,iop0,74112752,364283392
2026-08-11T12:56:54Z,iop0,74442212,363966336
2026-08-11T12:57:04Z,iop0,74519272,363966208
2026-08-11T12:57:14Z,iop0,74668300,363966208
2026-08-11T12:57:24Z,iop0,87667400,363966336
2026-08-11T12:57:34Z,iop0,87589508,363966080
2026-08-11T12:57:44Z,iop0,87194152,363861504
2026-08-11T12:57:54Z,iop0,87106496,363442560
2026-08-11T12:58:04Z,iop0,85127128,363432320
2026-08-11T12:58:14Z,iop0,80016368,363433984
2026-08-11T12:58:24Z,iop0,75596876,363433600
2026-08-11T12:58:34Z,iop0,74619856,363419776
2026-08-11T12:58:44Z,iop0,73252444,363435136
2026-08-11T12:58:54Z,iop0,73977672,363405184
2026-08-11T12:59:04Z,iop0,72518920,363426816
2026-08-11T12:59:14Z,iop0,73140484,363444480
2026-08-11T12:59:24Z,iop0,74594680,363452416
2026-08-11T12:59:34Z,iop0,74696144,363433088
2026-08-11T12:59:44Z,iop0,74520860,363442688
2026-08-11T12:59:54Z,iop0,74470756,363452032
2026-08-11T13:00:04Z,iop0,71940040,363426176
2026-08-11T13:00:14Z,iop0,70521656,363460864
2026-08-11T13:00:24Z,iop0,73039048,363460992
2026-08-11T13:00:34Z,iop0,70888680,363439616
2026-08-11T13:00:44Z,iop0,72627200,363429760
2026-08-11T13:00:54Z,iop0,71000424,363429760
2026-08-11T13:01:04Z,iop0,74198264,363385472
2026-08-11T13:01:14Z,iop0,74294844,363188864
2026-08-11T13:01:24Z,iop0,74471100,362956544
2026-08-11T13:01:34Z,iop0,74045748,362925056
2026-08-11T13:01:44Z,iop0,71719160,362906624
2026-08-11T13:01:54Z,iop0,72373364,362913792
2026-08-11T13:02:04Z,iop0,74668020,362909696
2026-08-11T13:02:14Z,iop0,74728844,362915584
2026-08-11T13:02:24Z,iop0,74441296,362933888
2026-08-11T13:02:34Z,iop0,74527084,362940416
2026-08-11T13:02:44Z,iop0,74405128,362963968
2026-08-11T13:02:54Z,iop0,74447076,362974592
2026-08-11T13:03:04Z,iop0,74548004,362976128
2026-08-11T13:03:14Z,iop0,74465496,362971904
2026-08-11T13:03:24Z,iop0,74620856,362965504
2026-08-11T13:03:34Z,iop0,70019068,362954496
2026-08-11T13:03:44Z,iop0,70175416,362941056
2026-08-11T13:03:54Z,iop0,70192748,362976512
2026-08-11T13:04:04Z,iop0,70283764,362983808
2026-08-11T13:04:14Z,iop0,70349704,362981376
2026-08-11T13:04:24Z,iop0,68855324,362985216
2026-08-11T13:04:34Z,iop0,67900816,362987008
2026-08-11T13:04:44Z,iop0,67394404,363002624
2026-08-11T13:04:54Z,iop0,66041692,363002496
2026-08-11T13:05:04Z,iop0,64819420,363018752
2026-08-11T13:05:14Z,iop0,65588352,363025024
2026-08-11T13:05:24Z,iop0,64109792,363025536
2026-08-11T13:05:34Z,iop0,69929420,362980224
2026-08-11T13:05:44Z,iop0,74505608,362988032
2026-08-11T13:05:54Z,iop0,74714632,362977536
2026-08-11T13:06:04Z,iop0,74838412,362974464
2026-08-11T13:06:14Z,iop0,75877992,362962432
2026-08-11T13:06:24Z,iop0,75911296,362962432
2026-08-11T13:06:34Z,iop0,75904780,362962432
2026-08-11T13:06:44Z,iop0,75907332,362962560
2026-08-11T13:06:54Z,iop0,75914900,362962560
2026-08-11T13:07:04Z,iop0,74386828,362948608
2026-08-11T13:07:14Z,iop0,74470252,362948608
2026-08-11T13:07:24Z,iop0,74537528,362948608
2026-08-11T13:07:34Z,iop0,74573852,362948608
2026-08-11T13:07:44Z,iop0,74596228,362948608
2026-08-11T13:07:54Z,iop0,74620056,362948608
2026-08-11T13:08:04Z,iop0,74645504,362948608
2026-08-11T13:08:14Z,iop0,74657656,362948608
2026-08-11T13:08:24Z,iop0,73978916,362834688
2026-08-11T13:08:34Z,iop0,74011328,362834688
2026-08-11T13:08:44Z,iop0,75009036,362297216
2026-08-11T13:08:54Z,iop0,75083260,362297216
2026-08-11T13:09:04Z,iop0,75078472,362297216
2026-08-11T13:09:14Z,iop0,75085596,362297216
2026-08-11T13:09:24Z,iop0,86655976,362296832
2026-08-11T13:09:34Z,iop0,84457648,362296576
2026-08-11T13:09:44Z,iop0,79770532,362296832
2026-08-11T13:09:54Z,iop0,76504984,362295296
2026-08-11T13:10:04Z,iop0,75459872,362300800
2026-08-11T13:10:14Z,iop0,73209400,362294144
2026-08-11T13:10:24Z,iop0,72020652,362302336
2026-08-11T13:10:34Z,iop0,73642612,362287488
2026-08-11T13:10:44Z,iop0,74606192,362297472
2026-08-11T13:10:54Z,iop0,73295232,362298752
2026-08-11T13:11:04Z,iop0,71228544,362272256
2026-08-11T13:11:14Z,iop0,73184356,362266112
2026-08-11T13:11:24Z,iop0,73622152,362272640
2026-08-11T13:11:34Z,iop0,74926400,362278784
2026-08-11T13:11:44Z,iop0,75033456,362303488
2026-08-11T13:11:54Z,iop0,75042864,362301952
2026-08-11T13:12:05Z,iop0,74809844,362286592
2026-08-11T13:12:15Z,iop0,74771492,362302208
2026-08-11T13:12:25Z,iop0,72698136,362302208
2026-08-11T13:12:35Z,iop0,73005648,362311808
2026-08-11T13:12:45Z,iop0,71201160,362315136
2026-08-11T13:12:55Z,iop0,74600172,362305536
2026-08-11T13:13:05Z,iop0,75023756,362300544
2026-08-11T13:13:15Z,iop0,75021596,362291200
2026-08-11T13:13:25Z,iop0,74829188,362279296
2026-08-11T13:13:35Z,iop0,74954500,362291072
2026-08-11T13:13:45Z,iop0,75112740,362278784
2026-08-11T13:13:55Z,iop0,75197240,362299520
2026-08-11T13:14:05Z,iop0,75699644,362315008
2026-08-11T13:14:15Z,iop0,73491264,362307840
2026-08-11T13:14:25Z,iop0,75098072,362327552
2026-08-11T13:14:35Z,iop0,75023184,362321024
2026-08-11T13:14:45Z,iop0,75128000,362298496
2026-08-11T13:14:55Z,iop0,75080700,362282880
2026-08-11T13:15:05Z,iop0,71716344,362263552
2026-08-11T13:15:15Z,iop0,67699460,362281472
2026-08-11T13:15:25Z,iop0,71744780,362275072
2026-08-11T13:15:35Z,iop0,71668292,362275072
2026-08-11T13:15:45Z,iop0,71275720,362281344
2026-08-11T13:15:55Z,iop0,71258680,362281728
2026-08-11T13:16:05Z,iop0,69201456,362265984
2026-08-11T13:16:15Z,iop0,71393444,362300544
2026-08-11T13:16:25Z,iop0,72557832,362299136
2026-08-11T13:16:35Z,iop0,72674704,362301696
2026-08-11T13:16:45Z,iop0,75049976,362284416
2026-08-11T13:16:55Z,iop0,72854892,362284416
2026-08-11T13:17:05Z,iop0,69227604,362294400
2026-08-11T13:17:15Z,iop0,67652836,362302208
2026-08-11T13:17:25Z,iop0,70440844,362302848
2026-08-11T13:17:35Z,iop0,71698668,362301696
2026-08-11T13:17:45Z,iop0,71432476,362301440
2026-08-11T13:17:55Z,iop0,68979776,362284544
2026-08-11T13:18:05Z,iop0,69425180,362283008
2026-08-11T13:18:15Z,iop0,75149252,362299520
2026-08-11T13:18:25Z,iop0,74844204,362300672
2026-08-11T13:18:35Z,iop0,75047464,362301056
2026-08-11T13:18:45Z,iop0,75052484,362301056
2026-08-11T13:18:55Z,iop0,75055280,362301056
2026-08-11T13:19:05Z,iop0,76211596,362294528
2026-08-11T13:19:15Z,iop0,76204280,362294528
2026-08-11T13:19:25Z,iop0,76207496,362294528
2026-08-11T13:19:35Z,iop0,74173196,362280064
2026-08-11T13:19:45Z,iop0,74315436,362280192
2026-08-11T13:19:55Z,iop0,74373432,362280192
2026-08-11T13:20:05Z,iop0,74466316,362280192
2026-08-11T13:20:15Z,iop0,74541484,362280192
2026-08-11T13:20:25Z,iop0,74242960,362281216
2026-08-11T13:20:35Z,iop0,74316324,362281216
2026-08-11T13:20:45Z,iop0,75298180,361999232
2026-08-11T13:20:55Z,iop0,75378000,361999232
2026-08-11T13:21:05Z,iop0,75456020,361999232
2026-08-11T13:21:15Z,iop0,75398812,361999232
2026-08-11T13:21:25Z,iop0,86363760,361998976
2026-08-11T13:21:35Z,iop0,86081760,361998976
2026-08-11T13:21:45Z,iop0,85138184,361998976
2026-08-11T13:21:55Z,iop0,78130220,361999104
2026-08-11T13:22:05Z,iop0,75750460,361997824
2026-08-11T13:22:15Z,iop0,75585116,361998464
2026-08-11T13:22:25Z,iop0,72826660,361996032
2026-08-11T13:22:35Z,iop0,74294616,362009600
2026-08-11T13:22:45Z,iop0,74335776,362006656
2026-08-11T13:22:55Z,iop0,74125348,362032640
2026-08-11T13:23:05Z,iop0,75425212,362021120
2026-08-11T13:23:15Z,iop0,75618568,362025344
2026-08-11T13:23:25Z,iop0,75557008,362044928
2026-08-11T13:23:35Z,iop0,75619232,362045440
2026-08-11T13:23:45Z,iop0,71389336,362051200
2026-08-11T13:23:55Z,iop0,70680860,362038016
2026-08-11T13:24:05Z,iop0,75329716,362023808
2026-08-11T13:24:15Z,iop0,72173572,362019456
2026-08-11T13:24:25Z,iop0,72221316,362041216
2026-08-11T13:24:35Z,iop0,75435232,362038016
2026-08-11T13:24:45Z,iop0,74977940,362010496
2026-08-11T13:24:55Z,iop0,74994640,362006656
2026-08-11T13:25:05Z,iop0,73572652,362028288
2026-08-11T13:25:15Z,iop0,73481436,362038656
2026-08-11T13:25:25Z,iop0,75412684,362040064
2026-08-11T13:25:35Z,iop0,75494144,362038400
2026-08-11T13:25:45Z,iop0,74682912,362035072
2026-08-11T13:25:55Z,iop0,74929772,362020224
2026-08-11T13:26:05Z,iop0,74568444,362001152
2026-08-11T13:26:15Z,iop0,75267616,362018176
2026-08-11T13:26:25Z,iop0,75365168,362029824
2026-08-11T13:26:35Z,iop0,75510484,362015488
2026-08-11T13:26:45Z,iop0,73904624,362006400
2026-08-11T13:26:55Z,iop0,73823424,362022784
2026-08-11T13:27:05Z,iop0,75527900,362012416
2026-08-11T13:27:15Z,iop0,75448920,362017792
2026-08-11T13:27:25Z,iop0,75532336,362030336
2026-08-11T13:27:35Z,iop0,70148364,362042368
2026-08-11T13:27:45Z,iop0,69493876,362040832
2026-08-11T13:27:55Z,iop0,68991188,362035200
2026-08-11T13:28:05Z,iop0,72223952,362039296
2026-08-11T13:28:15Z,iop0,68279316,362031872
2026-08-11T13:28:25Z,iop0,67970312,362029952
2026-08-11T13:28:35Z,iop0,69944452,362029184
2026-08-11T13:28:45Z,iop0,70687140,362030464
2026-08-11T13:28:55Z,iop0,70426468,362027904
2026-08-11T13:29:05Z,iop0,73809468,362027008
2026-08-11T13:29:15Z,iop0,75585700,362011520
2026-08-11T13:29:25Z,iop0,75605720,362027520
2026-08-11T13:29:35Z,iop0,75460976,362010880
2026-08-11T13:29:45Z,iop0,74676504,362011008
2026-08-11T13:29:55Z,iop0,74268868,361961984
2026-08-11T13:30:05Z,iop0,75389528,361990016
2026-08-11T13:30:15Z,iop0,75699752,361989888
2026-08-11T13:30:25Z,iop0,76177960,361991040
2026-08-11T13:30:35Z,iop0,76191820,361990912
2026-08-11T13:30:45Z,iop0,76224468,361991040
2026-08-11T13:30:55Z,iop0,77060008,361992832
2026-08-11T13:31:05Z,iop0,77151252,361992704
2026-08-11T13:31:15Z,iop0,77298176,361992704
2026-08-11T13:31:25Z,iop0,75644596,361993472
2026-08-11T13:31:35Z,iop0,75239964,361992960
2026-08-11T13:31:45Z,iop0,75269556,361992960
2026-08-11T13:31:55Z,iop0,74802628,361992064
2026-08-11T13:32:05Z,iop0,74814336,361992064
2026-08-11T13:32:15Z,iop0,75456984,361981568
2026-08-11T13:32:25Z,iop0,75792972,362023168
2026-08-11T13:32:35Z,iop0,75959516,362023168
2026-08-11T13:32:45Z,iop0,75900956,362023168
2026-08-11T13:32:55Z,iop0,86385360,362022912
2026-08-11T13:33:05Z,iop0,86970836,362022784
2026-08-11T13:33:15Z,iop0,83293652,362022784
2026-08-11T13:33:25Z,iop0,78360172,362021248
2026-08-11T13:33:35Z,iop0,76897864,362027904
2026-08-11T13:33:45Z,iop0,76456288,362014592
2026-08-11T13:33:55Z,iop0,76002192,362028672
2026-08-11T13:34:05Z,iop0,72894920,362028160
2026-08-11T13:34:15Z,iop0,73787220,362031616
2026-08-11T13:34:25Z,iop0,75374916,362015872
2026-08-11T13:34:35Z,iop0,74125152,362017280
2026-08-11T13:34:45Z,iop0,73198456,362040192
2026-08-11T13:34:55Z,iop0,74378632,362037376
2026-08-11T13:35:05Z,iop0,76122104,361999744
2026-08-11T13:35:16Z,iop0,76251232,362035200
2026-08-11T13:35:26Z,iop0,76062212,362033664
2026-08-11T13:35:36Z,iop0,76059980,362045312
2026-08-11T13:35:46Z,iop0,76323268,362052864
2026-08-11T13:35:56Z,iop0,76299748,362058496
2026-08-11T13:36:06Z,iop0,76359012,362058112
2026-08-11T13:36:16Z,iop0,76364124,362087808
2026-08-11T13:36:26Z,iop0,76194796,362071424
2026-08-11T13:36:36Z,iop0,76215456,362082432
2026-08-11T13:36:46Z,iop0,76097004,362066176
2026-08-11T13:36:56Z,iop0,75206160,362066176
2026-08-11T13:37:06Z,iop0,76412056,362036992
2026-08-11T13:37:16Z,iop0,75934792,362073600
2026-08-11T13:37:26Z,iop0,76183264,362068608
2026-08-11T13:37:36Z,iop0,76323812,362039936
2026-08-11T13:37:46Z,iop0,76213312,362034432
2026-08-11T13:37:56Z,iop0,76360036,362031360
2026-08-11T13:38:06Z,iop0,76495308,362069376
2026-08-11T13:38:16Z,iop0,74723932,362071040
2026-08-11T13:38:26Z,iop0,74388064,362037504
2026-08-11T13:38:36Z,iop0,76536476,362040832
2026-08-11T13:38:46Z,iop0,76367712,362074752
2026-08-11T13:38:56Z,iop0,74543908,362050560
2026-08-11T13:39:06Z,iop0,74676488,362056960
2026-08-11T13:39:16Z,iop0,76420328,362044032
2026-08-11T13:39:26Z,iop0,76505512,362064000
2026-08-11T13:39:36Z,iop0,76274056,362065408
2026-08-11T13:39:46Z,iop0,76335836,362054656
2026-08-11T13:39:56Z,iop0,76228552,362066432
2026-08-11T13:40:06Z,iop0,74653552,362078080
2026-08-11T13:40:16Z,iop0,74551804,362034688
2026-08-11T13:40:26Z,iop0,76401864,362068736
2026-08-11T13:40:36Z,iop0,76376936,362050816
2026-08-11T13:40:46Z,iop0,76388580,362077952
2026-08-11T13:40:56Z,iop0,76453580,362075904
2026-08-11T13:41:06Z,iop0,73394784,362075264
2026-08-11T13:41:16Z,iop0,74095116,362078336
2026-08-11T13:41:26Z,iop0,73355488,362056576
2026-08-11T13:41:36Z,iop0,72690844,362066176
2026-08-11T13:41:46Z,iop0,74350172,362058880
2026-08-11T13:41:56Z,iop0,74555124,362021504
2026-08-11T13:42:06Z,iop0,74177536,362060032
2026-08-11T13:42:16Z,iop0,73249644,362068480
2026-08-11T13:42:26Z,iop0,73314008,362068480
2026-08-11T13:42:36Z,iop0,73358704,362068480
2026-08-11T13:42:46Z,iop0,74537588,362069504
2026-08-11T13:42:56Z,iop0,74648512,362069504
2026-08-11T13:43:06Z,iop0,74721260,362069504
2026-08-11T13:43:16Z,iop0,76433980,362069504
2026-08-11T13:43:26Z,iop0,76619012,362068736
2026-08-11T13:43:36Z,iop0,76197596,362037632
2026-08-11T13:43:46Z,iop0,76093032,362032000
2026-08-11T13:43:56Z,iop0,75960600,362031488
2026-08-11T13:44:06Z,iop0,75963388,362031488
2026-08-11T13:44:16Z,iop0,75985460,362031488
2026-08-11T13:44:26Z,iop0,77977664,362022912
2026-08-11T13:44:36Z,iop0,78032464,362022912
2026-08-11T13:44:46Z,iop0,78055824,362022912
2026-08-11T13:44:56Z,iop0,78082104,362022912
2026-08-11T13:45:06Z,iop0,78087960,362022912
2026-08-11T13:45:16Z,iop0,78104788,362022912
2026-08-11T13:45:26Z,iop0,78126972,362022912
2026-08-11T13:45:36Z,iop0,78127744,362022912
2026-08-11T13:45:46Z,iop0,75854760,362010240
2026-08-11T13:45:56Z,iop0,75876648,362010240
2026-08-11T13:46:06Z,iop0,76705616,362025344
2026-08-11T13:46:16Z,iop0,76904512,362025344
2026-08-11T13:46:26Z,iop0,76866300,362025344
2026-08-11T13:46:36Z,iop0,76885604,362025344
2026-08-11T13:46:46Z,iop0,87403804,362025088
2026-08-11T13:46:56Z,iop0,87148020,362024960
2026-08-11T13:47:06Z,iop0,87351440,361498112
2026-08-11T13:47:16Z,iop0,84974344,361488640
2026-08-11T13:47:26Z,iop0,82590752,361485312
2026-08-11T13:47:36Z,iop0,78837680,361486464
2026-08-11T13:47:46Z,iop0,76586060,361474304
2026-08-11T13:47:56Z,iop0,76870192,361479168
2026-08-11T13:48:06Z,iop0,75905500,361497856
2026-08-11T13:48:16Z,iop0,73953788,361490304
2026-08-11T13:48:26Z,iop0,75594080,361464320
2026-08-11T13:48:36Z,iop0,74787816,361488768
2026-08-11T13:48:46Z,iop0,73921092,361482496
2026-08-11T13:48:56Z,iop0,73520068,361486976
2026-08-11T13:49:06Z,iop0,73744620,361502208
2026-08-11T13:49:16Z,iop0,75375984,361494400
2026-08-11T13:49:26Z,iop0,73393344,361469696
2026-08-11T13:49:36Z,iop0,74981336,361469440
2026-08-11T13:49:46Z,iop0,74667000,361461248
2026-08-11T13:49:56Z,iop0,76742912,361476096
2026-08-11T13:50:06Z,iop0,76844660,361459456
2026-08-11T13:50:16Z,iop0,76941296,361444352
2026-08-11T13:50:26Z,iop0,75548940,361458304
2026-08-11T13:50:36Z,iop0,75606256,361458688
2026-08-11T13:50:46Z,iop0,76918920,361462400
2026-08-11T13:50:56Z,iop0,77073524,361473536
2026-08-11T13:51:06Z,iop0,77066416,361474176
2026-08-11T13:51:17Z,iop0,76930708,361474304
2026-08-11T13:51:27Z,iop0,77200020,361469440
2026-08-11T13:51:37Z,iop0,71072676,361458816
2026-08-11T13:51:47Z,iop0,74561340,361448320
2026-08-11T13:51:57Z,iop0,76748732,361444096
2026-08-11T13:52:07Z,iop0,77222732,361456896
2026-08-11T13:52:17Z,iop0,76974632,361456384
2026-08-11T13:52:27Z,iop0,77076252,361453440
2026-08-11T13:52:37Z,iop0,75743172,361459072
2026-08-11T13:52:47Z,iop0,75484588,361464704
2026-08-11T13:52:57Z,iop0,76873796,361480704
2026-08-11T13:53:07Z,iop0,76655212,361494400
2026-08-11T13:53:17Z,iop0,76521308,361491328
2026-08-11T13:53:27Z,iop0,76970680,361445760
2026-08-11T13:53:37Z,iop0,76564780,361441280
2026-08-11T13:53:47Z,iop0,75064300,361449216
2026-08-11T13:53:57Z,iop0,73274916,361445888
2026-08-11T13:54:07Z,iop0,72974640,361432192
2026-08-11T13:54:17Z,iop0,73207948,361415936
2026-08-11T13:54:27Z,iop0,73059640,361451904
2026-08-11T13:54:37Z,iop0,77130044,361422592
2026-08-11T13:54:47Z,iop0,74666812,361393536
2026-08-11T13:54:57Z,iop0,74216028,361410816
2026-08-11T13:55:07Z,iop0,73359276,361415936
2026-08-11T13:55:17Z,iop0,74268496,361421184
2026-08-11T13:55:27Z,iop0,74234504,361426560
2026-08-11T13:55:37Z,iop0,74787528,361451008
2026-08-11T13:55:47Z,iop0,77136108,361463936
2026-08-11T13:55:57Z,iop0,73453604,361472000
2026-08-11T13:56:07Z,iop0,73456760,361452544
2026-08-11T13:56:17Z,iop0,73261000,361441664
2026-08-11T13:56:27Z,iop0,71206724,361445504
2026-08-11T13:56:37Z,iop0,71368720,361445376
2026-08-11T13:56:47Z,iop0,74053484,361433472
2026-08-11T13:56:57Z,iop0,73454508,361422976
2026-08-11T13:57:07Z,iop0,77175288,361422208
2026-08-11T13:57:17Z,iop0,77205232,361422208
2026-08-11T13:57:27Z,iop0,77223844,361422208
2026-08-11T13:57:37Z,iop0,77247992,361422208
2026-08-11T13:57:47Z,iop0,77251748,361422080
2026-08-11T13:57:57Z,iop0,77536208,361409792
2026-08-11T13:58:07Z,iop0,76476924,361401856
2026-08-11T13:58:17Z,iop0,76556656,361401856
2026-08-11T13:58:27Z,iop0,76592716,361401856
2026-08-11T13:58:37Z,iop0,76603548,361401856
2026-08-11T13:58:47Z,iop0,76617336,361401856
2026-08-11T13:58:57Z,iop0,76602948,361401856
2026-08-11T13:59:07Z,iop0,77279016,361403136
2026-08-11T13:59:17Z,iop0,76182988,361397120
2026-08-11T13:59:27Z,iop0,76321860,361397120
2026-08-11T13:59:37Z,iop0,77225468,361435648
2026-08-11T13:59:47Z,iop0,77387532,361435648
2026-08-11T13:59:57Z,iop0,77416812,361435648
2026-08-11T14:00:07Z,iop0,77350156,361435648
2026-08-11T14:00:17Z,iop0,87521120,361435264
2026-08-11T14:00:27Z,iop0,86152444,361435136
2026-08-11T14:00:37Z,iop0,81368852,361399296
2026-08-11T14:00:47Z,iop0,76620680,361399296
2026-08-11T14:00:57Z,iop0,74322872,361399424
2026-08-11T14:01:07Z,iop0,73879892,361392384
2026-08-11T14:01:17Z,iop0,74149868,361397760
2026-08-11T14:01:27Z,iop0,72568648,361380608
2026-08-11T14:01:37Z,iop0,70388568,361397888
2026-08-11T14:01:47Z,iop0,72065500,361396096
2026-08-11T14:01:57Z,iop0,68483932,361392256
2026-08-11T14:02:07Z,iop0,71366764,361386368
2026-08-11T14:02:17Z,iop0,71493480,361421056
2026-08-11T14:02:27Z,iop0,68769376,361409280
2026-08-11T14:02:37Z,iop0,68691288,361400832
2026-08-11T14:02:47Z,iop0,71361176,361406464
2026-08-11T14:02:57Z,iop0,70771796,361399680
2026-08-11T14:03:07Z,iop0,72520788,361398656
2026-08-11T14:03:17Z,iop0,73966456,361403520
2026-08-11T14:03:27Z,iop0,74276732,361396992
2026-08-11T14:03:37Z,iop0,74006760,361389312
2026-08-11T14:03:47Z,iop0,73813516,361369600
2026-08-11T14:03:57Z,iop0,73460280,361389824
2026-08-11T14:04:07Z,iop0,71305668,361399040
2026-08-11T14:04:17Z,iop0,71760328,361411712
2026-08-11T14:04:27Z,iop0,71321200,361429632
2026-08-11T14:04:37Z,iop0,73680836,361438720
2026-08-11T14:04:47Z,iop0,72128608,361443584
2026-08-11T14:04:57Z,iop0,72288588,361427200
2026-08-11T14:05:07Z,iop0,74241112,361439872
2026-08-11T14:05:17Z,iop0,73522192,361432704
2026-08-11T14:05:27Z,iop0,72905892,361427200
2026-08-11T14:05:37Z,iop0,73255968,361423232
2026-08-11T14:05:47Z,iop0,72915532,361412096
2026-08-11T14:05:57Z,iop0,70107248,361400960
2026-08-11T14:06:07Z,iop0,66919388,361397760
2026-08-11T14:06:17Z,iop0,65971764,361377792
2026-08-11T14:06:27Z,iop0,68340892,361375104
2026-08-11T14:06:37Z,iop0,67946684,361395328
2026-08-11T14:06:47Z,iop0,65007264,361409280
2026-08-11T14:06:57Z,iop0,70572880,361367680
2026-08-11T14:07:07Z,iop0,70964724,361339264
2026-08-11T14:07:17Z,iop0,70980136,361331712
2026-08-11T14:07:27Z,iop0,71152944,361374976
2026-08-11T14:07:37Z,iop0,71059340,361350912
2026-08-11T14:07:47Z,iop0,74335972,361344128
2026-08-11T14:07:57Z,iop0,74185200,361359872
2026-08-11T14:08:07Z,iop0,73920692,361343616
2026-08-11T14:08:18Z,iop0,70019968,361395328
2026-08-11T14:08:28Z,iop0,70443328,361093760
2026-08-11T14:08:38Z,iop0,70545472,360927232
2026-08-11T14:08:48Z,iop0,70922112,360927616
2026-08-11T14:08:58Z,iop0,70966236,360927360
2026-08-11T14:09:08Z,iop0,70755392,360927616
2026-08-11T14:09:18Z,iop0,74136328,360905600
2026-08-11T14:09:28Z,iop0,75774232,360897792
2026-08-11T14:09:38Z,iop0,76545992,360897664
2026-08-11T14:09:48Z,iop0,76577708,360897664
2026-08-11T14:09:58Z,iop0,76606372,360897664
2026-08-11T14:10:08Z,iop0,76622812,360897664
2026-08-11T14:10:18Z,iop0,73844956,360885504
2026-08-11T14:10:28Z,iop0,74055104,360885504
2026-08-11T14:10:38Z,iop0,74031900,360887040
2026-08-11T14:10:48Z,iop0,73552768,360855808
2026-08-11T14:10:58Z,iop0,73707220,360855808
2026-08-11T14:11:08Z,iop0,73752920,360855808
2026-08-11T14:11:18Z,iop0,73305380,360777088
2026-08-11T14:11:28Z,iop0,73359392,360777088
2026-08-11T14:11:38Z,iop0,73747248,360209408
2026-08-11T14:11:48Z,iop0,74415336,360222720
2026-08-11T14:11:58Z,iop0,74459952,360222720
2026-08-11T14:12:08Z,iop0,74491864,360222720
2026-08-11T14:12:18Z,iop0,87291324,360222720
2026-08-11T14:12:28Z,iop0,87292192,360222464
2026-08-11T14:12:38Z,iop0,86123608,360222336
2026-08-11T14:12:48Z,iop0,81195964,360222080
2026-08-11T14:12:58Z,iop0,76630304,360222080
2026-08-11T14:13:08Z,iop0,74446804,360221696
2026-08-11T14:13:18Z,iop0,75834676,360240000
2026-08-11T14:13:28Z,iop0,75761788,360237568
2026-08-11T14:13:38Z,iop0,74433704,360219648
2026-08-11T14:13:48Z,iop0,71917288,360208896
2026-08-11T14:13:58Z,iop0,73496036,360236288
2026-08-11T14:14:08Z,iop0,71013976,360261760
2026-08-11T14:14:18Z,iop0,75048712,360247424
2026-08-11T14:14:28Z,iop0,74004180,360252928
2026-08-11T14:14:38Z,iop0,70781044,360236928
2026-08-11T14:14:48Z,iop0,73639276,360220544
2026-08-11T14:14:58Z,iop0,75637744,360249216
2026-08-11T14:15:08Z,iop0,76013128,360234496
2026-08-11T14:15:18Z,iop0,75628856,360237952
2026-08-11T14:15:28Z,iop0,74694592,360224640
2026-08-11T14:15:38Z,iop0,75634968,360219776
2026-08-11T14:15:48Z,iop0,75523252,360220288
2026-08-11T14:15:58Z,iop0,75737324,360217856
2026-08-11T14:16:08Z,iop0,72780636,360211328
2026-08-11T14:16:18Z,iop0,73716632,360210432
2026-08-11T14:16:28Z,iop0,75745404,360209408
2026-08-11T14:16:38Z,iop0,75743992,360218240
2026-08-11T14:16:48Z,iop0,75608940,360218624
2026-08-11T14:16:58Z,iop0,75467500,360221824
2026-08-11T14:17:08Z,iop0,75650340,360245632
2026-08-11T14:17:18Z,iop0,75871344,360208128
2026-08-11T14:17:28Z,iop0,75791004,360263168
2026-08-11T14:17:38Z,iop0,75426300,360274816
2026-08-11T14:17:48Z,iop0,75575612,360281984
2026-08-11T14:17:58Z,iop0,75735524,360278016
2026-08-11T14:18:08Z,iop0,75836540,360280192
2026-08-11T14:18:18Z,iop0,75980532,360281600
2026-08-11T14:18:28Z,iop0,73503956,360274688
2026-08-11T14:18:38Z,iop0,73492760,360292736
2026-08-11T14:18:48Z,iop0,72586904,360299392
2026-08-11T14:18:58Z,iop0,73058580,360274816
2026-08-11T14:19:08Z,iop0,72708912,360263296
2026-08-11T14:19:18Z,iop0,74252020,360263168
2026-08-11T14:19:28Z,iop0,74371684,360279552
2026-08-11T14:19:38Z,iop0,75968772,360277888
2026-08-11T14:19:48Z,iop0,75779652,360250496
2026-08-11T14:19:58Z,iop0,75920392,360249472
2026-08-11T14:20:08Z,iop0,65635416,360251520
2026-08-11T14:20:18Z,iop0,66726176,360251520
2026-08-11T14:20:28Z,iop0,67268624,360258176
2026-08-11T14:20:38Z,iop0,67516636,360253696
2026-08-11T14:20:48Z,iop0,72238608,360256640
2026-08-11T14:20:58Z,iop0,72312648,360256640
2026-08-11T14:21:08Z,iop0,71039500,360237952
2026-08-11T14:21:18Z,iop0,71072116,360237952
2026-08-11T14:21:28Z,iop0,76128540,360226432
2026-08-11T14:21:38Z,iop0,76138424,360226432
2026-08-11T14:21:48Z,iop0,76183944,360226432
2026-08-11T14:21:58Z,iop0,75112960,360226432
2026-08-11T14:22:08Z,iop0,75174688,360226432
2026-08-11T14:22:18Z,iop0,75049152,360223232
2026-08-11T14:22:28Z,iop0,75180276,360223616
2026-08-11T14:22:38Z,iop0,75377052,360223616
2026-08-11T14:22:48Z,iop0,75492064,360223616
2026-08-11T14:22:58Z,iop0,75596172,360223616
2026-08-11T14:23:08Z,iop0,75833376,360211968
2026-08-11T14:23:18Z,iop0,75874536,360212096
2026-08-11T14:23:28Z,iop0,76241896,360265472
2026-08-11T14:23:38Z,iop0,76357824,360265472
2026-08-11T14:23:48Z,iop0,76429304,360265472
2026-08-11T14:23:58Z,iop0,76349044,360265472
2026-08-11T14:24:08Z,iop0,87470972,360265216
2026-08-11T14:24:18Z,iop0,86617888,360265088
2026-08-11T14:24:28Z,iop0,83367292,360265216
2026-08-11T14:24:38Z,iop0,77961292,360264960
2026-08-11T14:24:48Z,iop0,75583900,360260352
2026-08-11T14:24:58Z,iop0,74603780,360261760
2026-08-11T14:25:08Z,iop0,74736864,360258048
2026-08-11T14:25:18Z,iop0,74069096,360258688
2026-08-11T14:25:28Z,iop0,73216756,360258944
2026-08-11T14:25:38Z,iop0,73257820,360273920
2026-08-11T14:25:48Z,iop0,74244468,360288512
2026-08-11T14:25:58Z,iop0,74478968,360289152
2026-08-11T14:26:08Z,iop0,74281328,360265088
2026-08-11T14:26:18Z,iop0,74512548,360270848
2026-08-11T14:26:28Z,iop0,74638708,360264448
2026-08-11T14:26:38Z,iop0,74917008,360279936
2026-08-11T14:26:48Z,iop0,74835224,360266112
2026-08-11T14:26:58Z,iop0,74798492,360247808
2026-08-11T14:27:08Z,iop0,74575384,360290432
2026-08-11T14:27:18Z,iop0,71480300,360296576
2026-08-11T14:27:28Z,iop0,67717104,360298112
2026-08-11T14:27:38Z,iop0,69380732,360273536
2026-08-11T14:27:48Z,iop0,71582652,360243584
2026-08-11T14:27:58Z,iop0,70430204,360204160
2026-08-11T14:28:08Z,iop0,71284272,360273024
2026-08-11T14:28:18Z,iop0,71397704,360279680
2026-08-11T14:28:28Z,iop0,74598536,360269440
2026-08-11T14:28:38Z,iop0,73967248,360264704
2026-08-11T14:28:48Z,iop0,74534912,360273536
2026-08-11T14:28:58Z,iop0,74549416,360269824
2026-08-11T14:29:08Z,iop0,74710084,360260608
2026-08-11T14:29:18Z,iop0,74793208,360262784
2026-08-11T14:29:29Z,iop0,71188116,360266752
2026-08-11T14:29:39Z,iop0,72237824,360265856
2026-08-11T14:29:49Z,iop0,68323960,360270848
2026-08-11T14:29:59Z,iop0,65973080,360263424
2026-08-11T14:30:09Z,iop0,67652964,360263040
2026-08-11T14:30:19Z,iop0,68822128,360262144
2026-08-11T14:30:29Z,iop0,68355800,360246528
2026-08-11T14:30:39Z,iop0,68428512,360246400
2026-08-11T14:30:49Z,iop0,68075060,360262144
2026-08-11T14:30:59Z,iop0,65664392,360247936
2026-08-11T14:31:09Z,iop0,65623884,360267008
2026-08-11T14:31:19Z,iop0,71715404,360266112
2026-08-11T14:31:29Z,iop0,74734928,360268672
2026-08-11T14:31:39Z,iop0,74795192,360266240
2026-08-11T14:31:49Z,iop0,74887432,360261888
2026-08-11T14:31:59Z,iop0,74600268,360236288
2026-08-11T14:32:09Z,iop0,74160884,360264320
2026-08-11T14:32:19Z,iop0,73532704,360234240
2026-08-11T14:32:29Z,iop0,74992948,360265088
2026-08-11T14:32:39Z,iop0,74383976,360249088
2026-08-11T14:32:49Z,iop0,74895620,360263808
2026-08-11T14:32:59Z,iop0,74927188,360263808
2026-08-11T14:33:09Z,iop0,74976612,360265472
2026-08-11T14:33:19Z,iop0,74586720,360265472
2026-08-11T14:33:29Z,iop0,74435348,360263168
2026-08-11T14:33:39Z,iop0,74477672,360263296
2026-08-11T14:33:49Z,iop0,75980152,360257280
2026-08-11T14:33:59Z,iop0,76045716,360257280
2026-08-11T14:34:09Z,iop0,76057896,360257280
2026-08-11T14:34:19Z,iop0,76065896,360257280
2026-08-11T14:34:29Z,iop0,76071540,360257280
2026-08-11T14:34:39Z,iop0,76076924,360257280
2026-08-11T14:34:49Z,iop0,76106916,360257280
2026-08-11T14:34:59Z,iop0,74096660,360257280
2026-08-11T14:35:09Z,iop0,74181804,360256768
2026-08-11T14:35:19Z,iop0,74203060,360256768
2026-08-11T14:35:29Z,iop0,74561716,360282624
2026-08-11T14:35:39Z,iop0,74967188,360282624
2026-08-11T14:35:49Z,iop0,75110696,360282624
2026-08-11T14:35:59Z,iop0,75133912,360282752
2026-08-11T14:36:09Z,iop0,87757508,360282368
2026-08-11T14:36:19Z,iop0,87473892,360282368
2026-08-11T14:36:29Z,iop0,87316596,359859968
2026-08-11T14:36:39Z,iop0,87352692,359746048
2026-08-11T14:36:49Z,iop0,84511068,359743360
2026-08-11T14:36:59Z,iop0,77765648,359743616
2026-08-11T14:37:09Z,iop0,74738204,359750784
2026-08-11T14:37:19Z,iop0,75220344,359744256
2026-08-11T14:37:29Z,iop0,75092588,359747456
2026-08-11T14:37:39Z,iop0,72485744,359747968
2026-08-11T14:37:49Z,iop0,72373800,359743616
2026-08-11T14:37:59Z,iop0,71156460,359739904
2026-08-11T14:38:09Z,iop0,72398772,359715072
2026-08-11T14:38:19Z,iop0,74756728,359740160
2026-08-11T14:38:29Z,iop0,75329788,359736960
2026-08-11T14:38:39Z,iop0,75426536,359731968
2026-08-11T14:38:49Z,iop0,73760412,359737472
2026-08-11T14:38:59Z,iop0,73879620,359745920
2026-08-11T14:39:09Z,iop0,75733192,359744128
2026-08-11T14:39:19Z,iop0,75229272,359748736
2026-08-11T14:39:29Z,iop0,74308528,359754240
2026-08-11T14:39:39Z,iop0,73962392,359749632
2026-08-11T14:39:49Z,iop0,74088780,359754880
2026-08-11T14:39:59Z,iop0,74518048,359736320
2026-08-11T14:40:09Z,iop0,75363848,359756672
2026-08-11T14:40:19Z,iop0,73808512,359762048
2026-08-11T14:40:29Z,iop0,75404120,359748608
2026-08-11T14:40:39Z,iop0,75368172,359743616
2026-08-11T14:40:49Z,iop0,75565120,359742208
2026-08-11T14:40:59Z,iop0,70977016,359735808
2026-08-11T14:41:09Z,iop0,71032012,359729920
2026-08-11T14:41:19Z,iop0,75425456,359721344
2026-08-11T14:41:29Z,iop0,75273656,359714176
2026-08-11T14:41:39Z,iop0,75198964,359730432
2026-08-11T14:41:49Z,iop0,75228056,359730048
2026-08-11T14:41:59Z,iop0,75566068,359728640
2026-08-11T14:42:09Z,iop0,74937540,359736832
2026-08-11T14:42:19Z,iop0,74887564,359737856
2026-08-11T14:42:29Z,iop0,75423316,359735680
2026-08-11T14:42:39Z,iop0,75086600,359737472
2026-08-11T14:42:49Z,iop0,72188240,359746176
2026-08-11T14:42:59Z,iop0,72589652,359734656
2026-08-11T14:43:09Z,iop0,72711184,359736448
2026-08-11T14:43:19Z,iop0,70415176,359748096
2026-08-11T14:43:29Z,iop0,69053408,359748096
2026-08-11T14:43:39Z,iop0,68143704,359748224
2026-08-11T14:43:49Z,iop0,72014296,359741312
2026-08-11T14:43:59Z,iop0,70527700,359737984
2026-08-11T14:44:09Z,iop0,70421332,359744768
2026-08-11T14:44:19Z,iop0,70807508,359721600
2026-08-11T14:44:29Z,iop0,75559848,359727616
2026-08-11T14:44:39Z,iop0,75798872,359729664
2026-08-11T14:44:49Z,iop0,76437496,359746688
2026-08-11T14:44:59Z,iop0,77081028,359746304
2026-08-11T14:45:09Z,iop0,75940912,359745792
2026-08-11T14:45:19Z,iop0,75811480,359746048
2026-08-11T14:45:29Z,iop0,75925576,359746304
2026-08-11T14:45:39Z,iop0,75261456,359746176
2026-08-11T14:45:49Z,iop0,75293128,359746176
2026-08-11T14:45:59Z,iop0,75296380,359746176
2026-08-11T14:46:09Z,iop0,75316920,359746176
2026-08-11T14:46:19Z,iop0,75371932,359746816
2026-08-11T14:46:29Z,iop0,76279984,359747840
2026-08-11T14:46:39Z,iop0,76338320,359747840
2026-08-11T14:46:49Z,iop0,76042576,359750528
2026-08-11T14:46:59Z,iop0,76042408,359750528
2026-08-11T14:47:09Z,iop0,75646892,359752832
2026-08-11T14:47:20Z,iop0,75547740,359752320
2026-08-11T14:47:30Z,iop0,75722972,359800576
2026-08-11T14:47:40Z,iop0,75882432,359800576
2026-08-11T14:47:50Z,iop0,75945028,359800448
2026-08-11T14:48:00Z,iop0,86271248,359800448
2026-08-11T14:48:10Z,iop0,87218192,359800064
2026-08-11T14:48:20Z,iop0,85292308,359799936
2026-08-11T14:48:30Z,iop0,80569504,359799296
2026-08-11T14:48:40Z,iop0,75893160,359799296
2026-08-11T14:48:50Z,iop0,74918564,359778304
2026-08-11T14:49:00Z,iop0,74877568,359804672
2026-08-11T14:49:10Z,iop0,74635192,359810432
2026-08-11T14:49:20Z,iop0,73815380,359802112
2026-08-11T14:49:30Z,iop0,71406348,359789824
2026-08-11T14:49:40Z,iop0,71594848,359796992
2026-08-11T14:49:50Z,iop0,69646076,359813888
2026-08-11T14:50:00Z,iop0,73297376,359803904
2026-08-11T14:50:10Z,iop0,71527944,359774080
2026-08-11T14:50:20Z,iop0,73224444,359788416
2026-08-11T14:50:30Z,iop0,73261108,359769600
2026-08-11T14:50:40Z,iop0,74827700,359754368
2026-08-11T14:50:50Z,iop0,73879976,359759104
2026-08-11T14:51:00Z,iop0,74899528,359767424
2026-08-11T14:51:10Z,iop0,74901688,359777152
2026-08-11T14:51:20Z,iop0,74990720,359756800
2026-08-11T14:51:30Z,iop0,74886884,359777792
2026-08-11T14:51:40Z,iop0,75105044,359780096
2026-08-11T14:51:50Z,iop0,75072344,359747200
2026-08-11T14:52:00Z,iop0,74012432,359780352
2026-08-11T14:52:10Z,iop0,72052808,359780096
2026-08-11T14:52:20Z,iop0,72717124,359783552
2026-08-11T14:52:30Z,iop0,73132968,359789824
2026-08-11T14:52:40Z,iop0,74901916,359782400
2026-08-11T14:52:50Z,iop0,74769288,359795328
2026-08-11T14:53:00Z,iop0,74310576,359798272
2026-08-11T14:53:10Z,iop0,72792788,359804800
2026-08-11T14:53:20Z,iop0,73161696,359814016
2026-08-11T14:53:30Z,iop0,74836764,359813120
2026-08-11T14:53:40Z,iop0,74525612,359813888
2026-08-11T14:53:50Z,iop0,75214924,359801600
2026-08-11T14:54:00Z,iop0,75227928,359801600
2026-08-11T14:54:10Z,iop0,72860424,359791488
2026-08-11T14:54:20Z,iop0,72904704,359794944
2026-08-11T14:54:30Z,iop0,75210804,359794688
2026-08-11T14:54:40Z,iop0,75116440,359784448
2026-08-11T14:54:50Z,iop0,74195808,359761152
2026-08-11T14:55:00Z,iop0,72689988,359790848
2026-08-11T14:55:10Z,iop0,64241016,359790464
2026-08-11T14:55:20Z,iop0,67074052,359776000
2026-08-11T14:55:30Z,iop0,67237552,359794176
2026-08-11T14:55:40Z,iop0,68612308,359795584
2026-08-11T14:55:50Z,iop0,71849852,359793536
2026-08-11T14:56:00Z,iop0,71735596,359777920
2026-08-11T14:56:10Z,iop0,71849124,359794944
2026-08-11T14:56:20Z,iop0,72793356,359790080
2026-08-11T14:56:30Z,iop0,72818200,359790080
2026-08-11T14:56:40Z,iop0,70847808,359789824
2026-08-11T14:56:50Z,iop0,73549708,359788416
2026-08-11T14:57:00Z,iop0,74911472,359788800
2026-08-11T14:57:10Z,iop0,75009156,359788800
2026-08-11T14:57:20Z,iop0,75130304,359788800
2026-08-11T14:57:30Z,iop0,75266352,359788800
2026-08-11T14:57:40Z,iop0,75321568,359788928
2026-08-11T14:57:50Z,iop0,76122820,359789056
2026-08-11T14:58:00Z,iop0,75824800,359789056
2026-08-11T14:58:10Z,iop0,74242280,359788160
2026-08-11T14:58:20Z,iop0,74362480,359788160
2026-08-11T14:58:30Z,iop0,74474360,359788032
2026-08-11T14:58:40Z,iop0,74573468,359788032
2026-08-11T14:58:50Z,iop0,74601700,359788160
2026-08-11T14:59:00Z,iop0,74634940,359788160
2026-08-11T14:59:10Z,iop0,74359656,359751936
2026-08-11T14:59:20Z,iop0,74416396,359751936
2026-08-11T14:59:30Z,iop0,75430840,359739648
2026-08-11T14:59:40Z,iop0,75540924,359739648
2026-08-11T14:59:50Z,iop0,75487180,359739520
2026-08-11T15:00:00Z,iop0,75494688,359739648
2026-08-11T15:00:10Z,iop0,86704760,359739392
2026-08-11T15:00:20Z,iop0,86662328,359739392
2026-08-11T15:00:30Z,iop0,85327804,359739392
2026-08-11T15:00:40Z,iop0,78900836,359740416
2026-08-11T15:00:50Z,iop0,73392196,359740416
2026-08-11T15:01:00Z,iop0,73358132,359736448
2026-08-11T15:01:10Z,iop0,73752336,359727360
2026-08-11T15:01:20Z,iop0,73941184,359727360
2026-08-11T15:01:30Z,iop0,72832128,359734272
2026-08-11T15:01:40Z,iop0,73777740,359738880
2026-08-11T15:01:50Z,iop0,73737340,359716480
2026-08-11T15:02:00Z,iop0,70805024,359759488
2026-08-11T15:02:10Z,iop0,68739964,359744768
2026-08-11T15:02:20Z,iop0,69526540,359757312
2026-08-11T15:02:30Z,iop0,69717476,359726720
2026-08-11T15:02:40Z,iop0,70367692,359744256
2026-08-11T15:02:50Z,iop0,73826896,359719936
2026-08-11T15:03:00Z,iop0,73615480,359743232
2026-08-11T15:03:10Z,iop0,73812628,359698432
2026-08-11T15:03:20Z,iop0,73471512,359716096
2026-08-11T15:03:30Z,iop0,73611080,359704064
2026-08-11T15:03:40Z,iop0,73639396,359732864
2026-08-11T15:03:50Z,iop0,73703384,359718272
2026-08-11T15:04:00Z,iop0,73255568,359714304
2026-08-11T15:04:10Z,iop0,73650712,359750912
2026-08-11T15:04:20Z,iop0,73258108,359737984
2026-08-11T15:04:30Z,iop0,73734372,359757824
2026-08-11T15:04:40Z,iop0,73303244,359722752
2026-08-11T15:04:50Z,iop0,73068380,359726336
2026-08-11T15:05:00Z,iop0,73265996,359728512
2026-08-11T15:05:10Z,iop0,73397032,359703168
2026-08-11T15:05:20Z,iop0,73518340,359721984
2026-08-11T15:05:30Z,iop0,73612128,359730560
2026-08-11T15:05:40Z,iop0,73527020,359719552
2026-08-11T15:05:50Z,iop0,73779472,359748352
2026-08-11T15:06:00Z,iop0,71174200,359744256
2026-08-11T15:06:10Z,iop0,71878160,359771776
2026-08-11T15:06:20Z,iop0,71373912,359760768
2026-08-11T15:06:30Z,iop0,71235276,359746688
2026-08-11T15:06:41Z,iop0,69639108,359749376
2026-08-11T15:06:51Z,iop0,72037636,359746688
2026-08-11T15:07:01Z,iop0,72074480,359718656
2026-08-11T15:07:11Z,iop0,71645996,359689600
2026-08-11T15:07:21Z,iop0,73398312,359722240
2026-08-11T15:07:31Z,iop0,73654880,359685888
2026-08-11T15:07:41Z,iop0,69833620,359685504
2026-08-11T15:07:51Z,iop0,59684056,359738112
2026-08-11T15:08:01Z,iop0,60914408,359737600
2026-08-11T15:08:11Z,iop0,60927080,359737600
2026-08-11T15:08:21Z,iop0,63805664,359737216
2026-08-11T15:08:31Z,iop0,68824820,359737088
2026-08-11T15:08:41Z,iop0,69459828,359737216
2026-08-11T15:08:51Z,iop0,72190736,359737344
2026-08-11T15:09:01Z,iop0,71923928,359736576
2026-08-11T15:09:11Z,iop0,73761076,359736320
2026-08-11T15:09:21Z,iop0,76058472,359736320
2026-08-11T15:09:31Z,iop0,76161936,359736192
2026-08-11T15:09:41Z,iop0,76202476,359736320
2026-08-11T15:09:51Z,iop0,74723040,359737344
2026-08-11T15:10:01Z,iop0,74526856,359724032
2026-08-11T15:10:11Z,iop0,74554204,359724032
2026-08-11T15:10:21Z,iop0,72822468,359724032
2026-08-11T15:10:31Z,iop0,72911248,359724032
2026-08-11T15:10:41Z,iop0,73448956,359724416
2026-08-11T15:10:51Z,iop0,74001516,359778304
2026-08-11T15:11:01Z,iop0,74046032,359778304
2026-08-11T15:11:11Z,iop0,74067796,359778304
2026-08-11T15:11:21Z,iop0,86883192,359777920
2026-08-11T15:11:31Z,iop0,86564776,359777920
2026-08-11T15:11:41Z,iop0,85444928,359777920
2026-08-11T15:11:51Z,iop0,79326160,359778048
2026-08-11T15:12:01Z,iop0,74220592,359778048
2026-08-11T15:12:11Z,iop0,73785876,359779712
2026-08-11T15:12:21Z,iop0,72653244,359784960
2026-08-11T15:12:31Z,iop0,73387632,359775616
2026-08-11T15:12:41Z,iop0,73626288,359789952
2026-08-11T15:12:51Z,iop0,73515676,359794432
2026-08-11T15:13:01Z,iop0,72154636,359783296
2026-08-11T15:13:11Z,iop0,69931004,359782656
2026-08-11T15:13:21Z,iop0,69412328,359780864
2026-08-11T15:13:31Z,iop0,69410364,359764352
2026-08-11T15:13:41Z,iop0,71391652,359764096
2026-08-11T15:13:51Z,iop0,71476664,359780864
2026-08-11T15:14:01Z,iop0,73265408,359788800
2026-08-11T15:14:11Z,iop0,73236452,359789952
2026-08-11T15:14:21Z,iop0,73324044,359787520
2026-08-11T15:14:31Z,iop0,73314688,359759488
2026-08-11T15:14:41Z,iop0,72967212,359772544
2026-08-11T15:14:51Z,iop0,73058496,359756416
2026-08-11T15:15:01Z,iop0,71936272,359780352
2026-08-11T15:15:11Z,iop0,73213488,359772928
2026-08-11T15:15:21Z,iop0,72494896,359746304
2026-08-11T15:15:31Z,iop0,73084880,359777920
2026-08-11T15:15:41Z,iop0,72651916,359761920
2026-08-11T15:15:51Z,iop0,73200520,359786880
2026-08-11T15:16:01Z,iop0,73379468,359777920
2026-08-11T15:16:11Z,iop0,73198948,359785984
2026-08-11T15:16:21Z,iop0,73233136,359776000
2026-08-11T15:16:31Z,iop0,73372444,359779840
2026-08-11T15:16:41Z,iop0,73084416,359794944
2026-08-11T15:16:51Z,iop0,73049396,359792640
2026-08-11T15:17:01Z,iop0,73283804,359784832
2026-08-11T15:17:11Z,iop0,73305528,359775104
2026-08-11T15:17:21Z,iop0,67990876,359760768
2026-08-11T15:17:31Z,iop0,68003860,359765760
2026-08-11T15:17:41Z,iop0,68107492,359774208
2026-08-11T15:17:51Z,iop0,69702288,359774336
2026-08-11T15:18:01Z,iop0,67672532,359774336
2026-08-11T15:18:11Z,iop0,67353212,359774464
2026-08-11T15:18:21Z,iop0,73352520,359773568
2026-08-11T15:18:31Z,iop0,70911428,359774848
2026-08-11T15:18:41Z,iop0,70426224,359758208
2026-08-11T15:18:51Z,iop0,69728148,359758208
2026-08-11T15:19:01Z,iop0,71591384,359774592
2026-08-11T15:19:11Z,iop0,64016812,359773568
2026-08-11T15:19:21Z,iop0,62455476,359773568
2026-08-11T15:19:31Z,iop0,62857472,359757952
2026-08-11T15:19:41Z,iop0,63058788,359773568
2026-08-11T15:19:51Z,iop0,66394216,359773184
2026-08-11T15:20:01Z,iop0,65790364,359773056
2026-08-11T15:20:11Z,iop0,65907312,359773056
2026-08-11T15:20:21Z,iop0,69799544,359772800
2026-08-11T15:20:31Z,iop0,72302940,359772416
2026-08-11T15:20:41Z,iop0,72349028,359772416
2026-08-11T15:20:51Z,iop0,72382244,359772416
2026-08-11T15:21:01Z,iop0,72600064,359772672
2026-08-11T15:21:11Z,iop0,72606856,359772672
2026-08-11T15:21:21Z,iop0,72617940,359772672
2026-08-11T15:21:31Z,iop0,72633020,359772672
2026-08-11T15:21:41Z,iop0,72286184,359770368
2026-08-11T15:21:51Z,iop0,72436428,359770368
2026-08-11T15:22:01Z,iop0,73160824,359726720
2026-08-11T15:22:11Z,iop0,73586396,359777536
2026-08-11T15:22:21Z,iop0,73671104,359777536
2026-08-11T15:22:31Z,iop0,73695020,359777536
2026-08-11T15:22:41Z,iop0,86663240,359777280
2026-08-11T15:22:51Z,iop0,86598360,359777280
2026-08-11T15:23:01Z,iop0,86035220,359481600
2026-08-11T15:23:11Z,iop0,86253816,359245696
2026-08-11T15:23:21Z,iop0,84160676,359239424
2026-08-11T15:23:31Z,iop0,78870856,359239552
2026-08-11T15:23:41Z,iop0,75082540,359236608
2026-08-11T15:23:51Z,iop0,74526680,359235712
2026-08-11T15:24:01Z,iop0,74489876,359232384
2026-08-11T15:24:11Z,iop0,73508308,359236736
2026-08-11T15:24:21Z,iop0,71462580,359245056
2026-08-11T15:24:31Z,iop0,71742340,359229056
2026-08-11T15:24:41Z,iop0,72963252,359226368
2026-08-11T15:24:51Z,iop0,70390468,359214464
2026-08-11T15:25:01Z,iop0,73060388,359178368
2026-08-11T15:25:11Z,iop0,74451036,359216896
2026-08-11T15:25:21Z,iop0,74554976,359214080
2026-08-11T15:25:31Z,iop0,74695152,359221632
2026-08-11T15:25:41Z,iop0,71893260,359235712
2026-08-11T15:25:51Z,iop0,72595916,359243008
2026-08-11T15:26:01Z,iop0,71164724,359234816
2026-08-11T15:26:11Z,iop0,74827768,359231488
2026-08-11T15:26:21Z,iop0,74838320,359229056
2026-08-11T15:26:31Z,iop0,74676232,359231232
2026-08-11T15:26:41Z,iop0,74002984,359226496
2026-08-11T15:26:51Z,iop0,73785580,359224192
2026-08-11T15:27:01Z,iop0,72182584,359211008
2026-08-11T15:27:11Z,iop0,72822156,359209600
2026-08-11T15:27:21Z,iop0,72776444,359228288
2026-08-11T15:27:31Z,iop0,74626236,359187328
2026-08-11T15:27:41Z,iop0,74668944,359233792
2026-08-11T15:27:51Z,iop0,74750316,359231360
2026-08-11T15:28:01Z,iop0,74770952,359235456
2026-08-11T15:28:11Z,iop0,72422376,359236352
2026-08-11T15:28:21Z,iop0,72640864,359235456
2026-08-11T15:28:31Z,iop0,74173088,359235456
2026-08-11T15:28:41Z,iop0,74302872,359205888
2026-08-11T15:28:51Z,iop0,74695832,359204352
2026-08-11T15:29:01Z,iop0,74699200,359224832
2026-08-11T15:29:11Z,iop0,74701704,359222016
2026-08-11T15:29:21Z,iop0,74572784,359200640
2026-08-11T15:29:31Z,iop0,74654952,359217920
2026-08-11T15:29:41Z,iop0,69651164,359227008
2026-08-11T15:29:51Z,iop0,70353816,359234304
2026-08-11T15:30:01Z,iop0,69035616,359234688
2026-08-11T15:30:11Z,iop0,68571036,359234816
2026-08-11T15:30:21Z,iop0,67301440,359225088
2026-08-11T15:30:31Z,iop0,67393456,359232128
2026-08-11T15:30:41Z,iop0,72475664,359215872
2026-08-11T15:30:51Z,iop0,74752396,359232256
2026-08-11T15:31:01Z,iop0,70251008,359226496
2026-08-11T15:31:11Z,iop0,70317144,359234048
2026-08-11T15:31:21Z,iop0,71996768,359234816
2026-08-11T15:31:31Z,iop0,72659656,359234176
2026-08-11T15:31:41Z,iop0,74869944,359224320
2026-08-11T15:31:51Z,iop0,74548572,359193856
2026-08-11T15:32:01Z,iop0,74598052,359236224
2026-08-11T15:32:11Z,iop0,74762076,359235712
2026-08-11T15:32:21Z,iop0,74781224,359235712
2026-08-11T15:32:32Z,iop0,74786976,359235712
2026-08-11T15:32:42Z,iop0,74808244,359235712
2026-08-11T15:32:52Z,iop0,74823292,359235712
2026-08-11T15:33:02Z,iop0,76083708,359237760
2026-08-11T15:33:12Z,iop0,74301404,359237760
2026-08-11T15:33:22Z,iop0,74336196,359237760
2026-08-11T15:33:32Z,iop0,74344076,359237760
2026-08-11T15:33:42Z,iop0,74332584,359237760
2026-08-11T15:33:52Z,iop0,74343252,359237760
2026-08-11T15:34:02Z,iop0,74525344,359238784
2026-08-11T15:34:12Z,iop0,74090264,359225600
2026-08-11T15:34:22Z,iop0,74768076,359226496
2026-08-11T15:34:32Z,iop0,75071276,359263360
2026-08-11T15:34:42Z,iop0,75143276,359263360
2026-08-11T15:34:52Z,iop0,75178540,359263360
2026-08-11T15:35:02Z,iop0,85766496,359263360
2026-08-11T15:35:12Z,iop0,85516492,359262848
2026-08-11T15:35:22Z,iop0,84485984,359262720
2026-08-11T15:35:32Z,iop0,79181300,359262464
2026-08-11T15:35:42Z,iop0,76222960,359256448
2026-08-11T15:35:52Z,iop0,74566480,359277184
2026-08-11T15:36:02Z,iop0,75460536,359267968
2026-08-11T15:36:12Z,iop0,72004412,359258880
2026-08-11T15:36:22Z,iop0,72416164,359261440
2026-08-11T15:36:32Z,iop0,73128720,359262592
2026-08-11T15:36:42Z,iop0,73813504,359274112
2026-08-11T15:36:52Z,iop0,74502828,359268480
2026-08-11T15:37:02Z,iop0,75324580,359266944
2026-08-11T15:37:12Z,iop0,73440092,359256576
2026-08-11T15:37:22Z,iop0,72008888,359266304
2026-08-11T15:37:32Z,iop0,73317972,359270912
2026-08-11T15:37:42Z,iop0,74314400,359277056
2026-08-11T15:37:52Z,iop0,75686576,359270528
2026-08-11T15:38:02Z,iop0,75760428,359256448
2026-08-11T15:38:12Z,iop0,74506864,359205504
2026-08-11T15:38:22Z,iop0,73840064,359240320
2026-08-11T15:38:32Z,iop0,73819472,359236480
2026-08-11T15:38:42Z,iop0,74736728,359251584
2026-08-11T15:38:52Z,iop0,75820776,359244672
2026-08-11T15:39:02Z,iop0,72039184,359254016
2026-08-11T15:39:12Z,iop0,73596320,359261056
2026-08-11T15:39:22Z,iop0,75490408,359255040
2026-08-11T15:39:32Z,iop0,75805672,359265280
2026-08-11T15:39:42Z,iop0,74086124,359266432
2026-08-11T15:39:52Z,iop0,74372024,359267584
2026-08-11T15:40:02Z,iop0,75741732,359266944
2026-08-11T15:40:12Z,iop0,75707352,359262464
2026-08-11T15:40:22Z,iop0,73693904,359266816
2026-08-11T15:40:32Z,iop0,73801116,359269120
2026-08-11T15:40:42Z,iop0,74024616,359264896
2026-08-11T15:40:52Z,iop0,73839732,359235072
2026-08-11T15:41:02Z,iop0,73769432,359222784
2026-08-11T15:41:12Z,iop0,75167060,359264896
2026-08-11T15:41:22Z,iop0,75469460,359262592
2026-08-11T15:41:32Z,iop0,74937240,359261056
2026-08-11T15:41:42Z,iop0,72685960,359245056
2026-08-11T15:41:52Z,iop0,68586888,359233408
2026-08-11T15:42:02Z,iop0,67344924,359260160
2026-08-11T15:42:12Z,iop0,69030648,359251584
2026-08-11T15:42:22Z,iop0,70426740,359249024
2026-08-11T15:42:32Z,iop0,72922104,359257344
2026-08-11T15:42:42Z,iop0,75811268,359260800
2026-08-11T15:42:52Z,iop0,75929424,359260800
2026-08-11T15:43:02Z,iop0,73044468,359269760
2026-08-11T15:43:12Z,iop0,74063404,359276032
2026-08-11T15:43:22Z,iop0,73108184,359269632
2026-08-11T15:43:32Z,iop0,74730212,359266048
2026-08-11T15:43:42Z,iop0,75914464,359265664
2026-08-11T15:43:52Z,iop0,75531124,359266304
2026-08-11T15:44:02Z,iop0,75870600,359251584
2026-08-11T15:44:12Z,iop0,76722168,359268096
2026-08-11T15:44:22Z,iop0,76779256,359268096
2026-08-11T15:44:32Z,iop0,76853884,359268096
2026-08-11T15:44:42Z,iop0,77226472,359268864
2026-08-11T15:44:52Z,iop0,77201144,359268864
2026-08-11T15:45:02Z,iop0,77198764,359268864
2026-08-11T15:45:12Z,iop0,75482832,359256192
2026-08-11T15:45:22Z,iop0,75555356,359256064
2026-08-11T15:45:32Z,iop0,75507108,359256832
2026-08-11T15:45:42Z,iop0,75171668,359256064
2026-08-11T15:45:52Z,iop0,75356656,359257600
2026-08-11T15:46:02Z,iop0,76046224,359298432
2026-08-11T15:46:12Z,iop0,76092780,359298432
2026-08-11T15:46:22Z,iop0,76203208,359298432
2026-08-11T15:46:32Z,iop0,85975672,359298432
2026-08-11T15:46:42Z,iop0,86068972,359298176
2026-08-11T15:46:52Z,iop0,81677004,359298176
2026-08-11T15:47:02Z,iop0,80530124,359297792
2026-08-11T15:47:12Z,iop0,76408344,359297792
2026-08-11T15:47:22Z,iop0,71969748,359302656
2026-08-11T15:47:32Z,iop0,72697200,359302400
2026-08-11T15:47:42Z,iop0,71645268,359291904
2026-08-11T15:47:52Z,iop0,72306684,359299712
2026-08-11T15:48:02Z,iop0,72170376,359275776
2026-08-11T15:48:12Z,iop0,71120476,359297664
2026-08-11T15:48:22Z,iop0,72045612,359303808
2026-08-11T15:48:32Z,iop0,67346996,359292160
2026-08-11T15:48:42Z,iop0,66873796,359287936
2026-08-11T15:48:52Z,iop0,68018732,359292544
2026-08-11T15:49:02Z,iop0,70403064,359283840
2026-08-11T15:49:12Z,iop0,71847152,359298560
2026-08-11T15:49:22Z,iop0,72191356,359291904
2026-08-11T15:49:32Z,iop0,72095564,359295232
2026-08-11T15:49:42Z,iop0,71636052,359272320
2026-08-11T15:49:52Z,iop0,70467000,359293184
2026-08-11T15:50:02Z,iop0,71671312,359285504
2026-08-11T15:50:12Z,iop0,71797388,359275520
2026-08-11T15:50:22Z,iop0,71746256,359266688
2026-08-11T15:50:32Z,iop0,71777876,359265408
2026-08-11T15:50:42Z,iop0,71886568,359272064
2026-08-11T15:50:52Z,iop0,72076488,359268480
2026-08-11T15:51:02Z,iop0,72128336,359263488
2026-08-11T15:51:12Z,iop0,72159040,359268736
2026-08-11T15:51:22Z,iop0,71913680,359257984
2026-08-11T15:51:32Z,iop0,71736976,359252224
2026-08-11T15:51:42Z,iop0,72058320,359279360
2026-08-11T15:51:52Z,iop0,72147064,359299200
2026-08-11T15:52:02Z,iop0,71945676,359297152
2026-08-11T15:52:12Z,iop0,72176320,359290240
2026-08-11T15:52:22Z,iop0,69608532,359276288
2026-08-11T15:52:32Z,iop0,70406840,359295232
2026-08-11T15:52:42Z,iop0,71437784,359287936
2026-08-11T15:52:52Z,iop0,70164372,359289728
2026-08-11T15:53:02Z,iop0,68290452,359289472
2026-08-11T15:53:12Z,iop0,68600276,359289728
2026-08-11T15:53:22Z,iop0,69977820,359281920
2026-08-11T15:53:32Z,iop0,71439300,359290112
2026-08-11T15:53:42Z,iop0,71686256,359274240
2026-08-11T15:53:52Z,iop0,71787036,359225856
2026-08-11T15:54:02Z,iop0,67666912,359282816
2026-08-11T15:54:13Z,iop0,58474708,359283200
2026-08-11T15:54:23Z,iop0,59198204,359282304
2026-08-11T15:54:33Z,iop0,62641864,359282816
2026-08-11T15:54:43Z,iop0,62561156,359281280
2026-08-11T15:54:53Z,iop0,64802904,359280640
2026-08-11T15:55:03Z,iop0,68622664,359280640
2026-08-11T15:55:13Z,iop0,68811648,359280640
2026-08-11T15:55:23Z,iop0,70856876,359264896
2026-08-11T15:55:33Z,iop0,72807280,359266176
2026-08-11T15:55:43Z,iop0,72902632,359266048
2026-08-11T15:55:53Z,iop0,72940576,359266048
2026-08-11T15:56:03Z,iop0,72945820,359266048
2026-08-11T15:56:13Z,iop0,72062256,359267840
2026-08-11T15:56:23Z,iop0,71572096,359266432
2026-08-11T15:56:33Z,iop0,71639768,359266432
2026-08-11T15:56:43Z,iop0,71661196,359266432
2026-08-11T15:56:53Z,iop0,71341504,359254016
2026-08-11T15:57:03Z,iop0,71400416,359254016
2026-08-11T15:57:13Z,iop0,72299752,359219712
2026-08-11T15:57:23Z,iop0,72439420,359219712
2026-08-11T15:57:33Z,iop0,72521976,359219712
2026-08-11T15:57:43Z,iop0,72521736,359219712
2026-08-11T15:57:53Z,iop0,85830512,359219328
2026-08-11T15:58:03Z,iop0,81639144,359219328
2026-08-11T15:58:13Z,iop0,80254820,359219712
2026-08-11T15:58:23Z,iop0,75968176,359219072
2026-08-11T15:58:33Z,iop0,73880368,359222272
2026-08-11T15:58:43Z,iop0,72387156,359210880
2026-08-11T15:58:53Z,iop0,71489724,359219200
2026-08-11T15:59:03Z,iop0,72783276,359216256
2026-08-11T15:59:13Z,iop0,70153684,359235968
2026-08-11T15:59:23Z,iop0,68528992,359225216
2026-08-11T15:59:33Z,iop0,66656752,359225984
2026-08-11T15:59:43Z,iop0,68336696,359218176
2026-08-11T15:59:53Z,iop0,69105720,359217792
2026-08-11T16:00:03Z,iop0,70785208,359205632
2026-08-11T16:00:13Z,iop0,72553780,359201664
2026-08-11T16:00:23Z,iop0,72461928,359210624
2026-08-11T16:00:33Z,iop0,71786208,359203456
2026-08-11T16:00:43Z,iop0,72612652,359215616
2026-08-11T16:00:53Z,iop0,72615484,359200384
2026-08-11T16:01:03Z,iop0,72579524,359220992
2026-08-11T16:01:13Z,iop0,72659504,359218688
2026-08-11T16:01:23Z,iop0,72574844,359220992
2026-08-11T16:01:33Z,iop0,72699936,359224832
2026-08-11T16:01:43Z,iop0,72191980,359236992
2026-08-11T16:01:53Z,iop0,72040388,359238784
2026-08-11T16:02:03Z,iop0,72266788,359218944
2026-08-11T16:02:13Z,iop0,72273456,359225216
2026-08-11T16:02:23Z,iop0,73004720,359244672
2026-08-11T16:02:33Z,iop0,71698892,359144192
2026-08-11T16:02:43Z,iop0,70544924,359151488
2026-08-11T16:02:53Z,iop0,70267104,359136128
2026-08-11T16:03:03Z,iop0,72786968,359128320
2026-08-11T16:03:13Z,iop0,72597692,359145728
2026-08-11T16:03:23Z,iop0,70651932,359152000
2026-08-11T16:03:33Z,iop0,68146828,359180544
2026-08-11T16:03:43Z,iop0,67254596,359175552
2026-08-11T16:03:53Z,iop0,70415984,359082752
2026-08-11T16:04:03Z,iop0,72566768,359101568
2026-08-11T16:04:13Z,iop0,72845428,359110528
2026-08-11T16:04:23Z,iop0,72815440,359107328
2026-08-11T16:04:33Z,iop0,72757752,359102848
2026-08-11T16:04:43Z,iop0,71512756,359105536
2026-08-11T16:04:53Z,iop0,67341028,359091584
2026-08-11T16:05:03Z,iop0,67510952,359091584
2026-08-11T16:05:13Z,iop0,70366640,359094016
2026-08-11T16:05:23Z,iop0,72366648,359102080
2026-08-11T16:05:33Z,iop0,69650876,359095040
2026-08-11T16:05:43Z,iop0,62857140,359094784
2026-08-11T16:05:53Z,iop0,65394632,359094912
2026-08-11T16:06:03Z,iop0,65493796,359094912
2026-08-11T16:06:13Z,iop0,65830888,359080576
2026-08-11T16:06:23Z,iop0,65876444,359080576
2026-08-11T16:06:33Z,iop0,65889448,359080576
2026-08-11T16:06:43Z,iop0,68686836,359024896
2026-08-11T16:06:53Z,iop0,69198836,359025024
2026-08-11T16:07:03Z,iop0,69213116,359025024
2026-08-11T16:07:13Z,iop0,71942684,359025152
2026-08-11T16:07:23Z,iop0,72005000,359025024
2026-08-11T16:07:33Z,iop0,72051012,359025024
2026-08-11T16:07:43Z,iop0,72132152,359025024
2026-08-11T16:07:53Z,iop0,71864892,359001856
2026-08-11T16:08:03Z,iop0,71955888,359001856
2026-08-11T16:08:13Z,iop0,72023100,359001856
2026-08-11T16:08:23Z,iop0,72092620,359001856
2026-08-11T16:08:33Z,iop0,72121324,358991872
2026-08-11T16:08:43Z,iop0,72115348,358991616
2026-08-11T16:08:53Z,iop0,72181904,358981248
2026-08-11T16:09:03Z,iop0,73064440,359021312
2026-08-11T16:09:13Z,iop0,73119332,359021312
2026-08-11T16:09:23Z,iop0,73006504,359021312
2026-08-11T16:09:33Z,iop0,85499016,359021056
2026-08-11T16:09:43Z,iop0,85752760,359021056
2026-08-11T16:09:53Z,iop0,85142788,358840320
2026-08-11T16:10:03Z,iop0,85400724,358493696
2026-08-11T16:10:13Z,iop0,82993092,358483840
2026-08-11T16:10:23Z,iop0,77813156,358484992
2026-08-11T16:10:33Z,iop0,73775948,358484992
2026-08-11T16:10:43Z,iop0,72886272,358493824
2026-08-11T16:10:53Z,iop0,72440020,358478208
2026-08-11T16:11:03Z,iop0,70926620,358488960
2026-08-11T16:11:13Z,iop0,70381584,358499584
2026-08-11T16:11:23Z,iop0,69043932,358502016
2026-08-11T16:11:33Z,iop0,69272872,358507904
2026-08-11T16:11:43Z,iop0,71230284,358511488
2026-08-11T16:11:53Z,iop0,69626792,358512896
2026-08-11T16:12:03Z,iop0,69206020,358501504
2026-08-11T16:12:13Z,iop0,68425996,358501760
2026-08-11T16:12:23Z,iop0,69519956,358488448
2026-08-11T16:12:33Z,iop0,68458916,358500992
2026-08-11T16:12:43Z,iop0,69943044,358479232
2026-08-11T16:12:53Z,iop0,70210672,358483840
2026-08-11T16:13:03Z,iop0,71523800,358456192
2026-08-11T16:13:13Z,iop0,71335540,358464128
2026-08-11T16:13:23Z,iop0,71072188,358477312
2026-08-11T16:13:33Z,iop0,71347872,358474112
2026-08-11T16:13:43Z,iop0,71302136,358495616
2026-08-11T16:13:53Z,iop0,71316800,358465792
2026-08-11T16:14:03Z,iop0,71285476,358465920
2026-08-11T16:14:13Z,iop0,71335600,358438784
2026-08-11T16:14:23Z,iop0,69768468,358450560
2026-08-11T16:14:33Z,iop0,70995016,358480384
2026-08-11T16:14:43Z,iop0,71284388,358461184
2026-08-11T16:14:53Z,iop0,71471076,358482304
2026-08-11T16:15:03Z,iop0,68783008,358489856
2026-08-11T16:15:13Z,iop0,68577724,358454016
2026-08-11T16:15:23Z,iop0,69594348,358457344
2026-08-11T16:15:33Z,iop0,69614468,358447744
2026-08-11T16:15:43Z,iop0,71393504,358470016
2026-08-11T16:15:53Z,iop0,71275944,358448640
2026-08-11T16:16:03Z,iop0,68065784,358459904
2026-08-11T16:16:13Z,iop0,68117708,358459904
2026-08-11T16:16:23Z,iop0,66123324,358511488
2026-08-11T16:16:33Z,iop0,65735500,358511104
2026-08-11T16:16:43Z,iop0,64135400,358510976
2026-08-11T16:16:53Z,iop0,67283284,358505856
2026-08-11T16:17:03Z,iop0,66068632,358494976
2026-08-11T16:17:13Z,iop0,62872060,358495360
2026-08-11T16:17:23Z,iop0,63195488,358495360
2026-08-11T16:17:33Z,iop0,64244980,358494464
2026-08-11T16:17:43Z,iop0,63713588,358475776
2026-08-11T16:17:53Z,iop0,66656704,358474368
2026-08-11T16:18:03Z,iop0,66717992,358474240
2026-08-11T16:18:13Z,iop0,67276864,358469632
2026-08-11T16:18:23Z,iop0,71077176,358463232
2026-08-11T16:18:33Z,iop0,71167124,358463232
2026-08-11T16:18:43Z,iop0,71230424,358463232
2026-08-11T16:18:53Z,iop0,71284960,358463232
2026-08-11T16:19:03Z,iop0,71285456,358463232
2026-08-11T16:19:13Z,iop0,71301240,358463232
2026-08-11T16:19:23Z,iop0,70598884,358464256
2026-08-11T16:19:33Z,iop0,70667560,358464256
2026-08-11T16:19:43Z,iop0,70743368,358464128
2026-08-11T16:19:53Z,iop0,70831008,358464128
2026-08-11T16:20:03Z,iop0,70679452,358465408
2026-08-11T16:20:13Z,iop0,70750364,358465408
2026-08-11T16:20:23Z,iop0,71648316,358465920
2026-08-11T16:20:33Z,iop0,71762308,358524800
2026-08-11T16:20:43Z,iop0,71848160,358524928
2026-08-11T16:20:53Z,iop0,71846268,358524928
2026-08-11T16:21:03Z,iop0,84300864,358524544
2026-08-11T16:21:13Z,iop0,83958784,358524288
2026-08-11T16:21:23Z,iop0,82297372,358524288
2026-08-11T16:21:33Z,iop0,75717116,358524160
2026-08-11T16:21:43Z,iop0,71529876,358523904
2026-08-11T16:21:53Z,iop0,70562788,358521472
2026-08-11T16:22:03Z,iop0,71511944,358533888
2026-08-11T16:22:13Z,iop0,70704352,358515584
2026-08-11T16:22:23Z,iop0,68131292,358512512
2026-08-11T16:22:33Z,iop0,69673128,358529792
2026-08-11T16:22:43Z,iop0,70807068,358539008
2026-08-11T16:22:53Z,iop0,67890900,358530560
2026-08-11T16:23:03Z,iop0,66142080,358537216
2026-08-11T16:23:13Z,iop0,63458520,358520192
2026-08-11T16:23:23Z,iop0,66012012,358525184
2026-08-11T16:23:33Z,iop0,70544848,358506496
2026-08-11T16:23:43Z,iop0,70596764,358508288
2026-08-11T16:23:54Z,iop0,69387560,358515200
2026-08-11T16:24:04Z,iop0,70409692,358510592
2026-08-11T16:24:14Z,iop0,70484088,358513024
2026-08-11T16:24:24Z,iop0,70417380,358527616
2026-08-11T16:24:34Z,iop0,70500636,358520576
2026-08-11T16:24:44Z,iop0,70536604,358526080
2026-08-11T16:24:54Z,iop0,70114280,358536320
2026-08-11T16:25:04Z,iop0,69904208,358526080
2026-08-11T16:25:14Z,iop0,70094608,358497024
2026-08-11T16:25:24Z,iop0,70341380,358492672
2026-08-11T16:25:34Z,iop0,70580220,358513024
2026-08-11T16:25:44Z,iop0,70650512,358511744
2026-08-11T16:25:54Z,iop0,70774008,358509696
2026-08-11T16:26:04Z,iop0,70737752,358528512
2026-08-11T16:26:14Z,iop0,70592216,358516224
2026-08-11T16:26:24Z,iop0,70725232,358531456
2026-08-11T16:26:34Z,iop0,70421376,358540672
2026-08-11T16:26:44Z,iop0,70442404,358553984
2026-08-11T16:26:54Z,iop0,70420716,358562432
2026-08-11T16:27:04Z,iop0,70488512,358555520
2026-08-11T16:27:14Z,iop0,68179112,358523520
2026-08-11T16:27:24Z,iop0,68225796,358547712
2026-08-11T16:27:34Z,iop0,67555228,358543232
2026-08-11T16:27:44Z,iop0,68255896,358543232
2026-08-11T16:27:54Z,iop0,66788836,358534528
2026-08-11T16:28:04Z,iop0,68654072,358534272
2026-08-11T16:28:14Z,iop0,70250620,358523520
2026-08-11T16:28:24Z,iop0,70573676,358522880
2026-08-11T16:28:34Z,iop0,70039336,358522624
2026-08-11T16:28:44Z,iop0,65942444,358522496
2026-08-11T16:28:54Z,iop0,62440584,358520576
2026-08-11T16:29:04Z,iop0,60308604,358503808
2026-08-11T16:29:14Z,iop0,58022644,358520192
2026-08-11T16:29:24Z,iop0,60487072,358520576
2026-08-11T16:29:34Z,iop0,63667536,358521088
2026-08-11T16:29:44Z,iop0,63599132,358520192
2026-08-11T16:29:54Z,iop0,63677032,358520192
2026-08-11T16:30:04Z,iop0,67519080,358520064
2026-08-11T16:30:14Z,iop0,67545216,358520064
2026-08-11T16:30:24Z,iop0,69930412,358520064
2026-08-11T16:30:34Z,iop0,69939196,358520064
2026-08-11T16:30:44Z,iop0,69956816,358520064
2026-08-11T16:30:54Z,iop0,69882496,358519424
2026-08-11T16:31:04Z,iop0,69902448,358519424
2026-08-11T16:31:14Z,iop0,69956648,358519424
2026-08-11T16:31:24Z,iop0,69971472,358519552
2026-08-11T16:31:34Z,iop0,69796532,358495488
2026-08-11T16:31:44Z,iop0,69808444,358495360
2026-08-11T16:31:54Z,iop0,70901656,358546560
2026-08-11T16:32:04Z,iop0,70897272,358546560
2026-08-11T16:32:14Z,iop0,70921752,358546432
2026-08-11T16:32:24Z,iop0,70943228,358546432
2026-08-11T16:32:34Z,iop0,84030956,358546176
2026-08-11T16:32:44Z,iop0,84694824,358546176
2026-08-11T16:32:54Z,iop0,83610656,358546176
2026-08-11T16:33:04Z,iop0,77387720,358544512
2026-08-11T16:33:14Z,iop0,71931956,358536064
2026-08-11T16:33:24Z,iop0,72480752,358532224
2026-08-11T16:33:34Z,iop0,72241296,358546304
2026-08-11T16:33:44Z,iop0,70687344,358547712
2026-08-11T16:33:54Z,iop0,70366548,358543744
2026-08-11T16:34:04Z,iop0,68591368,358530432
2026-08-11T16:34:14Z,iop0,67763088,358482048
2026-08-11T16:34:24Z,iop0,67463136,358516608
2026-08-11T16:34:34Z,iop0,69850968,358525312
2026-08-11T16:34:44Z,iop0,71585468,358512256
2026-08-11T16:34:54Z,iop0,71739532,358497792
2026-08-11T16:35:04Z,iop0,71756512,358501888
2026-08-11T16:35:14Z,iop0,69964076,358510208
2026-08-11T16:35:24Z,iop0,70081168,358519168
2026-08-11T16:35:34Z,iop0,71743648,358522496
2026-08-11T16:35:44Z,iop0,71800200,358551296
2026-08-11T16:35:54Z,iop0,72003116,358551296
2026-08-11T16:36:04Z,iop0,71666384,358535040
2026-08-11T16:36:14Z,iop0,71419672,358552960
2026-08-11T16:36:24Z,iop0,71480980,358553600
2026-08-11T16:36:34Z,iop0,71606684,358546304
2026-08-11T16:36:44Z,iop0,71671660,358553728
2026-08-11T16:36:54Z,iop0,71659740,358544768
2026-08-11T16:37:04Z,iop0,71851420,358543872
2026-08-11T16:37:14Z,iop0,71836696,358550528
2026-08-11T16:37:24Z,iop0,71878172,358554752
2026-08-11T16:37:34Z,iop0,71673716,358557184
2026-08-11T16:37:44Z,iop0,71887732,358552832
2026-08-11T16:37:54Z,iop0,68031028,358539392
2026-08-11T16:38:04Z,iop0,67422220,358510080
2026-08-11T16:38:14Z,iop0,71827400,358522112
2026-08-11T16:38:24Z,iop0,71804984,358503552
2026-08-11T16:38:34Z,iop0,71901032,358533248
2026-08-11T16:38:44Z,iop0,71876120,358558336
2026-08-11T16:38:54Z,iop0,69276324,358561408
2026-08-11T16:39:04Z,iop0,67508312,358578560
2026-08-11T16:39:14Z,iop0,64855288,358586240
2026-08-11T16:39:24Z,iop0,69201712,358576896
2026-08-11T16:39:34Z,iop0,68614352,358582528
2026-08-11T16:39:44Z,iop0,65790184,358557952
2026-08-11T16:39:54Z,iop0,66563460,358557824
2026-08-11T16:40:04Z,iop0,67791300,358546688
2026-08-11T16:40:14Z,iop0,64390056,358547072
2026-08-11T16:40:24Z,iop0,64770496,358534656
2026-08-11T16:40:34Z,iop0,64204768,358525696
2026-08-11T16:40:44Z,iop0,64429048,358526080
2026-08-11T16:40:54Z,iop0,64473040,358526080
2026-08-11T16:41:04Z,iop0,67126836,358524928
2026-08-11T16:41:14Z,iop0,67156068,358525056
2026-08-11T16:41:24Z,iop0,67169560,358525056
2026-08-11T16:41:34Z,iop0,71309852,358511616
2026-08-11T16:41:44Z,iop0,71316992,358511616
2026-08-11T16:41:54Z,iop0,71620340,358504320
2026-08-11T16:42:04Z,iop0,71700172,358504320
2026-08-11T16:42:14Z,iop0,71741820,358504320
2026-08-11T16:42:24Z,iop0,71767688,358504320
2026-08-11T16:42:34Z,iop0,71763648,358504320
2026-08-11T16:42:44Z,iop0,72614408,358482944
2026-08-11T16:42:54Z,iop0,72646216,358482944
2026-08-11T16:43:04Z,iop0,71402764,358508800
2026-08-11T16:43:14Z,iop0,72225744,358522112
2026-08-11T16:43:24Z,iop0,72202824,358522240
2026-08-11T16:43:34Z,iop0,72228360,358522112
2026-08-11T16:43:44Z,iop0,84943608,358521856
2026-08-11T16:43:54Z,iop0,83878200,358521856
2026-08-11T16:44:04Z,iop0,82096560,358480256
2026-08-11T16:44:14Z,iop0,85326736,357985664
2026-08-11T16:44:24Z,iop0,82632372,357979264
2026-08-11T16:44:34Z,iop0,76605744,357979392
2026-08-11T16:44:44Z,iop0,71638896,357979392
2026-08-11T16:44:54Z,iop0,70664996,357988096
2026-08-11T16:45:04Z,iop0,68787924,357972480
2026-08-11T16:45:14Z,iop0,69835336,357986944
2026-08-11T16:45:24Z,iop0,69804676,358006912
2026-08-11T16:45:34Z,iop0,69621044,357970944
2026-08-11T16:45:44Z,iop0,68317956,357998720
2026-08-11T16:45:54Z,iop0,66544756,357995392
2026-08-11T16:46:04Z,iop0,67042948,357977984
2026-08-11T16:46:14Z,iop0,69813888,357994624
2026-08-11T16:46:24Z,iop0,69634900,357992576
2026-08-11T16:46:34Z,iop0,69956048,357994624
2026-08-11T16:46:44Z,iop0,69619248,357973632
2026-08-11T16:46:54Z,iop0,68710600,357966464
2026-08-11T16:47:04Z,iop0,69725560,358017152
2026-08-11T16:47:14Z,iop0,69702496,358003456
2026-08-11T16:47:24Z,iop0,69777592,357963648
2026-08-11T16:47:34Z,iop0,69658032,357985536
2026-08-11T16:47:44Z,iop0,69539320,357982848
2026-08-11T16:47:54Z,iop0,69060296,357992064
2026-08-11T16:48:04Z,iop0,69073660,357986944
2026-08-11T16:48:14Z,iop0,69344440,357991296
2026-08-11T16:48:24Z,iop0,69714360,357991936
2026-08-11T16:48:34Z,iop0,70061032,357992960
2026-08-11T16:48:44Z,iop0,69810220,357985792
2026-08-11T16:48:54Z,iop0,69706496,357974912
2026-08-11T16:49:04Z,iop0,69422884,357974912
2026-08-11T16:49:14Z,iop0,69706588,357976960
2026-08-11T16:49:24Z,iop0,69166048,357967872
2026-08-11T16:49:34Z,iop0,69679284,357983744
2026-08-11T16:49:44Z,iop0,69680612,357991680
2026-08-11T16:49:54Z,iop0,67526852,358011520
2026-08-11T16:50:04Z,iop0,67706616,358033920
2026-08-11T16:50:15Z,iop0,62674868,358033664
2026-08-11T16:50:25Z,iop0,64739752,358032768
2026-08-11T16:50:35Z,iop0,66523980,358032128
2026-08-11T16:50:45Z,iop0,66148268,358033024
2026-08-11T16:50:55Z,iop0,65633216,357998464
2026-08-11T16:51:05Z,iop0,67243028,358016384
2026-08-11T16:51:15Z,iop0,67277260,358016384
2026-08-11T16:51:25Z,iop0,63945224,357986048
2026-08-11T16:51:35Z,iop0,59401384,358009344
2026-08-11T16:51:45Z,iop0,61862248,357996544
2026-08-11T16:51:55Z,iop0,61205724,357989632
2026-08-11T16:52:05Z,iop0,62635524,357989760
2026-08-11T16:52:15Z,iop0,62674696,357989760
2026-08-11T16:52:25Z,iop0,63995708,357988736
2026-08-11T16:52:35Z,iop0,67316996,357989248
2026-08-11T16:52:45Z,iop0,67067968,357988480
2026-08-11T16:52:55Z,iop0,67076404,357988480
2026-08-11T16:53:05Z,iop0,67083988,357988480
2026-08-11T16:53:15Z,iop0,70015860,357963136
2026-08-11T16:53:25Z,iop0,68882732,357960704
2026-08-11T16:53:35Z,iop0,68980676,357960704
2026-08-11T16:53:45Z,iop0,69061868,357960832
2026-08-11T16:53:55Z,iop0,69062536,357957120
2026-08-11T16:54:05Z,iop0,69108172,357957120
2026-08-11T16:54:15Z,iop0,69597564,357959168
2026-08-11T16:54:25Z,iop0,70143428,357964928
2026-08-11T16:54:35Z,iop0,70145896,357964928
2026-08-11T16:54:45Z,iop0,70138428,357964928
2026-08-11T16:54:55Z,iop0,82931332,357965056
2026-08-11T16:55:05Z,iop0,84686696,357964544
2026-08-11T16:55:15Z,iop0,83291504,357964672
2026-08-11T16:55:25Z,iop0,77966880,357964160
2026-08-11T16:55:35Z,iop0,73318676,357964288
2026-08-11T16:55:45Z,iop0,72244580,357966848
2026-08-11T16:55:55Z,iop0,71370736,357980544
2026-08-11T16:56:05Z,iop0,71554212,357974400
2026-08-11T16:56:15Z,iop0,70074556,357963392
2026-08-11T16:56:25Z,iop0,71683772,357970304
2026-08-11T16:56:35Z,iop0,65655020,357987072
2026-08-11T16:56:45Z,iop0,67376076,357987200
2026-08-11T16:56:55Z,iop0,67113512,357985024
2026-08-11T16:57:05Z,iop0,67676980,357984640
2026-08-11T16:57:15Z,iop0,69448480,357966592
2026-08-11T16:57:25Z,iop0,69502440,357924864
2026-08-11T16:57:35Z,iop0,71587316,357926400
2026-08-11T16:57:45Z,iop0,70257928,357936896
2026-08-11T16:57:55Z,iop0,71062484,357946368
2026-08-11T16:58:05Z,iop0,71327440,357951744
2026-08-11T16:58:15Z,iop0,71407608,357965312
2026-08-11T16:58:25Z,iop0,71517984,357955712
2026-08-11T16:58:35Z,iop0,71539848,357971712
2026-08-11T16:58:45Z,iop0,71527592,357968768
2026-08-11T16:58:55Z,iop0,71279284,357957504
2026-08-11T16:59:05Z,iop0,71346940,357954944
2026-08-11T16:59:15Z,iop0,71274168,357945472
2026-08-11T16:59:25Z,iop0,71303800,357950080
2026-08-11T16:59:35Z,iop0,71159956,357944960
2026-08-11T16:59:45Z,iop0,71179104,357944832
2026-08-11T16:59:55Z,iop0,71171316,357947008
2026-08-11T17:00:05Z,iop0,71222936,357963648
2026-08-11T17:00:15Z,iop0,71476008,357953792
2026-08-11T17:00:25Z,iop0,71178116,357948672
2026-08-11T17:00:35Z,iop0,71371948,357945088
2026-08-11T17:00:45Z,iop0,71430928,357944064
2026-08-11T17:00:55Z,iop0,71415296,357944192
2026-08-11T17:01:05Z,iop0,71366324,357943552
2026-08-11T17:01:15Z,iop0,71456764,357931776
2026-08-11T17:01:25Z,iop0,71550736,357954048
2026-08-11T17:01:35Z,iop0,71473152,357954304
2026-08-11T17:01:45Z,iop0,67249896,357966720
2026-08-11T17:01:55Z,iop0,67895404,357967744
2026-08-11T17:02:05Z,iop0,67514800,357967744
2026-08-11T17:02:15Z,iop0,65002892,357967616
2026-08-11T17:02:25Z,iop0,64574872,357967488
2026-08-11T17:02:35Z,iop0,62673392,357967360
2026-08-11T17:02:45Z,iop0,65142456,357967232
2026-08-11T17:02:55Z,iop0,61780400,357966848
2026-08-11T17:03:05Z,iop0,61793344,357966848
2026-08-11T17:03:15Z,iop0,64495048,357966336
2026-08-11T17:03:25Z,iop0,64711280,357966464
2026-08-11T17:03:35Z,iop0,64943788,357966592
2026-08-11T17:03:45Z,iop0,66961332,357966592
2026-08-11T17:03:55Z,iop0,70921048,357966592
2026-08-11T17:04:05Z,iop0,70948900,357966208
2026-08-11T17:04:15Z,iop0,70965100,357966208
2026-08-11T17:04:25Z,iop0,70805488,357965696
2026-08-11T17:04:35Z,iop0,70821264,357965696
2026-08-11T17:04:45Z,iop0,70823428,357965696
2026-08-11T17:04:55Z,iop0,70821356,357965696
2026-08-11T17:05:05Z,iop0,70769904,357954816
2026-08-11T17:05:15Z,iop0,70833572,357954816
2026-08-11T17:05:25Z,iop0,71403440,357957120
2026-08-11T17:05:35Z,iop0,71627408,357995520
2026-08-11T17:05:45Z,iop0,71815516,357995520
2026-08-11T17:05:55Z,iop0,71864796,357995520
2026-08-11T17:06:05Z,iop0,84752500,357995392
2026-08-11T17:06:15Z,iop0,84919448,357995136
2026-08-11T17:06:25Z,iop0,85385344,357995136
2026-08-11T17:06:35Z,iop0,82647240,357995264
2026-08-11T17:06:45Z,iop0,76300396,357995648
2026-08-11T17:06:55Z,iop0,72338036,357996544
2026-08-11T17:07:05Z,iop0,72478740,357985024
2026-08-11T17:07:15Z,iop0,72170720,357990016
2026-08-11T17:07:25Z,iop0,72360968,357989504
2026-08-11T17:07:35Z,iop0,70092496,357989504
2026-08-11T17:07:45Z,iop0,71123644,357991552
2026-08-11T17:07:55Z,iop0,70689528,357981568
2026-08-11T17:08:05Z,iop0,69447848,357989504
2026-08-11T17:08:15Z,iop0,67248784,357995648
2026-08-11T17:08:25Z,iop0,69377596,357995392
2026-08-11T17:08:35Z,iop0,70844176,357988224
2026-08-11T17:08:45Z,iop0,72578324,357991552
2026-08-11T17:08:55Z,iop0,72596132,357978496
2026-08-11T17:09:05Z,iop0,72653052,357970560
2026-08-11T17:09:15Z,iop0,72496212,357995520
2026-08-11T17:09:25Z,iop0,72508932,358009472
2026-08-11T17:09:35Z,iop0,72544696,358007808
2026-08-11T17:09:45Z,iop0,72715420,357997440
2026-08-11T17:09:55Z,iop0,72285608,358000000
2026-08-11T17:10:05Z,iop0,72334216,357988992
2026-08-11T17:10:15Z,iop0,72562688,357999360
2026-08-11T17:10:25Z,iop0,72803532,357997952
2026-08-11T17:10:35Z,iop0,72571364,358001920
2026-08-11T17:10:45Z,iop0,71240408,358002816
2026-08-11T17:10:55Z,iop0,72629428,357989248
2026-08-11T17:11:05Z,iop0,72750144,357979904
2026-08-11T17:11:15Z,iop0,71309556,357983232
2026-08-11T17:11:25Z,iop0,72357992,357986432
2026-08-11T17:11:35Z,iop0,72518772,357986048
2026-08-11T17:11:45Z,iop0,72757060,357983872
2026-08-11T17:11:55Z,iop0,72846136,357976704
2026-08-11T17:12:05Z,iop0,70422608,357976320
2026-08-11T17:12:15Z,iop0,69836396,357973632
2026-08-11T17:12:25Z,iop0,71600148,357961088
2026-08-11T17:12:35Z,iop0,70801208,357968000
2026-08-11T17:12:45Z,iop0,70808596,357969408
2026-08-11T17:12:55Z,iop0,68449032,357998848
2026-08-11T17:13:05Z,iop0,69943596,357998080
2026-08-11T17:13:15Z,iop0,70194484,357998592
2026-08-11T17:13:25Z,iop0,71764592,357996544
2026-08-11T17:13:35Z,iop0,72171616,357995136
2026-08-11T17:13:45Z,iop0,72737980,357998080
2026-08-11T17:13:55Z,iop0,67229940,357997696
2026-08-11T17:14:05Z,iop0,63787132,357996416
2026-08-11T17:14:15Z,iop0,65887808,357994240
2026-08-11T17:14:25Z,iop0,68668872,357994880
2026-08-11T17:14:35Z,iop0,68086456,357961600
2026-08-11T17:14:45Z,iop0,64420888,357945088
2026-08-11T17:14:55Z,iop0,65216128,357993728
2026-08-11T17:15:05Z,iop0,65282580,357993728
2026-08-11T17:15:15Z,iop0,69724312,357994368
2026-08-11T17:15:25Z,iop0,69708404,357993472
2026-08-11T17:15:35Z,iop0,69299296,357995904
2026-08-11T17:15:45Z,iop0,69962576,357995008
2026-08-11T17:15:55Z,iop0,71856528,357994496
2026-08-11T17:16:05Z,iop0,71930752,357994496
2026-08-11T17:16:15Z,iop0,72040672,357994624
2026-08-11T17:16:25Z,iop0,72068784,357994496
2026-08-11T17:16:35Z,iop0,71934792,357994368
2026-08-11T17:16:45Z,iop0,71995060,357994368
2026-08-11T17:16:55Z,iop0,72021352,357994368
2026-08-11T17:17:05Z,iop0,72016672,357994368
2026-08-11T17:17:15Z,iop0,71748456,357995392
2026-08-11T17:17:25Z,iop0,71844948,357995264
2026-08-11T17:17:35Z,iop0,72530812,357935872
2026-08-11T17:17:45Z,iop0,73119624,357986432
2026-08-11T17:17:55Z,iop0,73133572,357986432
2026-08-11T17:18:06Z,iop0,73026168,357986560
2026-08-11T17:18:16Z,iop0,85095796,357986304
2026-08-11T17:18:26Z,iop0,85052180,357986304
2026-08-11T17:18:36Z,iop0,84299720,357277440
2026-08-11T17:18:46Z,iop0,96837392,450197120
2026-08-11T17:18:56Z,iop0,93067080,446575488
2026-08-11T17:19:06Z,iop0,93432856,444254336
2026-08-11T17:19:16Z,iop0,92676844,443070208
2026-08-11T17:19:26Z,iop0,93015692,441079680
2026-08-11T17:19:36Z,iop0,93570708,439822848
2026-08-11T17:19:46Z,iop0,95827636,438406912
2026-08-11T17:19:56Z,iop0,95977992,438066048
2026-08-11T17:20:06Z,iop0,96159712,438065920
2026-08-11T17:20:16Z,iop0,96482712,438063104
2026-08-11T17:20:26Z,iop0,96750660,438058496
2026-08-11T17:20:36Z,iop0,96873736,438054016
2026-08-11T17:20:46Z,iop0,106328196,438112512
2026-08-11T17:20:56Z,iop0,114327412,457352832
